Frame	Time	handball_6 X	Y	Z	Roll	Pitch	Yaw	Residual	Rot[0]	Rot[1]	Rot[2]	Rot[3]	Rot[4]	Rot[5]	Rot[6]	Rot[7]	Rot[8]	
2032	6.77000	366.14582	92.95205	1280.33016	-17.87557	-44.57097	178.72214	2.41910	-0.71220	-0.19414	-0.67459	-0.01589	-0.95629	0.29198	-0.70179	0.21867	0.67799	
2033	6.77333	366.37788	92.65783	1279.84439	-17.99501	-44.52364	178.61684	2.43032	-0.71275	-0.19360	-0.67417	-0.01721	-0.95604	0.29275	-0.70120	0.22026	0.67809	
2034	6.77667	366.60932	92.34153	1279.38599	-18.10869	-44.47410	178.52995	2.42995	-0.71333	-0.19330	-0.67364	-0.01831	-0.95574	0.29364	-0.70059	0.22179	0.67822	
2035	6.78000	366.82709	92.07038	1278.92615	-18.25986	-44.41435	178.41469	2.41926	-0.71402	-0.19292	-0.67302	-0.01976	-0.95535	0.29482	-0.69984	0.22381	0.67833	
2036	6.78333	367.03577	91.78725	1278.46807	-18.44279	-44.37160	178.30127	2.43848	-0.71451	-0.19301	-0.67248	-0.02119	-0.95478	0.29655	-0.69931	0.22614	0.67811	
2037	6.78667	367.21939	91.53670	1278.00137	-18.61344	-44.31291	178.18944	2.42873	-0.71518	-0.19292	-0.67179	-0.02261	-0.95427	0.29811	-0.69858	0.22839	0.67811	
2038	6.79000	367.41227	91.29847	1277.52566	-18.85729	-44.25351	178.03136	2.42095	-0.71584	-0.19291	-0.67109	-0.02461	-0.95352	0.30034	-0.69783	0.23150	0.67782	
2039	6.79333	367.67154	90.99265	1277.03132	-19.11551	-44.23561	177.89487	2.40296	-0.71599	-0.19359	-0.67073	-0.02632	-0.95261	0.30304	-0.69761	0.23463	0.67697	
2040	6.79667	367.92802	90.69112	1276.54585	-19.41733	-44.21704	177.73291	2.38073	-0.71614	-0.19435	-0.67035	-0.02835	-0.95156	0.30617	-0.69738	0.23827	0.67594	
2041	6.80000	368.19314	90.40520	1276.08384	-19.74563	-44.19918	177.55832	2.35584	-0.71627	-0.19522	-0.66996	-0.03054	-0.95038	0.30958	-0.69715	0.24221	0.67477	
2042	6.80333	368.38745	90.16290	1275.61346	-20.09975	-44.17264	177.33865	2.35323	-0.71647	-0.19560	-0.66963	-0.03330	-0.94920	0.31290	-0.69682	0.24648	0.67356	
2043	6.80667	368.56417	89.93854	1275.09172	-20.49040	-44.20859	177.10130	2.36427	-0.71589	-0.19640	-0.67002	-0.03625	-0.94788	0.31657	-0.69727	0.25092	0.67145	
2044	6.81000	368.79076	89.69256	1274.59846	-20.88273	-44.23569	176.85324	2.35209	-0.71540	-0.19701	-0.67037	-0.03933	-0.94655	0.32014	-0.69761	0.25539	0.66941	
2045	6.81333	369.06330	89.47792	1274.07563	-21.32383	-44.30062	176.55669	2.33450	-0.71439	-0.19757	-0.67128	-0.04298	-0.94511	0.32391	-0.69842	0.26025	0.66669	
2046	6.81667	369.33105	89.23383	1273.52677	-21.78350	-44.40551	176.25046	2.33562	-0.71288	-0.19839	-0.67264	-0.04672	-0.94359	0.32781	-0.69973	0.26512	0.66339	
2047	6.82000	369.62520	89.04436	1273.01958	-22.25887	-44.50293	175.90793	2.31796	-0.71140	-0.19879	-0.67409	-0.05089	-0.94207	0.33153	-0.70095	0.27016	0.66007	
2048	6.82333	369.90035	88.91056	1272.54474	-22.76700	-44.59514	175.53059	2.32123	-0.70992	-0.19902	-0.67558	-0.05549	-0.94045	0.33536	-0.70209	0.27557	0.65660	
2049	6.82667	370.08482	88.72663	1272.01262	-23.25051	-44.72684	175.19415	2.30941	-0.70797	-0.19985	-0.67738	-0.05952	-0.93883	0.33919	-0.70373	0.28046	0.65277	
2050	6.83000	370.32619	88.59726	1271.47295	-23.73310	-44.82224	174.82635	2.29997	-0.70641	-0.20001	-0.67896	-0.06396	-0.93728	0.34265	-0.70491	0.28548	0.64931	
2051	6.83333	370.61255	88.43767	1270.92709	-24.23290	-44.97389	174.45409	2.26095	-0.70412	-0.20061	-0.68116	-0.06837	-0.93565	0.34624	-0.70678	0.29036	0.64509	
2052	6.83667	370.89820	88.33881	1270.34063	-24.74818	-45.10171	174.05858	2.25555	-0.70206	-0.20094	-0.68318	-0.07306	-0.93397	0.34979	-0.70836	0.29549	0.64102	
2053	6.84000	371.19472	88.24501	1269.80803	-25.24573	-45.19820	173.65962	2.22285	-0.70035	-0.20089	-0.68495	-0.07782	-0.93237	0.35302	-0.70955	0.30054	0.63735	
2054	6.84333	371.44409	88.17530	1269.21725	-25.73908	-45.32917	173.29732	2.22412	-0.69823	-0.20159	-0.68691	-0.08206	-0.93067	0.35654	-0.71116	0.30531	0.63328	
2055	6.84667	371.66730	88.14478	1268.60296	-26.23780	-45.42049	172.89742	2.20987	-0.69651	-0.20157	-0.68865	-0.08679	-0.92902	0.35971	-0.71228	0.31031	0.62958	
2056	6.85000	371.93140	88.11205	1267.92907	-26.71505	-45.57151	172.52393	2.20115	-0.69407	-0.20209	-0.69096	-0.09108	-0.92743	0.36273	-0.71412	0.31470	0.62529	
2057	6.85333	372.27629	88.14186	1267.21169	-27.17567	-45.67269	172.12775	2.20891	-0.69217	-0.20179	-0.69295	-0.09571	-0.92598	0.36525	-0.71536	0.31914	0.62162	
2058	6.85667	372.65145	88.15697	1266.51453	-27.64712	-45.76393	171.73775	2.16044	-0.69038	-0.20171	-0.69476	-0.10025	-0.92440	0.36800	-0.71647	0.32371	0.61796	
2059	6.86000	373.00098	88.26285	1265.73846	-28.17050	-45.87170	171.29250	2.14562	-0.68824	-0.20150	-0.69694	-0.10541	-0.92269	0.37086	-0.71778	0.32871	0.61379	
2060	6.86333	373.35396	88.37527	1264.95433	-28.67497	-45.95509	170.86148	2.07774	-0.68640	-0.20119	-0.69884	-0.11042	-0.92100	0.37359	-0.71880	0.33360	0.60996	
2061	6.86667	373.70467	88.47572	1264.07345	-29.19401	-46.04425	170.44571	2.05012	-0.68447	-0.20136	-0.70068	-0.11521	-0.91915	0.37669	-0.71988	0.33856	0.60593	
2062	6.87000	374.15891	88.60951	1263.19835	-29.69613	-46.06567	170.05231	1.97940	-0.68340	-0.20133	-0.70173	-0.11986	-0.91723	0.37989	-0.72014	0.34373	0.60271	
2063	6.87333	374.63775	88.73667	1262.20183	-30.21906	-46.13460	169.68141	1.96838	-0.68176	-0.20222	-0.70307	-0.12413	-0.91513	0.38358	-0.72097	0.34878	0.59880	
2064	6.87667	375.18802	88.85677	1261.17369	-30.68859	-46.20738	169.36894	1.94448	-0.68017	-0.20344	-0.70426	-0.12767	-0.91316	0.38709	-0.72185	0.35320	0.59513	
2065	6.88000	375.71760	89.00229	1260.08424	-31.15746	-46.24328	169.07692	1.93958	-0.67907	-0.20478	-0.70494	-0.13105	-0.91106	0.39090	-0.72228	0.35783	0.59183	
2066	6.88333	376.29706	89.15326	1259.01686	-31.63959	-46.26803	168.78671	1.94083	-0.67809	-0.20625	-0.70545	-0.13443	-0.90882	0.39493	-0.72258	0.36263	0.58854	
2067	6.88667	376.85823	89.34156	1257.81984	-32.06372	-46.26432	168.55354	1.89310	-0.67758	-0.20776	-0.70549	-0.13720	-0.90672	0.39879	-0.72254	0.36700	0.58588	
2068	6.89000	377.55187	89.52892	1256.64839	-32.49973	-46.28689	168.33429	1.90854	-0.67677	-0.20980	-0.70566	-0.13973	-0.90450	0.40293	-0.72281	0.37130	0.58283	
2069	6.89333	378.30366	89.71353	1255.32126	-32.85040	-46.26349	168.19403	1.89120	-0.67672	-0.21176	-0.70513	-0.14145	-0.90251	0.40678	-0.72253	0.37502	0.58079	
2070	6.89667	379.09785	89.88839	1254.04155	-33.22804	-46.28590	168.04234	1.87804	-0.67606	-0.21417	-0.70503	-0.14318	-0.90041	0.41081	-0.72280	0.37868	0.57807	
2071	6.90000	379.88191	90.07820	1252.71954	-33.59890	-46.28881	167.90924	1.87246	-0.67569	-0.21666	-0.70462	-0.14474	-0.89824	0.41499	-0.72283	0.38240	0.57558	
2072	6.90333	380.54878	90.63171	1251.28985	-33.65871	-46.28381	168.02821	2.06510	-0.67606	-0.21922	-0.70348	-0.14335	-0.89734	0.41740	-0.72277	0.38303	0.57523	
2073	6.90667	381.33354	90.80194	1249.95706	-34.03472	-46.24429	167.90715	2.03054	-0.67624	-0.22168	-0.70254	-0.14488	-0.89500	0.42188	-0.72230	0.38708	0.57312	
2074	6.91000	382.13402	91.01952	1248.51037	-34.34774	-46.22136	167.84126	2.04427	-0.67635	-0.22434	-0.70158	-0.14572	-0.89291	0.42600	-0.72202	0.39037	0.57123	
2075	6.91333	383.03732	91.22886	1247.06842	-34.59195	-46.20453	167.84192	2.07255	-0.67656	-0.22723	-0.70045	-0.14576	-0.89106	0.42985	-0.72181	0.39292	0.56974	
2076	6.91667	383.95548	91.42851	1245.60228	-34.89201	-46.19774	167.80988	2.07910	-0.67656	-0.23035	-0.69943	-0.14616	-0.88891	0.43413	-0.72173	0.39594	0.56774	
2077	6.92000	384.88897	91.60457	1244.08854	-35.15401	-46.19503	167.80753	2.07940	-0.67659	-0.23349	-0.69836	-0.14619	-0.88693	0.43817	-0.72170	0.39856	0.56595	
2078	6.92333	385.78327	91.73396	1242.56214	-35.38221	-46.20462	167.82831	2.09450	-0.67653	-0.23666	-0.69736	-0.14592	-0.88510	0.44193	-0.72182	0.40074	0.56426	
2079	6.92667	386.72807	91.84128	1240.96650	-35.63428	-46.25293	167.84845	2.12310	-0.67598	-0.24036	-0.69661	-0.14555	-0.88314	0.44597	-0.72240	0.40286	0.56200	
2080	6.93000	387.71667	91.96464	1239.32176	-35.88964	-46.33967	167.84966	2.11401	-0.67492	-0.24408	-0.69636	-0.14531	-0.88126	0.44973	-0.72345	0.40472	0.55931	
2081	6.93333	388.75616	92.05905	1237.65688	-36.14798	-46.40653	167.85385	2.10557	-0.67410	-0.24775	-0.69585	-0.14508	-0.87931	0.45362	-0.72425	0.40674	0.55680	
2082	6.93667	389.76816	92.14585	1235.95377	-36.42620	-46.48414	167.85884	2.12267	-0.67315	-0.25174	-0.69533	-0.14482	-0.87719	0.45778	-0.72518	0.40886	0.55403	
2083	6.94000	390.78931	92.23432	1234.22002	-36.68105	-46.57312	167.85759	2.12589	-0.67205	-0.25544	-0.69505	-0.14460	-0.87529	0.46148	-0.72625	0.41064	0.55130	
2084	6.94333	391.75678	92.37262	1232.49259	-36.95709	-46.64164	167.81075	2.13375	-0.67108	-0.25855	-0.69484	-0.14496	-0.87337	0.46499	-0.72707	0.41277	0.54862	
2085	6.94667	392.82756	92.28629	1230.76000	-37.35323	-46.69689	167.64851	2.05918	-0.66998	-0.26128	-0.69488	-0.14671	-0.87096	0.46894	-0.72774	0.41613	0.54520	
2086	6.95000	393.91926	92.33381	1228.96430	-37.67456	-46.74356	167.49121	2.06979	-0.66900	-0.26312	-0.69513	-0.14842	-0.86911	0.47182	-0.72829	0.41882	0.54238	
2087	6.95333	395.05809	92.58245	1227.04086	-37.75454	-46.82087	167.56966	2.22650	-0.66824	-0.26583	-0.69483	-0.14729	-0.86821	0.47382	-0.72922	0.41897	0.54102	
2088	6.95667	396.29703	92.59491	1225.15371	-38.15359	-46.88698	167.41049	2.24262	-0.66701	-0.26874	-0.69490	-0.14897	-0.86575	0.47780	-0.73001	0.42221	0.53743	
2089	6.96000	397.58242	92.52469	1223.32259	-38.53381	-46.91529	167.25993	2.28533	-0.66626	-0.27128	-0.69462	-0.15064	-0.86332	0.48165	-0.73034	0.42554	0.53433	
2090	6.96333	398.86659	92.35627	1221.39822	-38.97092	-46.96606	167.05934	2.32386	-0.66510	-0.27393	-0.69470	-0.15282	-0.86067	0.48569	-0.73095	0.42920	0.53057	
2091	6.96667	400.26049	92.13320	1219.45142	-39.50128	-47.01273	166.79655	2.34954	-0.66381	-0.27676	-0.69481	-0.15574	-0.85749	0.49036	-0.73151	0.43371	0.52611	
2092	6.97000	402.00583	91.56477	1217.32747	-40.39679	-47.04087	166.29362	2.49621	-0.66207	-0.28033	-0.69504	-0.16147	-0.85227	0.49756	-0.73184	0.44165	0.51900	
2093	6.97333	403.17913	91.45909	1215.53598	-41.00977	-47.20026	165.98590	2.25905	-0.65922	-0.28440	-0.69610	-0.16453	-0.84873	0.50258	-0.73373	0.44584	0.51270	
2094	6.97667	404.95420	90.87307	1213.38306	-41.73604	-47.44136	165.62057	2.36554	-0.65516	-0.28967	-0.69776	-0.16796	-0.84462	0.50834	-0.73659	0.45024	0.50470	
2095	6.98000	406.54702	90.37839	1211.25811	-42.71879	-47.56889	165.09418	2.30920	-0.65200	-0.29489	-0.69853	-0.17355	-0.83877	0.51608	-0.73809	0.45772	0.49570	
2096	6.98333	407.99421	89.92432	1208.26136	-44.70795	-48.11210	164.04820	2.35951	-0.64197	-0.30823	-0.70205	-0.18350	-0.82727	0.53100	-0.74445	0.46971	0.47452	
2097	6.98667	409.74083	89.25154	1206.06404	-45.77800	-48.28177	163.48766	2.39570	-0.63802	-0.31463	-0.70280	-0.18914	-0.82071	0.53913	-0.74643	0.47690	0.46412	
2098	6.99000	411.59047	88.49088	1203.84394	-46.84727	-48.43768	162.88644	2.36723	-0.63406	-0.32043	-0.70377	-0.19523	-0.81429	0.54664	-0.74823	0.48400	0.45375	
2099	6.99333	413.63567	87.68394	1201.57420	-48.04700	-48.56256	162.25731	2.32691	-0.63032	-0.32729	-0.70397	-0.20168	-0.80663	0.55559	-0.74968	0.49218	0.44243	
2100	6.99667	415.70608	86.80663	1199.40597	-49.25736	-48.66068	161.56300	2.28414	-0.62661	-0.33324	-0.70449	-0.20890	-0.79907	0.56378	-0.75081	0.50044	0.43109	
2101	7.00000	417.75682	85.92955	1197.12088	-50.35193	-48.79347	160.99313	2.22819	-0.62286	-0.33989	-0.70464	-0.21455	-0.79194	0.57166	-0.75234	0.50724	0.42034	
2102	7.00333	419.96113	84.89535	1194.97090	-51.58256	-48.86990	160.23698	2.21301	-0.61903	-0.34528	-0.70540	-0.22241	-0.78433	0.57910	-0.75322	0.51537	0.40873	
2103	7.00667	422.23429	83.79173	1192.83639	-52.76266	-48.97859	159.56331	2.18107	-0.61503	-0.35156	-0.70579	-0.22918	-0.77676	0.58661	-0.75446	0.52254	0.39716	
2104	7.01000	424.66471	82.59725	1190.67973	-53.99893	-49.04110	158.75911	2.17029	-0.61099	-0.35649	-0.70683	-0.23749	-0.76921	0.59323	-0.75518	0.53032	0.38531	
2105	7.01333	427.21420	81.34529	1188.57727	-55.20075	-49.04733	157.95874	2.14169	-0.60753	-0.36068	-0.70768	-0.24597	-0.76173	0.59939	-0.75525	0.53822	0.37406	
2106	7.01667	429.82809	80.02765	1186.56309	-56.41952	-49.01193	157.15787	2.11706	-0.60446	-0.36484	-0.70818	-0.25462	-0.75385	0.60570	-0.75485	0.54644	0.36278	
2107	7.02000	432.48903	78.58864	1184.54354	-57.58201	-49.02791	156.38751	2.13254	-0.60079	-0.36927	-0.70900	-0.26264	-0.74650	0.61135	-0.75503	0.55351	0.35151	
2108	7.02333	435.22181	77.09229	1182.61909	-58.75562	-49.02470	155.60229	2.10512	-0.59718	-0.37359	-0.70979	-0.27086	-0.73900	0.61685	-0.75499	0.56063	0.34012	
2109	7.02667	437.94218	75.66482	1180.71624	-59.76493	-48.92874	154.88893	2.11559	-0.59490	-0.37609	-0.71039	-0.27881	-0.73237	0.62121	-0.75389	0.56762	0.33083	
2110	7.03000	440.81308	74.03997	1178.85345	-60.80658	-48.86989	154.17441	2.10632	-0.59208	-0.37939	-0.71099	-0.28655	-0.72549	0.62574	-0.75322	0.57422	0.32083	
2111	7.03333	443.79260	72.33830	1177.04570	-61.91452	-48.79133	153.41151	2.09413	-0.58913	-0.38282	-0.71160	-0.29487	-0.71807	0.63042	-0.75232	0.58123	0.31016	
2112	7.03667	446.81739	70.63369	1175.31653	-62.96017	-48.62133	152.69093	2.06001	-0.58736	-0.38528	-0.71174	-0.30328	-0.71057	0.63492	-0.75036	0.58878	0.30051	
2113	7.04000	449.87613	68.83943	1173.55920	-63.85856	-48.55754	152.06255	2.10405	-0.58473	-0.38810	-0.71237	-0.31009	-0.70452	0.63835	-0.74962	0.59416	0.29161	
2114	7.04333	452.93428	67.08596	1171.90519	-64.73978	-48.47625	151.52835	2.04670	-0.58275	-0.39177	-0.71198	-0.31603	-0.69790	0.64269	-0.74868	0.59954	0.28289	
2115	7.04667	456.10396	65.14176	1170.26828	-65.65363	-48.32483	150.91354	2.06468	-0.58105	-0.39427	-0.71199	-0.32323	-0.69107	0.64648	-0.74693	0.60578	0.27411	
2116	7.05000	459.33174	63.14773	1168.61162	-66.45117	-48.16708	150.37891	2.06909	-0.57980	-0.39630	-0.71188	-0.32965	-0.68492	0.64978	-0.74509	0.61142	0.26647	
2117	7.05333	462.45331	61.13572	1166.91978	-67.00436	-47.87642	150.07494	2.19205	-0.58131	-0.39685	-0.71035	-0.33461	-0.67918	0.65326	-0.74170	0.61743	0.26203	
2118	7.05667	465.87185	58.91777	1165.42262	-67.84592	-47.68497	149.57990	2.19379	-0.58053	-0.39964	-0.70942	-0.34087	-0.67196	0.65748	-0.73945	0.62351	0.25387	
2119	7.06000	469.37458	56.64014	1164.00580	-68.79647	-47.45761	149.02135	2.12810	-0.57969	-0.40275	-0.70834	-0.34802	-0.66365	0.66216	-0.73678	0.63036	0.24455	
2120	7.06333	472.88133	54.27489	1162.54413	-69.67839	-47.24947	148.52150	2.11397	-0.57891	-0.40593	-0.70717	-0.35446	-0.65576	0.66659	-0.73432	0.63656	0.23574	
2121	7.06667	476.42723	51.93447	1161.15380	-70.51798	-47.09742	148.12675	2.10665	-0.57811	-0.41034	-0.70527	-0.35947	-0.64788	0.67160	-0.73251	0.64178	0.22704	
2122	7.07000	479.90558	48.81183	1160.08630	-70.77399	-47.13258	148.21385	2.04564	-0.57827	-0.41480	-0.70252	-0.35835	-0.64445	0.67548	-0.73293	0.64236	0.22402	
2123	7.07333	483.68439	46.27945	1158.80776	-71.60520	-46.77669	147.77275	1.98965	-0.57934	-0.41665	-0.70055	-0.36521	-0.63569	0.68009	-0.72869	0.64985	0.21611	
2124	7.07667	487.47728	43.67597	1157.59599	-72.46665	-46.39787	147.40007	1.95719	-0.58099	-0.41941	-0.69753	-0.37156	-0.62582	0.68578	-0.72415	0.65761	0.20776	
2125	7.08000	491.20527	40.92995	1156.36944	-73.30984	-46.02273	147.05414	1.97525	-0.58271	-0.42226	-0.69437	-0.37763	-0.61588	0.69143	-0.71962	0.66512	0.19942	
2126	7.08333	494.98986	38.04868	1155.25419	-74.16752	-45.65441	146.73885	1.95455	-0.58448	-0.42566	-0.69079	-0.38336	-0.60547	0.69745	-0.71514	0.67247	0.19070	
2127	7.08667	498.87743	35.09059	1154.22868	-75.00650	-45.28600	146.42291	1.97958	-0.58617	-0.42882	-0.68740	-0.38911	-0.59518	0.70310	-0.71063	0.67962	0.18202	
2128	7.09000	502.85294	32.09144	1153.43266	-75.81017	-44.83530	146.17058	1.93993	-0.58908	-0.43136	-0.68331	-0.39479	-0.58419	0.70913	-0.70507	0.68750	0.17383	
2129	7.09333	506.78296	29.05293	1152.64464	-76.67077	-44.34839	145.88301	1.91172	-0.59203	-0.43381	-0.67920	-0.40109	-0.57238	0.71520	-0.69902	0.69584	0.16486	
2130	7.09667	510.82819	25.99926	1152.05934	-77.52637	-43.85825	145.63358	1.85119	-0.59519	-0.43651	-0.67469	-0.40702	-0.56017	0.72148	-0.69288	0.70404	0.15574	
2131	7.10000	514.88570	22.71152	1151.49705	-78.50307	-43.43115	145.26674	1.83867	-0.59680	-0.44008	-0.67093	-0.41376	-0.54764	0.72725	-0.68748	0.71163	0.14474	
2132	7.10333	518.93947	19.57638	1151.00424	-79.35275	-42.99160	145.00919	1.83439	-0.59924	-0.44307	-0.66679	-0.41945	-0.53566	0.73289	-0.68189	0.71886	0.13514	
2133	7.10667	523.04326	16.34735	1150.65407	-80.25066	-42.50459	144.63591	1.84947	-0.60120	-0.44502	-0.66371	-0.42668	-0.52349	0.73749	-0.67565	0.72658	0.12484	
2134	7.11000	527.16611	12.96215	1150.42863	-81.13656	-41.99813	144.26776	1.83066	-0.60327	-0.44668	-0.66071	-0.43401	-0.51117	0.74185	-0.66911	0.73429	0.11451	
2135	7.11333	531.36774	9.65971	1150.34591	-81.97425	-41.59570	143.93857	1.82949	-0.60455	-0.44922	-0.65781	-0.44022	-0.49983	0.74591	-0.66387	0.74052	0.10441	
2136	7.11667	535.62544	6.09911	1150.40904	-82.90970	-41.13228	143.48236	1.83796	-0.60532	-0.45116	-0.65577	-0.44820	-0.48764	0.74921	-0.65780	0.74743	0.09297	
2137	7.12000	539.85536	2.55782	1150.64950	-83.80811	-40.71304	143.04907	1.82508	-0.60574	-0.45338	-0.65385	-0.45565	-0.47601	0.75220	-0.65227	0.75356	0.08176	
2138	7.12333	544.07171	-1.03477	1151.08861	-84.71457	-40.28820	142.60033	1.82649	-0.60598	-0.45556	-0.65211	-0.46330	-0.46426	0.75486	-0.64663	0.75956	0.07027	
2139	7.12667	548.29273	-4.53022	1151.68040	-85.60581	-39.80280	142.12384	1.83589	-0.60641	-0.45677	-0.65087	-0.47167	-0.45235	0.75691	-0.64015	0.76599	0.05886	
2140	7.13000	552.54625	-8.02298	1152.50455	-86.51884	-39.40340	141.65370	1.83359	-0.60601	-0.45925	-0.64950	-0.47939	-0.44072	0.75892	-0.63478	0.77127	0.04692	
2141	7.13333	556.86033	-11.64219	1153.51076	-87.46264	-38.92665	141.14310	1.85263	-0.60580	-0.46103	-0.64842	-0.48807	-0.42828	0.76050	-0.62832	0.77719	0.03444	
2142	7.13667	561.16740	-15.27984	1154.66961	-88.48049	-38.48876	140.58464	1.85407	-0.60471	-0.46381	-0.64746	-0.49698	-0.41551	0.76181	-0.62236	0.78246	0.02076	
2143	7.14000	565.36046	-18.82422	1156.01571	-89.26714	-37.95234	140.11026	1.83827	-0.60502	-0.46364	-0.64730	-0.50569	-0.40419	0.76217	-0.61501	0.78846	0.01009	
2144	7.14333	569.56388	-22.47369	1157.57818	-90.17845	-37.43354	139.54100	1.81215	-0.60418	-0.46451	-0.64746	-0.51527	-0.39206	0.76210	-0.60784	0.79406	-0.00247	
2145	7.14667	574.11385	-26.44263	1159.57150	-91.31776	-36.94437	138.64890	2.26735	-0.59995	-0.46626	-0.65012	-0.52802	-0.37972	0.75961	-0.60104	0.79901	-0.01838	
2146	7.15000	578.17396	-29.88317	1161.65490	-92.07311	-36.35204	138.28708	2.04306	-0.60121	-0.46626	-0.64896	-0.53591	-0.36715	0.76027	-0.59274	0.80486	-0.02913	
2147	7.15333	582.26901	-33.56185	1164.03847	-92.93661	-35.65459	137.75529	1.98252	-0.60151	-0.46538	-0.64931	-0.54627	-0.35344	0.75938	-0.58290	0.81148	-0.04163	
2148	7.15667	586.52307	-37.09967	1166.69116	-93.83012	-35.06475	137.32353	2.08022	-0.60176	-0.46671	-0.64813	-0.55483	-0.33945	0.75956	-0.57450	0.81668	-0.05467	
2149	7.16000	590.61526	-40.61349	1169.52460	-94.59752	-34.43114	136.87695	2.02548	-0.60202	-0.46615	-0.64829	-0.56381	-0.32675	0.75852	-0.56542	0.82215	-0.06611	
2150	7.16333	594.57663	-44.21326	1172.68787	-95.37100	-33.73399	136.37186	2.04483	-0.60196	-0.46479	-0.64932	-0.57380	-0.31373	0.75652	-0.55534	0.82797	-0.07784	
2151	7.16667	598.52099	-47.74838	1176.06798	-96.13560	-33.06569	135.85306	2.05615	-0.60134	-0.46370	-0.65067	-0.58370	-0.30114	0.75406	-0.54560	0.83325	-0.08957	
2152	7.17000	602.60852	-51.10626	1179.62143	-96.80923	-32.46138	135.38788	2.01367	-0.60065	-0.46266	-0.65205	-0.59257	-0.28989	0.75155	-0.53673	0.83780	-0.10004	
2153	7.17333	606.47769	-54.61723	1183.49314	-97.54035	-31.74703	134.79782	2.04248	-0.59918	-0.46065	-0.65481	-0.60343	-0.27768	0.74751	-0.52617	0.84303	-0.11159	
2154	7.17667	610.40846	-57.96924	1187.60616	-98.18147	-31.13080	134.27164	2.02173	-0.59753	-0.45912	-0.65739	-0.61292	-0.26708	0.74364	-0.51699	0.84728	-0.12181	
2155	7.18000	614.16360	-61.30855	1191.94259	-98.77166	-30.45239	133.71974	2.03143	-0.59579	-0.45640	-0.66086	-0.62303	-0.25662	0.73891	-0.50682	0.85197	-0.13146	
2156	7.18333	617.83533	-64.54369	1196.55878	-99.30406	-29.73967	133.19833	2.04244	-0.59437	-0.45296	-0.66450	-0.63297	-0.24619	0.73399	-0.49606	0.85687	-0.14038	
2157	7.18667	621.37294	-67.75490	1201.38099	-99.79321	-29.06916	132.62685	2.07057	-0.59191	-0.44939	-0.66909	-0.64310	-0.23709	0.72816	-0.48587	0.86130	-0.14867	
2158	7.19000	624.86489	-70.87390	1206.49544	-100.25712	-28.38739	132.06364	2.07212	-0.58940	-0.44562	-0.67382	-0.65313	-0.22802	0.72210	-0.47543	0.86569	-0.15665	
2159	7.19333	628.30965	-73.87686	1211.78956	-100.61549	-27.72072	131.48811	2.04640	-0.58643	-0.44088	-0.67951	-0.66312	-0.22045	0.71532	-0.46516	0.87008	-0.16307	
2160	7.19667	631.62760	-76.78313	1217.35175	-100.93681	-27.05883	130.91487	2.00288	-0.58325	-0.43590	-0.68543	-0.67297	-0.21326	0.70826	-0.45491	0.87437	-0.16896	
2161	7.20000	634.80354	-79.56743	1223.13980	-101.22810	-26.35127	130.33669	2.00104	-0.58002	-0.43023	-0.69172	-0.68305	-0.20583	0.70077	-0.44387	0.87894	-0.17448	
2162	7.20333	637.73122	-82.07782	1229.07553	-101.42222	-25.49074	129.74213	1.86899	-0.57710	-0.42197	-0.69921	-0.69408	-0.19775	0.69221	-0.43037	0.88478	-0.17876	
2163	7.20667	640.63166	-84.79578	1235.32699	-101.63318	-24.84939	129.15463	1.87994	-0.57296	-0.41626	-0.70601	-0.70365	-0.19185	0.68416	-0.42023	0.88878	-0.18298	
2164	7.21000	643.48795	-87.39259	1241.77099	-101.75935	-24.22064	128.56593	1.87241	-0.56854	-0.40974	-0.71336	-0.71306	-0.18699	0.67570	-0.41025	0.89283	-0.18586	
2165	7.21333	646.34765	-89.99466	1248.51202	-101.87183	-23.65106	128.02092	1.92016	-0.56421	-0.40388	-0.72010	-0.72162	-0.18256	0.66779	-0.40117	0.89641	-0.18844	
2166	7.21667	648.95938	-92.31619	1255.44775	-101.95430	-23.00854	127.42336	1.92218	-0.55936	-0.39688	-0.72774	-0.73099	-0.17781	0.65882	-0.39087	0.90049	-0.19065	
2167	7.22000	651.47617	-94.74091	1262.52705	-101.95328	-22.40782	126.85326	1.88138	-0.55448	-0.38940	-0.73547	-0.73976	-0.17419	0.64994	-0.38120	0.90445	-0.19148	
2168	7.22333	653.76029	-97.02036	1269.81510	-101.95644	-21.81552	126.20554	1.89863	-0.54838	-0.38191	-0.74392	-0.74912	-0.17098	0.63999	-0.37162	0.90824	-0.19233	
2169	7.22667	656.02534	-99.22946	1277.36166	-101.91489	-21.20997	125.60671	1.91311	-0.54278	-0.37396	-0.75203	-0.75796	-0.16760	0.63040	-0.36179	0.91218	-0.19247	
2170	7.23000	658.12309	-101.37449	1285.03464	-101.84982	-20.60979	125.00079	1.91898	-0.53688	-0.36581	-0.76023	-0.76672	-0.16441	0.62057	-0.35200	0.91605	-0.19220	
2171	7.23333	660.13884	-103.45205	1292.92819	-101.76174	-20.04405	124.36793	1.90490	-0.53031	-0.35767	-0.76866	-0.77543	-0.16190	0.61032	-0.34274	0.91970	-0.19150	
2172	7.23667	661.95703	-105.44327	1300.95002	-101.59829	-19.44970	123.70077	1.90076	-0.52319	-0.34824	-0.77781	-0.78447	-0.15981	0.59922	-0.33298	0.92368	-0.18958	
2173	7.24000	663.59969	-107.30584	1309.23979	-101.45217	-18.83648	123.05742	1.92019	-0.51627	-0.33902	-0.78647	-0.79324	-0.15691	0.58835	-0.32287	0.92760	-0.18792	
2174	7.24333	665.07869	-109.27074	1317.62208	-101.25048	-18.28215	122.37280	1.91736	-0.50840	-0.32951	-0.79558	-0.80195	-0.15539	0.57683	-0.31370	0.93128	-0.18525	
2175	7.24667	666.37597	-111.09066	1326.22468	-101.07265	-17.71680	121.66231	1.91561	-0.50002	-0.32023	-0.80463	-0.81079	-0.15338	0.56489	-0.30431	0.93484	-0.18294	
2176	7.25000	667.51077	-112.91153	1334.99948	-100.86440	-17.12831	120.94095	1.91028	-0.49135	-0.31037	-0.81378	-0.81966	-0.15116	0.55255	-0.29451	0.93852	-0.18013	
2177	7.25333	668.58679	-114.65367	1343.86772	-100.60357	-16.61463	120.17493	1.88128	-0.48166	-0.30035	-0.82329	-0.82840	-0.15047	0.53954	-0.28593	0.94189	-0.17633	
2178	7.25667	669.45405	-116.34365	1352.88530	-100.34615	-16.04932	119.44061	1.88790	-0.47236	-0.29008	-0.83230	-0.83692	-0.14857	0.52677	-0.27646	0.94540	-0.17259	
2179	7.26000	670.16334	-118.02202	1362.02515	-100.05643	-15.52744	118.68041	1.88340	-0.46241	-0.27970	-0.84140	-0.84529	-0.14744	0.51356	-0.26770	0.94870	-0.16824	
2180	7.26333	670.75085	-119.67536	1371.17312	-99.66182	-15.01093	117.93806	1.86062	-0.45253	-0.26790	-0.85056	-0.85331	-0.14694	0.50027	-0.25900	0.95218	-0.16211	
2181	7.26667	671.08867	-121.23556	1380.52739	-99.35069	-14.51023	117.11839	1.87095	-0.44129	-0.25731	-0.85968	-0.86168	-0.14598	0.48601	-0.25055	0.95524	-0.15729	
2182	7.27000	671.28156	-122.72984	1389.91568	-98.97364	-14.00768	116.27713	1.85294	-0.42955	-0.24571	-0.86897	-0.87000	-0.14533	0.47115	-0.24205	0.95839	-0.15134	
2183	7.27333	671.30914	-124.17352	1399.45555	-98.61065	-13.54179	115.42896	1.85393	-0.41745	-0.23462	-0.87789	-0.87801	-0.14480	0.45621	-0.23415	0.96124	-0.14556	
2184	7.27667	671.03876	-125.51461	1408.98041	-98.22956	-13.02766	114.49108	1.85644	-0.40388	-0.22275	-0.88728	-0.88660	-0.14369	0.43965	-0.22542	0.96423	-0.13946	
2185	7.28000	670.69299	-126.80712	1418.47000	-97.77907	-12.56958	113.57584	1.81048	-0.39038	-0.21030	-0.89632	-0.89456	-0.14349	0.42328	-0.21763	0.96705	-0.13211	
2186	7.28333	670.08140	-127.98013	1428.13932	-97.36625	-12.12569	112.66730	1.83059	-0.37678	-0.19859	-0.90476	-0.90217	-0.14282	0.40705	-0.21006	0.96962	-0.12535	
2187	7.28667	669.36554	-129.24342	1437.71079	-96.99891	-11.75954	111.64122	1.78882	-0.36105	-0.18786	-0.91343	-0.91000	-0.14309	0.38913	-0.20380	0.97172	-0.11929	
2188	7.29000	668.55286	-130.39864	1447.36264	-96.55579	-11.41238	110.70902	1.80455	-0.34663	-0.17631	-0.92128	-0.91689	-0.14350	0.37244	-0.19787	0.97382	-0.11191	
2189	7.29333	667.53205	-131.48761	1457.04606	-96.16080	-11.09128	109.69899	1.86211	-0.33078	-0.16551	-0.92908	-0.92389	-0.14389	0.35457	-0.19237	0.97565	-0.10531	
2190	7.29667	666.32980	-132.50099	1466.75020	-95.76332	-10.82137	108.67192	1.93786	-0.31446	-0.15494	-0.93654	-0.93052	-0.14482	0.33639	-0.18775	0.97725	-0.09863	
2191	7.30000	665.21613	-133.63580	1476.14894	-95.27691	-10.56463	107.77732	1.82762	-0.30014	-0.14332	-0.94307	-0.93611	-0.14577	0.32008	-0.18334	0.97888	-0.09041	
2192	7.30333	663.98397	-134.67180	1485.48101	-94.96996	-10.02029	106.80934	1.91425	-0.28478	-0.13306	-0.94931	-0.94267	-0.14088	0.30253	-0.17400	0.98104	-0.08531	
2193	7.30667	661.99150	-135.36228	1494.63850	-94.35237	-9.79521	105.94266	1.94161	-0.27067	-0.11957	-0.95522	-0.94752	-0.14227	0.28630	-0.17013	0.98258	-0.07478	
2194	7.31000	660.22761	-136.17322	1503.96747	-93.90005	-9.73654	105.00623	2.01847	-0.25519	-0.10938	-0.96068	-0.95198	-0.14536	0.26943	-0.16912	0.98331	-0.06704	
2195	7.31333	658.39645	-136.97672	1513.13595	-93.46330	-9.59923	104.12362	2.06505	-0.24060	-0.09920	-0.96554	-0.95619	-0.14668	0.25334	-0.16676	0.98420	-0.05956	
2196	7.31667	656.74295	-137.02121	1522.91871	-92.58543	-9.09181	103.49020	2.42632	-0.23035	-0.08069	-0.96976	-0.96019	-0.14298	0.23997	-0.15802	0.98643	-0.04454	
2197	7.32000	654.74456	-137.78997	1531.75837	-92.23580	-8.96369	102.57330	2.32235	-0.21503	-0.07197	-0.97395	-0.96410	-0.14346	0.22346	-0.15581	0.98704	-0.03854	
2198	7.32333	652.41874	-138.58340	1540.80904	-91.81859	-8.92793	101.54514	2.28049	-0.19772	-0.06214	-0.97829	-0.96790	-0.14562	0.20486	-0.15519	0.98739	-0.03135	
2199	7.32667	650.27159	-139.11440	1549.45553	-91.52139	-8.76988	100.66804	2.27715	-0.18295	-0.05431	-0.98162	-0.97123	-0.14486	0.18903	-0.15247	0.98796	-0.02624	
2200	7.33000	648.15849	-139.59560	1557.89026	-91.22906	-8.70098	99.83195	2.27830	-0.16879	-0.04696	-0.98453	-0.97397	-0.14536	0.17392	-0.15128	0.98826	-0.02120	
2201	7.33333	645.92182	-140.05419	1566.18435	-90.94774	-8.63423	99.00217	2.25919	-0.15470	-0.03982	-0.98716	-0.97649	-0.14567	0.15890	-0.15013	0.98853	-0.01635	
2202	7.33667	643.85894	-140.86513	1574.40843	-90.91883	-8.69268	98.07145	2.22705	-0.13880	-0.03709	-0.98963	-0.97872	-0.14737	0.14279	-0.15113	0.98839	-0.01585	
2203	7.34000	641.40707	-141.02257	1582.36570	-90.61546	-8.51038	97.37885	2.20765	-0.12702	-0.02966	-0.99146	-0.98080	-0.14538	0.13000	-0.14799	0.98893	-0.01062	
2204	7.34333	638.83095	-141.32396	1589.96998	-90.48712	-8.40807	96.64252	2.12344	-0.11443	-0.02536	-0.99311	-0.98261	-0.14425	0.11690	-0.14622	0.98922	-0.00841	
2205	7.34667	636.38107	-141.62250	1597.64958	-90.28860	-8.29871	95.92537	2.15393	-0.10215	-0.01991	-0.99457	-0.98424	-0.14304	0.10395	-0.14433	0.98952	-0.00498	
2206	7.35000	633.94417	-141.82592	1605.16518	-90.13767	-8.17441	95.20582	2.15392	-0.08981	-0.01529	-0.99584	-0.98576	-0.14138	0.09107	-0.14219	0.98984	-0.00238	
2207	7.35333	631.71415	-142.03697	1612.62993	-90.07422	-8.06584	94.55342	2.29516	-0.07860	-0.01243	-0.99683	-0.98698	-0.13977	0.07957	-0.14031	0.99011	-0.00128	
2208	7.35667	629.40784	-142.12901	1619.76137	-89.98531	-7.94015	93.89626	2.25670	-0.06730	-0.00913	-0.99769	-0.98812	-0.13784	0.06791	-0.13814	0.99041	0.00025	
2209	7.36000	627.05912	-142.17815	1626.71595	-89.90611	-7.79455	93.23627	2.24809	-0.05593	-0.00602	-0.99842	-0.98918	-0.13550	0.05623	-0.13562	0.99076	0.00162	
2210	7.36333	624.66999	-142.18630	1633.59075	-89.82713	-7.61256	92.63461	2.25131	-0.04556	-0.00308	-0.99896	-0.99014	-0.13247	0.04557	-0.13247	0.99118	0.00299	
2211	7.36667	622.26189	-142.17017	1640.22542	-89.77890	-7.48047	91.98248	2.25874	-0.03430	-0.00065	-0.99941	-0.99090	-0.13024	0.03409	-0.13019	0.99148	0.00383	
2212	7.37000	619.92836	-142.13281	1646.67946	-89.68599	-7.36750	91.39962	2.21139	-0.02422	0.00235	-0.99970	-0.99145	-0.12833	0.02372	-0.12823	0.99173	0.00544	
2213	7.37333	617.57157	-141.97409	1653.02104	-89.62457	-7.23445	90.78697	2.24144	-0.01363	0.00482	-0.99990	-0.99195	-0.12601	0.01291	-0.12593	0.99202	0.00650	
2214	7.37667	615.30989	-141.81801	1659.15591	-89.55691	-7.12412	90.21877	2.23205	-0.00379	0.00726	-0.99997	-0.99227	-0.12404	0.00286	-0.12402	0.99225	0.00767	
2215	7.38000	613.05284	-141.63989	1665.10603	-89.54481	-7.00044	89.65203	2.21312	0.00603	0.00868	-0.99994	-0.99253	-0.12182	-0.00704	-0.12188	0.99251	0.00789	
2216	7.38333	610.76983	-141.41343	1670.88502	-89.52129	-6.85481	89.09269	2.21811	0.01572	0.01024	-0.99982	-0.99273	-0.11920	-0.01683	-0.11935	0.99282	0.00830	
2217	7.38667	608.54072	-141.14847	1676.51488	-89.56925	-6.74510	88.55437	2.20483	0.02505	0.01048	-0.99963	-0.99276	-0.11722	-0.02611	-0.11745	0.99305	0.00747	
2218	7.39000	606.35050	-140.79342	1681.91152	-89.61094	-6.61855	88.04771	2.21752	0.03384	0.01071	-0.99937	-0.99276	-0.11496	-0.03485	-0.11526	0.99331	0.00675	
2219	7.39333	604.22674	-140.41129	1687.17286	-89.69723	-6.50405	87.55944	2.21271	0.04231	0.01010	-0.99905	-0.99266	-0.11294	-0.04318	-0.11327	0.99355	0.00525	
2220	7.39667	602.15487	-140.00017	1692.21731	-89.77321	-6.37312	87.08831	2.22720	0.05048	0.00959	-0.99868	-0.99254	-0.11066	-0.05124	-0.11100	0.99381	0.00393	
2221	7.40000	600.07564	-139.54136	1697.08945	-89.87488	-6.23793	86.68438	2.21559	0.05749	0.00846	-0.99831	-0.99242	-0.10835	-0.05807	-0.10866	0.99408	0.00217	
2222	7.40333	598.00296	-139.03746	1701.76140	-90.01418	-6.08067	86.29060	2.21729	0.06433	0.00661	-0.99791	-0.99229	-0.10572	-0.06467	-0.10593	0.99437	-0.00025	
2223	7.40667	595.96852	-138.55777	1706.26452	-90.17158	-5.93716	85.91747	2.21272	0.07081	0.00438	-0.99748	-0.99211	-0.10339	-0.07088	-0.10344	0.99463	-0.00298	
2224	7.41000	593.97299	-138.02923	1710.62097	-90.34222	-5.79328	85.59732	2.20542	0.07637	0.00179	-0.99708	-0.99196	-0.10110	-0.07616	-0.10094	0.99487	-0.00594	
2225	7.41333	592.03441	-137.50392	1714.77049	-90.53853	-5.64513	85.28394	2.21861	0.08182	-0.00128	-0.99665	-0.99178	-0.09880	-0.08129	-0.09837	0.99511	-0.00935	
2226	7.41667	590.09206	-136.92789	1718.76379	-90.71127	-5.48276	85.01226	2.23278	0.08654	-0.00406	-0.99624	-0.99166	-0.09626	-0.08575	-0.09555	0.99535	-0.01236	
2227	7.42000	588.19455	-136.35222	1722.63789	-90.89008	-5.29712	84.75220	2.24270	0.09107	-0.00703	-0.99582	-0.99156	-0.09334	-0.09002	-0.09232	0.99561	-0.01547	
2228	7.42333	586.30170	-135.81670	1726.35177	-91.07443	-5.10283	84.51213	2.21066	0.09526	-0.01016	-0.99540	-0.99147	-0.09031	-0.09396	-0.08894	0.99586	-0.01868	
2229	7.42667	584.44845	-135.25571	1729.95076	-91.26543	-4.89852	84.26831	2.20749	0.09951	-0.01345	-0.99495	-0.99137	-0.08715	-0.09797	-0.08539	0.99610	-0.02200	
2230	7.43000	582.64773	-134.68809	1733.42537	-91.43929	-4.69182	84.03966	2.21325	0.10349	-0.01649	-0.99449	-0.99126	-0.08394	-0.10176	-0.08180	0.99633	-0.02503	
2231	7.43333	580.90030	-134.09604	1736.78001	-91.63358	-4.49245	83.80981	2.19560	0.10750	-0.01990	-0.99401	-0.99112	-0.08091	-0.10557	-0.07833	0.99652	-0.02842	
2232	7.43667	579.17806	-133.47594	1740.00548	-91.81342	-4.27680	83.59294	2.21469	0.11128	-0.02313	-0.99352	-0.99099	-0.07760	-0.10919	-0.07458	0.99672	-0.03156	
2233	7.44000	577.47764	-132.89714	1743.10152	-92.00994	-4.05835	83.35873	2.20673	0.11536	-0.02666	-0.99297	-0.99080	-0.07431	-0.11312	-0.07077	0.99688	-0.03498	
2234	7.44333	575.66516	-132.38767	1746.14697	-92.24897	-3.78531	83.18580	2.09822	0.11839	-0.03114	-0.99248	-0.99077	-0.07016	-0.11599	-0.06602	0.99705	-0.03916	
2235	7.44667	574.01275	-131.87588	1749.08164	-92.43295	-3.59552	82.93453	2.07974	0.12276	-0.03442	-0.99184	-0.99045	-0.06740	-0.12025	-0.06271	0.99713	-0.04237	
2236	7.45000	572.34150	-131.32252	1751.89717	-92.66174	-3.37018	82.72422	2.04535	0.12643	-0.03863	-0.99122	-0.99023	-0.06413	-0.12380	-0.05879	0.99719	-0.04636	
2237	7.45333	570.81407	-130.74420	1754.56522	-92.84040	-3.15728	82.51820	2.06528	0.13001	-0.04197	-0.99062	-0.98998	-0.06099	-0.12735	-0.05508	0.99726	-0.04948	
2238	7.45667	569.29893	-130.17394	1757.12606	-93.03410	-2.94244	82.31374	2.08180	0.13357	-0.04560	-0.98999	-0.98971	-0.05788	-0.13087	-0.05133	0.99728	-0.05286	
2239	7.46000	567.79159	-129.57593	1759.54489	-93.16026	-2.74127	82.10295	2.09428	0.13724	-0.04805	-0.98937	-0.98938	-0.05487	-0.13457	-0.04783	0.99734	-0.05507	
2240	7.46333	566.28113	-129.03092	1761.87991	-93.29506	-2.53772	81.90387	2.09611	0.14070	-0.05068	-0.98875	-0.98906	-0.05186	-0.13808	-0.04428	0.99737	-0.05742	
2241	7.46667	564.81726	-128.48778	1764.06710	-93.43274	-2.33018	81.72592	2.09560	0.14379	-0.05341	-0.98817	-0.98877	-0.04878	-0.14124	-0.04066	0.99738	-0.05983	
2242	7.47000	563.40258	-127.95840	1766.13753	-93.57718	-2.14263	81.51233	2.08710	0.14749	-0.05620	-0.98746	-0.98836	-0.04611	-0.14500	-0.03739	0.99735	-0.06235	
2243	7.47333	562.06574	-127.43443	1768.09629	-93.70528	-1.95624	81.35687	2.09010	0.15019	-0.05877	-0.98691	-0.98807	-0.04339	-0.14778	-0.03414	0.99733	-0.06459	
2244	7.47667	560.75341	-126.92559	1769.89621	-93.79376	-1.78504	81.17751	2.08610	0.15330	-0.06062	-0.98632	-0.98769	-0.04086	-0.15100	-0.03115	0.99732	-0.06613	
2245	7.48000	559.47165	-126.39282	1771.57492	-93.89364	-1.61342	81.04379	2.08975	0.15562	-0.06270	-0.98583	-0.98742	-0.03832	-0.15343	-0.02816	0.99730	-0.06788	
2246	7.48333	558.23056	-125.89078	1773.08598	-93.99287	-1.44363	80.91845	2.10019	0.15779	-0.06479	-0.98534	-0.98715	-0.03581	-0.15572	-0.02519	0.99726	-0.06961	
2247	7.48667	557.04645	-125.42790	1774.51235	-94.11543	-1.31016	80.82072	2.10015	0.15948	-0.06721	-0.98491	-0.98694	-0.03396	-0.15749	-0.02286	0.99716	-0.07175	
2248	7.49000	555.87373	-124.92782	1775.77678	-94.21986	-1.17735	80.74658	2.08894	0.16077	-0.06933	-0.98455	-0.98678	-0.03206	-0.15887	-0.02055	0.99708	-0.07357	
2249	7.49333	554.76360	-124.47619	1776.91255	-94.33050	-1.05038	80.70004	2.10698	0.16158	-0.07156	-0.98426	-0.98669	-0.03024	-0.15978	-0.01833	0.99698	-0.07550	
2250	7.49667	553.73599	-124.03115	1777.93474	-94.46510	-0.94016	80.66143	2.10736	0.16225	-0.07417	-0.98396	-0.98661	-0.02877	-0.16052	-0.01641	0.99683	-0.07784	
2251	7.50000	552.70217	-123.63169	1778.81040	-94.58952	-0.78885	80.67442	2.09792	0.16203	-0.07674	-0.98380	-0.98669	-0.02651	-0.16044	-0.01377	0.99670	-0.08001	
2252	7.50333	551.68161	-123.22982	1779.58456	-94.71734	-0.64051	80.70755	2.11026	0.16146	-0.07936	-0.98368	-0.98682	-0.02427	-0.16002	-0.01118	0.99655	-0.08223	
2253	7.50667	550.74328	-122.87192	1780.25920	-94.84266	-0.50592	80.75517	2.11844	0.16065	-0.08191	-0.98361	-0.98697	-0.02225	-0.15934	-0.00883	0.99639	-0.08442	
2254	7.51000	549.85492	-122.54184	1780.79997	-94.97840	-0.35717	80.83659	2.12420	0.15925	-0.08468	-0.98360	-0.98722	-0.01995	-0.15812	-0.00623	0.99621	-0.08678	
2255	7.51333	548.99652	-122.21137	1781.31499	-95.11006	-0.20512	80.96999	2.13570	0.15695	-0.08741	-0.98373	-0.98760	-0.01750	-0.15601	-0.00358	0.99602	-0.08907	
2256	7.51667	548.34966	-122.01964	1781.65111	-95.21684	-0.06598	81.11748	2.13522	0.15441	-0.08966	-0.98393	-0.98801	-0.01517	-0.15367	-0.00115	0.99586	-0.09093	
2257	7.52000	547.58481	-121.76625	1781.95660	-95.33549	0.11623	81.26060	2.13857	0.15194	-0.09221	-0.98408	-0.98839	-0.01213	-0.15147	0.00203	0.99567	-0.09299	
2258	7.52333	546.87202	-121.58528	1782.16916	-95.46185	0.29647	81.42979	2.13579	0.14902	-0.09489	-0.98427	-0.98882	-0.00909	-0.14883	0.00517	0.99545	-0.09518	
2259	7.52667	546.20854	-121.43193	1782.29518	-95.59865	0.46059	81.62570	2.16095	0.14563	-0.09768	-0.98450	-0.98931	-0.00629	-0.14572	0.00804	0.99520	-0.09756	
2260	7.53000	545.56718	-121.30050	1782.39601	-95.73544	0.64836	81.79961	2.15074	0.14263	-0.10052	-0.98466	-0.98971	-0.00311	-0.14304	0.01132	0.99493	-0.09993	
2261	7.53333	544.96295	-121.20915	1782.46341	-95.87765	0.82829	82.00481	2.15852	0.13908	-0.10341	-0.98487	-0.99018	-0.00000	-0.13982	0.01446	0.99464	-0.10239	
2262	7.53667	544.40907	-121.16735	1782.50226	-95.99737	1.02066	82.18079	2.14305	0.13603	-0.10592	-0.98503	-0.99055	0.00334	-0.13715	0.01781	0.99437	-0.10447	
2263	7.54000	543.82873	-121.15888	1782.49732	-96.08365	1.22895	82.35866	2.17553	0.13294	-0.10788	-0.98524	-0.99089	0.00704	-0.13448	0.02145	0.99414	-0.10596	
2264	7.54333	543.34091	-121.21974	1782.51145	-96.19308	1.42378	82.52639	2.16859	0.13003	-0.11018	-0.98537	-0.99120	0.01046	-0.13197	0.02485	0.99386	-0.10785	
2265	7.54667	542.79358	-121.25508	1782.53324	-96.30235	1.63350	82.68966	2.17587	0.12719	-0.11249	-0.98548	-0.99147	0.01414	-0.12958	0.02851	0.99355	-0.10973	
2266	7.55000	542.34050	-121.36298	1782.56913	-96.41463	1.79963	82.83974	2.17116	0.12458	-0.11474	-0.98555	-0.99171	0.01704	-0.12735	0.03140	0.99325	-0.11167	
2267	7.55333	541.90197	-121.49858	1782.65426	-96.50185	1.96280	83.00565	2.18013	0.12170	-0.11654	-0.98570	-0.99198	0.01999	-0.12484	0.03425	0.99299	-0.11317	
2268	7.55667	541.48116	-121.71875	1782.77450	-96.60927	2.16389	83.14541	2.18969	0.11926	-0.11875	-0.98574	-0.99214	0.02350	-0.12287	0.03776	0.99265	-0.11502	
2269	7.56000	541.01303	-121.93269	1782.89772	-96.68013	2.37544	83.26926	2.16753	0.11710	-0.12035	-0.98580	-0.99225	0.02725	-0.12120	0.04145	0.99236	-0.11623	
2270	7.56333	540.58801	-122.27265	1783.13264	-96.79143	2.58389	83.36760	2.17204	0.11538	-0.12263	-0.98572	-0.99230	0.03081	-0.11998	0.04508	0.99197	-0.11814	
2271	7.56667	540.12072	-122.62715	1783.41821	-96.89225	2.81594	83.44409	2.12641	0.11403	-0.12479	-0.98561	-0.99226	0.03475	-0.11920	0.04913	0.99157	-0.11986	
2272	7.57000	539.71145	-123.07687	1783.81348	-96.99831	3.00782	83.54367	2.11665	0.11229	-0.12692	-0.98554	-0.99229	0.03805	-0.11796	0.05247	0.99118	-0.12167	
2273	7.57333	539.23776	-123.54039	1784.27129	-97.06494	3.24594	83.63407	2.11717	0.11070	-0.12847	-0.98552	-0.99224	0.04221	-0.11696	0.05662	0.99082	-0.12280	
2274	7.57667	538.78130	-124.09885	1784.81135	-97.13026	3.49426	83.67912	2.09053	0.10989	-0.13003	-0.98540	-0.99207	0.04644	-0.11676	0.06095	0.99042	-0.12389	
2275	7.58000	538.22586	-124.66590	1785.46843	-97.18200	3.75660	83.77398	2.10335	0.10822	-0.13133	-0.98541	-0.99197	0.05106	-0.11574	0.06552	0.99002	-0.12475	
2276	7.58333	537.64090	-125.31010	1786.23745	-97.24480	4.05795	83.80245	2.10569	0.10769	-0.13295	-0.98526	-0.99166	0.05618	-0.11597	0.07077	0.98953	-0.12579	
2277	7.58667	536.99983	-125.96193	1787.13608	-97.30788	4.34214	83.88199	2.08983	0.10627	-0.13448	-0.98520	-0.99145	0.06111	-0.11529	0.07571	0.98903	-0.12684	
2278	7.59000	536.30618	-126.65721	1788.21148	-97.40694	4.62731	83.91695	2.07286	0.10562	-0.13667	-0.98497	-0.99113	0.06589	-0.11543	0.08067	0.98842	-0.12850	
2279	7.59333	535.57384	-127.31776	1789.40467	-97.43410	4.93905	83.97261	2.09859	0.10461	-0.13763	-0.98494	-0.99078	0.07131	-0.11520	0.08610	0.98791	-0.12891	
2280	7.59667	534.71610	-128.00915	1790.73990	-97.49664	5.24477	84.03631	2.13593	0.10346	-0.13918	-0.98485	-0.99042	0.07658	-0.11487	0.09141	0.98730	-0.12992	
2281	7.60000	533.86248	-128.74798	1792.25413	-97.53490	5.56951	84.07172	2.15492	0.10280	-0.14037	-0.98475	-0.98996	0.08216	-0.11505	0.09705	0.98669	-0.13051	
2282	7.60333	532.92567	-129.42108	1793.92453	-97.50359	5.88677	84.03908	2.18801	0.10330	-0.14044	-0.98469	-0.98935	0.08757	-0.11628	0.10256	0.98621	-0.12990	
2283	7.60667	531.86801	-130.15992	1795.80071	-97.54922	6.22446	83.99622	2.18203	0.10398	-0.14190	-0.98440	-0.98865	0.09315	-0.11785	0.10842	0.98549	-0.13060	
2284	7.61000	530.75580	-130.87181	1797.83610	-97.54874	6.54864	83.91419	2.20520	0.10533	-0.14262	-0.98416	-0.98788	0.09849	-0.12000	0.11405	0.98487	-0.13051	
2285	7.61333	529.63002	-131.58767	1800.06827	-97.54401	6.89181	83.82804	2.21398	0.10674	-0.14332	-0.98390	-0.98702	0.10415	-0.12224	0.11999	0.98418	-0.13034	
2286	7.61667	528.40372	-132.31629	1802.49929	-97.53777	7.22565	83.68436	2.23496	0.10913	-0.14410	-0.98353	-0.98604	0.10950	-0.12545	0.12578	0.98349	-0.13014	
2287	7.62000	527.07218	-133.00663	1805.06086	-97.49008	7.59369	83.49979	2.27176	0.11221	-0.14435	-0.98314	-0.98486	0.11542	-0.12936	0.13215	0.98277	-0.12921	
2288	7.62333	525.64483	-133.74555	1807.85502	-97.45610	7.95142	83.29043	2.29107	0.11571	-0.14490	-0.98266	-0.98360	0.12106	-0.13368	0.13833	0.98201	-0.12852	
2289	7.62667	524.11214	-134.38262	1810.81280	-97.41608	8.28804	83.00733	2.31194	0.12047	-0.14552	-0.98199	-0.98220	0.12617	-0.13919	0.14415	0.98128	-0.12773	
2290	7.63000	522.51613	-135.02486	1813.94443	-97.37061	8.62323	82.70551	2.31450	0.12553	-0.14613	-0.98127	-0.98069	0.13121	-0.14500	0.14994	0.98053	-0.12684	
2291	7.63333	520.80194	-135.63551	1817.20777	-97.29129	8.95892	82.36250	2.34651	0.13128	-0.14632	-0.98049	-0.97904	0.13623	-0.15142	0.15573	0.97981	-0.12537	
2292	7.63667	518.97984	-136.22643	1820.62781	-97.23138	9.31451	82.00189	2.38505	0.13731	-0.14699	-0.97956	-0.97722	0.14149	-0.15821	0.16185	0.97897	-0.12422	
2293	7.64000	517.02148	-136.79453	1824.14866	-97.14905	9.67083	81.62774	2.39850	0.14353	-0.14739	-0.97861	-0.97528	0.14678	-0.16516	0.16799	0.97813	-0.12268	
2294	7.64333	514.90969	-137.27174	1827.81706	-97.06733	10.02024	81.23455	2.42505	0.15007	-0.14791	-0.97755	-0.97324	0.15191	-0.17239	0.17400	0.97726	-0.12116	
2295	7.64667	512.65964	-137.72527	1831.58219	-96.97376	10.34067	80.79696	2.43133	0.15734	-0.14835	-0.97634	-0.97109	0.15646	-0.18026	0.17950	0.97648	-0.11944	
2296	7.65000	510.36648	-138.13733	1835.44209	-96.89308	10.65031	80.37443	2.44782	0.16433	-0.14901	-0.97509	-0.96894	0.16083	-0.18787	0.18481	0.97567	-0.11795	
2297	7.65333	507.93968	-138.27973	1839.36798	-96.78204	10.98714	79.91550	2.47259	0.17189	-0.14941	-0.97372	-0.96650	0.16565	-0.19603	0.19059	0.97480	-0.11593	
2298	7.65667	505.34681	-138.54617	1843.38254	-96.64415	11.27406	79.46217	2.47252	0.17936	-0.14927	-0.97239	-0.96416	0.16975	-0.20390	0.19550	0.97412	-0.11347	
2299	7.66000	502.60724	-138.73522	1847.48520	-96.49907	11.55922	78.97306	2.48881	0.18739	-0.14918	-0.97089	-0.96163	0.17377	-0.21230	0.20038	0.97342	-0.11089	
2300	7.66333	499.66564	-139.06712	1851.63487	-96.34647	11.75354	78.47711	2.46780	0.19557	-0.14875	-0.96934	-0.95930	0.17629	-0.22060	0.20370	0.97303	-0.10822	
2301	7.66667	496.67829	-139.14762	1855.87773	-96.22163	12.00309	77.97525	2.45041	0.20378	-0.14907	-0.96760	-0.95667	0.17963	-0.22915	0.20796	0.97238	-0.10601	
2302	7.67000	493.62704	-139.19671	1860.07916	-96.01844	12.15936	77.42640	2.46675	0.21281	-0.14793	-0.96583	-0.95412	0.18162	-0.23805	0.21063	0.97218	-0.10250	
2303	7.67333	490.51357	-139.19196	1864.33268	-95.80796	12.28569	76.86859	2.44844	0.22198	-0.14664	-0.96396	-0.95155	0.18317	-0.24699	0.21279	0.97208	-0.09888	
2304	7.67667	487.29292	-139.11256	1868.55791	-95.55274	12.40428	76.26833	2.46008	0.23183	-0.14475	-0.96193	-0.94874	0.18472	-0.25645	0.21481	0.97207	-0.09450	
2305	7.68000	483.95258	-138.98074	1872.79765	-95.26452	12.46965	75.65070	2.45307	0.24199	-0.14218	-0.95981	-0.94595	0.18556	-0.26598	0.21592	0.97229	-0.08959	
2306	7.68333	480.54769	-138.77768	1877.02407	-94.96355	12.50054	74.97461	2.45308	0.25310	-0.13947	-0.95733	-0.94292	0.18583	-0.27636	0.21645	0.97263	-0.08447	
2307	7.68667	477.09764	-138.53725	1881.23495	-94.64545	12.47448	74.29737	2.45139	0.26426	-0.13624	-0.95478	-0.93995	0.18534	-0.28660	0.21600	0.97318	-0.07908	
2308	7.69000	473.11897	-138.33921	1885.39584	-94.35052	12.67593	73.62024	2.36576	0.27513	-0.13448	-0.95196	-0.93603	0.18853	-0.29716	0.21944	0.97282	-0.07401	
2309	7.69333	469.62122	-138.02260	1889.48908	-94.01022	12.58657	72.89785	2.39453	0.28701	-0.13077	-0.94896	-0.93281	0.18720	-0.30792	0.21791	0.97358	-0.06825	
2310	7.69667	466.05958	-137.63663	1893.46155	-93.68415	12.45573	72.22703	2.38609	0.29806	-0.12689	-0.94608	-0.92986	0.18535	-0.31781	0.21569	0.97445	-0.06274	
2311	7.70000	462.35702	-137.18745	1897.30407	-93.34024	12.36453	71.51228	2.39324	0.30975	-0.12304	-0.94282	-0.92639	0.18426	-0.32840	0.21413	0.97515	-0.05691	
2312	7.70333	458.66135	-136.73119	1901.05195	-93.03877	12.23641	70.84467	2.39309	0.32068	-0.11952	-0.93962	-0.92317	0.18253	-0.33828	0.21195	0.97591	-0.05181	
2313	7.70667	454.91009	-136.27926	1904.62255	-92.78974	12.12605	70.15968	2.40466	0.33183	-0.11699	-0.93606	-0.91965	0.18084	-0.34861	0.21006	0.97653	-0.04758	
2314	7.71000	451.22014	-135.80145	1908.12822	-92.55147	11.94293	69.53115	2.39212	0.34213	-0.11400	-0.93271	-0.91658	0.17811	-0.35798	0.20694	0.97738	-0.04355	
2315	7.71333	447.47367	-135.21597	1911.38374	-92.25490	11.73824	68.86568	2.40938	0.35302	-0.10999	-0.92913	-0.91323	0.17542	-0.36774	0.20344	0.97833	-0.03852	
2316	7.71667	443.79340	-134.64954	1914.47951	-92.00109	11.53918	68.26361	2.39459	0.36285	-0.10647	-0.92574	-0.91012	0.17277	-0.37660	0.20004	0.97919	-0.03421	
2317	7.72000	440.20445	-133.99887	1917.32578	-91.73041	11.25071	67.65065	2.44956	0.37295	-0.10208	-0.92222	-0.90711	0.16888	-0.38553	0.19510	0.98034	-0.02962	
2318	7.72333	436.65615	-133.41797	1920.02569	-91.49767	11.05384	67.11452	2.45459	0.38168	-0.09862	-0.91902	-0.90419	0.16641	-0.39337	0.19173	0.98111	-0.02565	
2319	7.72667	433.11575	-132.84895	1922.44433	-91.27571	10.83951	66.58207	2.48944	0.39034	-0.09515	-0.91574	-0.90126	0.16368	-0.40118	0.18806	0.98191	-0.02187	
2320	7.73000	429.64358	-132.20284	1924.74434	-91.07864	10.61467	66.07109	2.51987	0.39866	-0.09191	-0.91248	-0.89841	0.16071	-0.40870	0.18420	0.98271	-0.01850	
2321	7.73333	426.28722	-131.57866	1926.80616	-90.90827	10.48581	65.60625	2.54939	0.40611	-0.08959	-0.90942	-0.89552	0.15918	-0.41558	0.18199	0.98318	-0.01559	
2322	7.73667	422.97858	-130.93408	1928.60251	-90.68678	10.29369	65.13892	2.57943	0.41365	-0.08600	-0.90636	-0.89273	0.15708	-0.42233	0.17869	0.98383	-0.01179	
2323	7.74000	419.73467	-130.37570	1930.20610	-90.51218	10.11184	64.71192	2.59337	0.42053	-0.08308	-0.90346	-0.89013	0.15492	-0.42857	0.17557	0.98443	-0.00880	
2324	7.74333	416.56884	-129.78582	1931.61729	-90.35462	9.97320	64.29601	2.60635	0.42717	-0.08069	-0.90056	-0.88743	0.15336	-0.43468	0.17319	0.98487	-0.00610	
2325	7.74667	413.60069	-129.16962	1932.80552	-90.22868	9.76273	63.89466	2.60301	0.43365	-0.07820	-0.89768	-0.88498	0.15051	-0.44063	0.16957	0.98551	-0.00393	
2326	7.75000	410.72753	-128.60823	1933.80259	-90.11900	9.62369	63.49842	2.61870	0.43994	-0.07646	-0.89477	-0.88233	0.14868	-0.44653	0.16718	0.98592	-0.00205	
2327	7.75333	408.05503	-127.99983	1934.58154	-90.04745	9.47619	63.15219	2.62960	0.44546	-0.07509	-0.89215	-0.88003	0.14652	-0.45174	0.16464	0.98635	-0.00082	
2328	7.75667	405.54267	-127.39901	1935.12535	-89.96906	9.34372	62.83183	2.65485	0.45055	-0.07365	-0.88971	-0.87787	0.14469	-0.45653	0.16236	0.98673	0.00053	
2329	7.76000	403.21760	-126.82608	1935.44568	-89.94921	9.20277	62.54730	2.65282	0.45508	-0.07294	-0.88746	-0.87597	0.14233	-0.46089	0.15993	0.98713	0.00088	
2330	7.76333	401.02306	-126.28290	1935.55882	-89.98211	9.08897	62.30443	2.67258	0.45894	-0.07314	-0.88545	-0.87431	0.14001	-0.46473	0.15797	0.98744	0.00031	
2331	7.76667	399.07360	-125.74567	1935.44207	-90.01601	8.99463	62.07764	2.67899	0.46252	-0.07346	-0.88356	-0.87272	0.13801	-0.46831	0.15634	0.98770	-0.00028	
2332	7.77000	397.31868	-125.22872	1935.16598	-90.06905	8.92675	61.90879	2.68595	0.46517	-0.07413	-0.88211	-0.87151	0.13632	-0.47104	0.15517	0.98789	-0.00119	
2333	7.77333	395.74114	-124.84603	1934.63022	-90.20016	8.97829	61.82882	2.69005	0.46632	-0.07676	-0.88128	-0.87074	0.13592	-0.47259	0.15606	0.98774	-0.00345	
2334	7.77667	394.40426	-124.36415	1933.88633	-90.29214	8.98710	61.75242	2.71634	0.46747	-0.07842	-0.88052	-0.87010	0.13519	-0.47398	0.15621	0.98771	-0.00504	
2335	7.78000	393.26081	-123.98237	1932.91405	-90.43852	9.02747	61.79176	2.71651	0.46682	-0.08091	-0.88064	-0.87032	0.13465	-0.47372	0.15691	0.98758	-0.00756	
2336	7.78333	392.38837	-123.54737	1931.74324	-90.59396	9.03076	61.82714	2.73133	0.46628	-0.08324	-0.88071	-0.87060	0.13347	-0.47354	0.15696	0.98755	-0.01024	
2337	7.78667	391.68884	-123.19253	1930.40947	-90.80574	9.10176	61.98836	2.73409	0.46374	-0.08670	-0.88172	-0.87174	0.13304	-0.47157	0.15819	0.98731	-0.01389	
2338	7.79000	391.25385	-122.85732	1928.85968	-91.04469	9.20689	62.18023	2.74439	0.46068	-0.09078	-0.88291	-0.87303	0.13297	-0.46919	0.16000	0.98695	-0.01800	
2339	7.79333	391.04150	-122.59502	1927.10894	-91.31402	9.40336	62.46828	2.75151	0.45603	-0.09584	-0.88479	-0.87484	0.13424	-0.46544	0.16338	0.98630	-0.02262	
2340	7.79667	391.04333	-122.30499	1925.15314	-91.58553	9.59043	62.80424	2.76067	0.45064	-0.10072	-0.88700	-0.87702	0.13548	-0.46096	0.16660	0.98565	-0.02728	
2341	7.80000	391.22725	-122.13529	1923.08350	-91.99522	9.85941	63.24037	2.77169	0.44360	-0.10814	-0.88968	-0.87972	0.13712	-0.45530	0.17123	0.98463	-0.03430	
2342	7.80333	391.24098	-122.14156	1920.87067	-92.42408	10.27972	63.73240	2.64978	0.43546	-0.11683	-0.89259	-0.88234	0.14116	-0.44894	0.17845	0.98307	-0.04162	
2343	7.80667	391.71457	-122.14007	1918.56087	-92.92919	10.61680	64.29738	2.63984	0.42628	-0.12585	-0.89580	-0.88563	0.14363	-0.44162	0.18424	0.98160	-0.05023	
2344	7.81000	392.34851	-122.12140	1916.08912	-93.43378	10.94264	64.87296	2.65029	0.41691	-0.13469	-0.89892	-0.88891	0.14612	-0.43416	0.18983	0.98006	-0.05881	
2345	7.81333	393.10698	-122.20818	1913.52707	-93.96213	11.33020	65.49981	2.65841	0.40661	-0.14415	-0.90216	-0.89223	0.14969	-0.42606	0.19646	0.97817	-0.06775	
2346	7.81667	394.04465	-122.33535	1910.82480	-94.48522	11.70112	66.15642	2.67715	0.39584	-0.15326	-0.90544	-0.89564	0.15332	-0.41751	0.20281	0.97622	-0.07658	
2347	7.82000	395.00549	-122.61645	1908.04745	-95.03512	12.16385	66.81558	2.71548	0.38485	-0.16331	-0.90841	-0.89860	0.15839	-0.40917	0.21071	0.97378	-0.08580	
2348	7.82333	396.17010	-122.93393	1905.22273	-95.58474	12.55932	67.52354	2.73635	0.37316	-0.17266	-0.91156	-0.90193	0.16277	-0.40004	0.21745	0.97144	-0.09499	
2349	7.82667	397.31869	-123.30592	1902.35324	-96.18057	13.00162	68.21187	2.77254	0.36166	-0.18299	-0.91417	-0.90476	0.16773	-0.39151	0.22498	0.96870	-0.10490	
2350	7.83000	398.54051	-123.77557	1899.42867	-96.79842	13.46865	68.93353	2.78577	0.34956	-0.19360	-0.91669	-0.90750	0.17327	-0.38265	0.23291	0.96566	-0.11512	
2351	7.83333	399.88104	-124.28081	1896.45674	-97.38396	13.87773	69.66190	2.81937	0.33741	-0.20318	-0.91917	-0.91029	0.17837	-0.37358	0.23985	0.96276	-0.12477	
2352	7.83667	401.14765	-124.89175	1893.45875	-97.98196	14.36766	70.38773	2.84171	0.32516	-0.21329	-0.92129	-0.91252	0.18487	-0.36486	0.24814	0.95934	-0.13452	
2353	7.84000	402.49969	-125.53543	1890.45459	-98.60118	14.81384	71.13358	2.84588	0.31261	-0.22327	-0.92327	-0.91482	0.19086	-0.35591	0.25568	0.95589	-0.14458	
2354	7.84333	403.96882	-126.15660	1887.46612	-99.21875	15.16959	71.85051	2.85563	0.30064	-0.23269	-0.92492	-0.91714	0.19554	-0.34731	0.26168	0.95269	-0.15462	
2355	7.84667	405.27769	-126.96070	1884.45264	-99.83003	15.65167	72.52727	2.89100	0.28912	-0.24266	-0.92603	-0.91849	0.20230	-0.33978	0.26979	0.94878	-0.16440	
2356	7.85000	406.94204	-127.65413	1881.49557	-100.47405	16.02368	73.25668	2.94558	0.27689	-0.25228	-0.92719	-0.92040	0.20756	-0.33134	0.27603	0.94513	-0.17473	
2357	7.85333	408.33663	-128.56801	1878.55245	-101.08469	16.45614	73.94031	2.98758	0.26531	-0.26166	-0.92798	-0.92161	0.21396	-0.32382	0.28328	0.94115	-0.18438	
2358	7.85667	409.67378	-129.46654	1875.62135	-101.67626	16.89124	74.61535	3.05090	0.25385	-0.27062	-0.92861	-0.92257	0.22066	-0.31650	0.29056	0.93706	-0.19365	
2359	7.86000	410.90479	-130.56896	1872.83078	-102.37096	17.34878	75.32961	3.05942	0.24174	-0.28102	-0.92876	-0.92339	0.22751	-0.30918	0.29819	0.93234	-0.20449	
2360	7.86333	412.04738	-131.68870	1870.06593	-103.05340	17.80471	76.02319	3.10056	0.22996	-0.29112	-0.92864	-0.92392	0.23450	-0.30231	0.30577	0.92750	-0.21504	
2361	7.86667	413.33325	-133.15893	1867.37339	-103.68822	17.94958	76.68327	3.26137	0.21912	-0.29924	-0.92868	-0.92575	0.23687	-0.29476	0.30818	0.92431	-0.22512	
2362	7.87000	414.35888	-134.29079	1864.81360	-104.36678	18.40416	77.36691	3.26367	0.20752	-0.30901	-0.92814	-0.92588	0.24417	-0.28831	0.31572	0.91918	-0.23544	
2363	7.87333	415.31539	-135.56966	1862.30875	-105.02513	18.85372	78.03831	3.28111	0.19614	-0.31830	-0.92748	-0.92580	0.25160	-0.28213	0.32315	0.91399	-0.24533	
2364	7.87667	416.21141	-136.88002	1859.91634	-105.65478	19.30269	78.71475	3.29955	0.18469	-0.32691	-0.92683	-0.92554	0.25934	-0.27591	0.33056	0.90878	-0.25467	
2365	7.88000	416.96967	-138.21362	1857.61352	-106.27032	19.76138	79.37278	3.29934	0.17356	-0.33522	-0.92602	-0.92497	0.26733	-0.27013	0.33810	0.90342	-0.26367	
2366	7.88333	417.64475	-139.56075	1855.42539	-106.86311	20.23586	80.01518	3.31163	0.16269	-0.34309	-0.92511	-0.92407	0.27570	-0.26475	0.34589	0.89793	-0.27218	
2367	7.88667	418.23802	-140.95741	1853.31718	-107.42393	20.70859	80.62881	3.31490	0.15231	-0.35038	-0.92414	-0.92291	0.28413	-0.25983	0.35362	0.89247	-0.28009	
2368	7.89000	418.77090	-142.37498	1851.33974	-107.99590	21.18240	81.24831	3.32280	0.14187	-0.35764	-0.92302	-0.92158	0.29265	-0.25504	0.36134	0.88682	-0.28807	
2369	7.89333	419.21455	-143.80052	1849.45156	-108.54185	21.63843	81.85735	3.32486	0.13166	-0.36431	-0.92192	-0.92016	0.30104	-0.25036	0.36875	0.88128	-0.29559	
2370	7.89667	419.55446	-145.21719	1847.66434	-109.05942	22.09036	82.46181	3.36167	0.12156	-0.37036	-0.92090	-0.91858	0.30954	-0.24574	0.37607	0.87580	-0.30258	
2371	7.90000	419.81748	-146.63530	1845.98854	-109.58267	22.52531	83.06253	3.36699	0.11157	-0.37631	-0.91975	-0.91695	0.31781	-0.24126	0.38309	0.87028	-0.30960	
2372	7.90333	419.95498	-148.07195	1844.38792	-110.08287	22.94633	83.62120	3.32653	0.10231	-0.38193	-0.91851	-0.91517	0.32575	-0.23739	0.38987	0.86488	-0.31621	
2373	7.90667	420.01955	-149.46457	1842.90896	-110.56246	23.36787	84.20767	3.36520	0.09265	-0.38691	-0.91745	-0.91329	0.33402	-0.23309	0.39663	0.85949	-0.32242	
2374	7.91000	420.00166	-150.80641	1841.55651	-111.02677	23.77355	84.75825	3.35501	0.08361	-0.39168	-0.91630	-0.91132	0.34193	-0.22931	0.40312	0.85421	-0.32836	
2375	7.91333	419.86724	-152.10518	1840.27568	-111.46970	24.12573	85.30517	3.35518	0.07470	-0.39591	-0.91524	-0.90959	0.34914	-0.22527	0.40874	0.84932	-0.33404	
2376	7.91667	419.73827	-153.39971	1839.14692	-111.92587	24.47614	85.84351	3.36737	0.06597	-0.40028	-0.91401	-0.90774	0.35627	-0.22154	0.41431	0.84430	-0.33985	
2377	7.92000	419.46453	-154.60799	1838.06399	-112.35215	24.82099	86.34471	3.37277	0.05786	-0.40428	-0.91280	-0.90578	0.36321	-0.21828	0.41978	0.83943	-0.34517	
2378	7.92333	419.10994	-155.70564	1837.20165	-112.76653	25.10888	86.80244	3.39789	0.05051	-0.40820	-0.91149	-0.90409	0.36908	-0.21539	0.42434	0.83495	-0.35041	
2379	7.92667	418.60238	-156.71341	1836.43569	-113.14549	25.36578	87.18867	3.37670	0.04432	-0.41191	-0.91014	-0.90250	0.37416	-0.21329	0.42840	0.83086	-0.35517	
2380	7.93000	417.95521	-157.71229	1835.83843	-113.58987	25.68018	87.59785	3.38882	0.03777	-0.41648	-0.90836	-0.90044	0.38001	-0.21168	0.43335	0.82591	-0.36066	
2381	7.93333	417.41233	-158.58580	1835.30832	-113.95946	25.97680	87.91079	3.40807	0.03277	-0.42041	-0.90674	-0.89837	0.38520	-0.21107	0.43801	0.82151	-0.36506	
2382	7.93667	416.83917	-159.38874	1834.87120	-114.31305	26.20406	88.19421	3.45965	0.02827	-0.42420	-0.90513	-0.89678	0.38923	-0.21043	0.44157	0.81765	-0.36941	
2383	7.94000	416.20866	-160.12899	1834.52446	-114.63331	26.41409	88.45496	3.49895	0.02415	-0.42756	-0.90366	-0.89528	0.39299	-0.20986	0.44486	0.81410	-0.37330	
2384	7.94333	415.60392	-160.91368	1834.27898	-115.03443	26.71895	88.76609	3.50435	0.01923	-0.43184	-0.90175	-0.89302	0.39817	-0.20973	0.44961	0.80931	-0.37798	
2385	7.94667	415.02958	-161.58524	1834.10918	-115.40504	26.96238	89.02671	3.49598	0.01514	-0.43591	-0.89986	-0.89118	0.40221	-0.20983	0.45341	0.80511	-0.38238	
2386	7.95000	414.46683	-162.28058	1834.00232	-115.81923	27.25721	89.32007	3.48098	0.01055	-0.44039	-0.89774	-0.88890	0.40707	-0.21014	0.45799	0.80022	-0.38717	
2387	7.95333	413.96110	-162.95360	1834.06232	-116.26462	27.60912	89.62872	3.54478	0.00574	-0.44520	-0.89541	-0.88611	0.41272	-0.21089	0.46344	0.79465	-0.39213	
2388	7.95667	413.38106	-163.53323	1834.14551	-116.69298	27.91041	89.89400	3.53243	0.00163	-0.44998	-0.89304	-0.88368	0.41737	-0.21192	0.46809	0.78950	-0.39696	
2389	7.96000	412.65550	-163.96428	1834.36732	-117.07170	28.04573	90.09741	3.52565	-0.00150	-0.45439	-0.89080	-0.88257	0.41944	-0.21247	0.47018	0.78588	-0.40166	
2390	7.96333	411.96907	-164.36352	1834.63347	-117.52799	28.31505	90.31864	3.49974	-0.00490	-0.45984	-0.88799	-0.88034	0.42318	-0.21429	0.47432	0.78068	-0.40688	
2391	7.96667	411.29056	-164.70125	1834.95576	-117.98032	28.57479	90.56244	3.50440	-0.00862	-0.46500	-0.88527	-0.87815	0.42698	-0.21573	0.47831	0.77554	-0.41202	
2392	7.97000	410.57608	-164.98372	1835.36605	-118.46999	28.84603	90.81235	3.51233	-0.01242	-0.47064	-0.88224	-0.87583	0.43083	-0.21750	0.48246	0.76999	-0.41755	
2393	7.97333	409.88725	-165.19027	1835.86933	-118.96564	29.10600	91.07732	3.52261	-0.01643	-0.47620	-0.87918	-0.87357	0.43461	-0.21908	0.48643	0.76443	-0.42313	
2394	7.97667	409.16583	-165.36677	1836.42280	-119.46754	29.35470	91.33456	3.55586	-0.02030	-0.48186	-0.87602	-0.87137	0.43814	-0.22081	0.49021	0.75885	-0.42877	
2395	7.98000	408.38963	-165.42628	1837.03247	-119.96930	29.62300	91.59467	3.56970	-0.02419	-0.48743	-0.87283	-0.86896	0.44194	-0.22271	0.49429	0.75307	-0.43424	
2396	7.98333	407.33858	-165.08815	1837.79837	-120.50282	29.86500	91.81373	3.67800	-0.02745	-0.49375	-0.86917	-0.86677	0.44489	-0.22536	0.49796	0.74718	-0.44017	
2397	7.98667	406.55424	-165.00685	1838.60628	-120.99857	30.11432	92.04705	3.68235	-0.03090	-0.49933	-0.86586	-0.86447	0.44819	-0.22761	0.50173	0.74148	-0.44550	
2398	7.99000	405.73616	-164.77679	1839.54494	-121.52133	30.36473	92.32801	3.66834	-0.03505	-0.50488	-0.86248	-0.86211	0.45179	-0.22944	0.50550	0.73551	-0.45110	
2399	7.99333	404.91711	-164.48413	1840.54343	-122.04103	30.60515	92.57582	3.65435	-0.03868	-0.51060	-0.85895	-0.85983	0.45497	-0.23173	0.50912	0.72959	-0.45662	
2400	7.99667	404.32036	-164.33213	1841.53667	-122.58146	30.91475	92.93131	3.61717	-0.04387	-0.51566	-0.85567	-0.85681	0.45988	-0.23321	0.51376	0.72292	-0.46200	
2401	8.00000	403.48034	-163.88671	1842.64541	-123.06458	31.16274	93.21319	3.63143	-0.04796	-0.52042	-0.85256	-0.85436	0.46357	-0.23491	0.51747	0.71713	-0.46686	
2402	8.00333	402.65028	-163.44523	1843.83067	-123.53320	31.39549	93.47206	3.64535	-0.05170	-0.52511	-0.84946	-0.85202	0.46690	-0.23677	0.52094	0.71153	-0.47154	
2403	8.00667	401.73975	-162.81157	1845.13229	-123.97579	31.62977	93.71655	3.66436	-0.05519	-0.52948	-0.84653	-0.84966	0.47020	-0.23870	0.52443	0.70609	-0.47583	
2404	8.01000	400.86193	-162.07257	1846.50176	-124.35340	31.83921	93.91411	3.67781	-0.05799	-0.53325	-0.84397	-0.84755	0.47302	-0.24064	0.52754	0.70135	-0.47939	
2405	8.01333	399.99045	-161.24372	1847.98104	-124.73110	32.04021	94.08983	3.67589	-0.06046	-0.53718	-0.84130	-0.84552	0.47552	-0.24286	0.53051	0.69665	-0.48294	
2406	8.01667	399.10878	-160.26763	1849.52088	-124.99614	32.24803	94.21027	3.68880	-0.06209	-0.53988	-0.83945	-0.84346	0.47803	-0.24505	0.53359	0.69283	-0.48505	
2407	8.02000	398.22919	-159.13509	1851.21458	-125.26688	32.43623	94.30693	3.69815	-0.06338	-0.54287	-0.83742	-0.84161	0.48005	-0.24750	0.53636	0.68909	-0.48731	
2408	8.02333	397.36271	-157.89821	1853.01791	-125.47458	32.62241	94.33575	3.74217	-0.06367	-0.54549	-0.83570	-0.83983	0.48165	-0.25040	0.53910	0.68590	-0.48879	
2409	8.02667	396.46588	-156.45692	1854.90272	-125.63233	32.71289	94.29680	3.70723	-0.06304	-0.54803	-0.83408	-0.83902	0.48166	-0.25306	0.54043	0.68386	-0.49018	
2410	8.03000	395.57407	-154.89924	1856.88084	-125.78651	32.82093	94.24353	3.72290	-0.06218	-0.55063	-0.83243	-0.83806	0.48175	-0.25606	0.54202	0.68171	-0.49142	
2411	8.03333	394.68358	-153.22426	1858.96546	-125.88139	32.91666	94.09003	3.70633	-0.05987	-0.55321	-0.83089	-0.83732	0.48098	-0.25990	0.54342	0.68016	-0.49202	
2412	8.03667	393.80145	-151.35942	1861.14616	-125.90793	32.97934	93.85653	3.71759	-0.05642	-0.55550	-0.82960	-0.83697	0.47934	-0.26405	0.54434	0.67945	-0.49198	
2413	8.04000	392.89130	-149.33960	1863.47103	-125.90084	33.03327	93.56124	3.71494	-0.05207	-0.55782	-0.82832	-0.83674	0.47714	-0.26872	0.54513	0.67909	-0.49160	
2414	8.04333	391.97842	-147.17780	1865.90883	-125.80326	33.08749	93.18297	3.74922	-0.04652	-0.55952	-0.82751	-0.83655	0.47456	-0.27384	0.54592	0.67951	-0.49014	
2415	8.04667	391.08322	-144.85833	1868.40913	-125.64565	33.11573	92.71934	3.75813	-0.03974	-0.56105	-0.82683	-0.83663	0.47112	-0.27947	0.54633	0.68064	-0.48811	
2416	8.05000	390.20254	-142.40584	1871.04939	-125.42773	33.11276	92.18970	3.79020	-0.03200	-0.56224	-0.82635	-0.83699	0.46697	-0.28531	0.54629	0.68251	-0.48553	
2417	8.05333	389.32928	-139.81059	1873.76976	-125.12284	33.07027	91.57146	3.81133	-0.02298	-0.56288	-0.82622	-0.83769	0.46192	-0.29139	0.54567	0.68542	-0.48213	
2418	8.05667	388.06632	-136.59177	1876.68030	-124.64068	32.87760	90.75185	3.73606	-0.01102	-0.56252	-0.82671	-0.83976	0.45404	-0.29775	0.54285	0.69096	-0.47738	
2419	8.06000	387.21784	-133.77862	1879.58922	-124.18800	32.79152	90.01569	3.78996	-0.00023	-0.56179	-0.82728	-0.84065	0.44815	-0.30410	0.54158	0.69538	-0.47237	
2420	8.06333	386.30421	-130.74403	1882.59302	-123.66813	32.66130	89.21368	3.82118	0.01155	-0.56049	-0.82808	-0.84180	0.44150	-0.31058	0.53967	0.70066	-0.46672	
2421	8.06667	385.37667	-127.51463	1885.70273	-123.05669	32.49796	88.33976	3.85424	0.02444	-0.55829	-0.82929	-0.84306	0.43431	-0.31722	0.53727	0.70689	-0.46005	
2422	8.07000	384.52265	-124.26184	1888.91352	-122.39358	32.30381	87.42848	3.89406	0.03792	-0.55544	-0.83069	-0.84438	0.42676	-0.32390	0.53441	0.71370	-0.45281	
2423	8.07333	383.65848	-120.92481	1892.17048	-121.66872	32.06944	86.45938	3.90136	0.05233	-0.55191	-0.83226	-0.84579	0.41860	-0.33078	0.53095	0.72122	-0.44489	
2424	8.07667	382.79361	-117.44950	1895.55644	-120.86794	31.79077	85.44351	3.93417	0.06752	-0.54736	-0.83417	-0.84729	0.41001	-0.33763	0.52682	0.72958	-0.43609	
2425	8.08000	381.94941	-113.91206	1899.02784	-119.93800	31.40306	84.30898	4.02095	0.08464	-0.54138	-0.83651	-0.84932	0.39981	-0.34469	0.52106	0.73963	-0.42596	
2426	8.08333	381.02503	-110.21915	1902.62255	-118.95703	31.04143	83.12186	4.06404	0.10261	-0.53470	-0.83879	-0.85063	0.38996	-0.35265	0.51566	0.74968	-0.41482	
2427	8.08667	380.07698	-106.39387	1906.25599	-117.87105	30.62508	81.85783	4.11043	0.12188	-0.52655	-0.84136	-0.85184	0.37958	-0.36094	0.50942	0.76070	-0.40228	
2428	8.09000	379.13110	-102.51175	1909.99911	-116.68304	30.11877	80.46975	4.16899	0.14321	-0.51709	-0.84386	-0.85305	0.36782	-0.37016	0.50179	0.77287	-0.38843	
2429	8.09333	378.18204	-98.50518	1913.84049	-115.44305	29.54222	79.03130	4.24480	0.16554	-0.50648	-0.84621	-0.85410	0.35537	-0.37978	0.49306	0.78561	-0.37376	
2430	8.09667	377.15574	-94.42735	1917.71999	-114.14462	28.85783	77.56686	4.30040	0.18856	-0.49427	-0.84861	-0.85528	0.34202	-0.38925	0.48264	0.79920	-0.35825	
2431	8.10000	377.11869	-91.38616	1921.41807	-112.81741	28.19398	76.05756	3.98921	0.21236	-0.48130	-0.85044	-0.85539	0.32922	-0.39991	0.47246	0.81238	-0.34178	
2432	8.10333	375.94343	-87.14283	1925.36997	-111.44678	27.32794	74.46501	3.97302	0.23794	-0.46672	-0.85180	-0.85594	0.31376	-0.41101	0.45908	0.82688	-0.32483	
2433	8.10667	374.89336	-83.01452	1929.28476	-110.06561	26.37791	72.81718	4.02591	0.26466	-0.45107	-0.85234	-0.85590	0.29734	-0.42312	0.44429	0.84150	-0.30737	
2434	8.11000	373.66048	-78.76671	1933.23071	-108.63811	25.29404	71.14194	4.01619	0.29224	-0.43329	-0.85256	-0.85560	0.27983	-0.43549	0.42726	0.85671	-0.28895	
2435	8.11333	372.36596	-74.40409	1937.17387	-107.20601	24.09180	69.46791	4.05836	0.32018	-0.41378	-0.85222	-0.85490	0.26141	-0.44811	0.40820	0.87204	-0.27004	
2436	8.11667	371.11877	-70.08304	1941.03953	-105.77852	22.72221	67.77207	4.16368	0.34893	-0.39233	-0.85107	-0.85384	0.24122	-0.46127	0.38626	0.88763	-0.25082	
2437	8.12000	369.54227	-65.58420	1944.86026	-104.36258	21.46598	66.09854	4.10233	0.37706	-0.37042	-0.84889	-0.85083	0.22361	-0.47549	0.36595	0.90155	-0.23085	
2438	8.12333	367.94207	-60.93591	1948.62991	-102.95541	20.19765	64.42634	4.12822	0.40513	-0.34747	-0.84566	-0.84656	0.20673	-0.49050	0.34526	0.91462	-0.21041	
2439	8.12667	366.35091	-56.55006	1952.27743	-101.55754	18.65629	62.77901	4.12872	0.43339	-0.32152	-0.84190	-0.84252	0.18705	-0.50514	0.31989	0.92824	-0.18982	
2440	8.13000	365.22862	-53.28404	1956.08763	-100.32241	16.15527	61.11314	4.38691	0.46401	-0.28913	-0.83732	-0.84100	0.15312	-0.51892	0.27824	0.94497	-0.17211	
2441	8.13333	363.26144	-47.96669	1959.38736	-98.87039	15.30179	59.47496	4.14244	0.48991	-0.26527	-0.83044	-0.83087	0.14629	-0.53689	0.26390	0.95301	-0.14873	
2442	8.13667	361.72726	-43.70632	1962.75229	-97.57713	13.51893	57.87246	4.13866	0.51707	-0.23490	-0.82308	-0.82340	0.12612	-0.55327	0.23377	0.96380	-0.12821	
2443	8.14000	360.19899	-39.52367	1966.04164	-96.36411	11.51985	56.29674	4.11622	0.54371	-0.20235	-0.81451	-0.81516	0.10361	-0.56989	0.19971	0.97382	-0.10861	
2444	8.14333	358.76237	-35.33123	1969.06433	-95.19111	9.65822	54.74261	4.09560	0.56907	-0.17033	-0.80446	-0.80499	0.08421	-0.58728	0.16777	0.98178	-0.08920	
2445	8.14667	357.47974	-31.23479	1971.85836	-94.10731	7.69009	53.34953	4.00829	0.59156	-0.13714	-0.79451	-0.79508	0.06433	-0.60309	0.13381	0.98846	-0.07098	
2446	8.15000	356.39392	-27.20887	1974.60882	-93.06842	5.72009	51.85067	3.93090	0.61464	-0.10357	-0.78198	-0.78249	0.04520	-0.62102	0.09967	0.99359	-0.05326	
2447	8.15333	355.54139	-23.28913	1977.17487	-92.10842	3.65359	50.36539	3.85900	0.63659	-0.06895	-0.76811	-0.76856	0.02557	-0.63926	0.06372	0.99729	-0.03672	
2448	8.15667	354.49491	-19.13917	1979.96121	-90.91687	1.57295	49.04859	4.16883	0.65517	-0.03007	-0.75488	-0.75498	0.01024	-0.65567	0.02745	0.99950	-0.01600	
2449	8.16000	353.73896	-15.21329	1982.28961	-89.95699	-0.49330	47.79869	4.24550	0.67171	0.00634	-0.74078	-0.74076	-0.00587	-0.67174	-0.00861	0.99996	0.00075	
2450	8.16333	353.22085	-11.34810	1984.42307	-89.03316	-2.57909	46.50896	4.28763	0.68754	0.04321	-0.72486	-0.72475	-0.02103	-0.68869	-0.04500	0.99884	0.01686	
2451	8.16667	353.08004	-7.57817	1986.12386	-88.25793	-4.55796	45.06682	4.24684	0.70405	0.07762	-0.70590	-0.70569	-0.03476	-0.70767	-0.07947	0.99638	0.03030	
2452	8.17000	352.84719	-3.32959	1987.99058	-87.10349	-6.65047	44.12847	4.69918	0.71295	0.11821	-0.69118	-0.69158	-0.04426	-0.72094	-0.11581	0.99200	0.05019	
2453	8.17333	353.17035	0.34651	1989.48920	-86.20743	-8.79233	42.98584	4.72594	0.72293	0.15667	-0.67293	-0.67381	-0.05560	-0.73681	-0.15285	0.98608	0.06537	
2454	8.17667	353.73404	3.68344	1990.73851	-85.37213	-11.12416	41.83544	4.56674	0.73106	0.19710	-0.65322	-0.65446	-0.06815	-0.75302	-0.19294	0.97801	0.07917	
2455	8.18000	354.98910	6.99757	1992.08160	-84.43166	-13.45803	41.06751	4.42462	0.73323	0.23838	-0.63682	-0.63891	-0.07902	-0.76521	-0.23273	0.96795	0.09437	
2456	8.18333	356.59921	10.85836	1992.92673	-83.45525	-15.41135	40.11580	4.55007	0.73725	0.27534	-0.61697	-0.62117	-0.08295	-0.77928	-0.26575	0.95776	0.10988	
2457	8.18667	358.44011	14.50184	1993.60274	-82.47969	-17.59742	39.32446	4.55304	0.73737	0.31480	-0.59765	-0.60406	-0.08870	-0.79199	-0.30233	0.94501	0.12475	
2458	8.19000	360.72904	18.24750	1994.04989	-81.48471	-19.71264	38.58358	4.57919	0.73589	0.35311	-0.57774	-0.58711	-0.09229	-0.80423	-0.33730	0.93102	0.13940	
2459	8.19333	363.36832	21.89777	1994.30452	-80.41922	-21.98558	38.01279	4.56037	0.73058	0.39334	-0.55816	-0.57105	-0.09621	-0.81526	-0.37437	0.91434	0.15433	
2460	8.19667	366.67525	26.14328	1994.24014	-79.19249	-23.83152	37.32354	4.84104	0.72742	0.42930	-0.53531	-0.55462	-0.09152	-0.82706	-0.40405	0.89851	0.17152	
2461	8.20000	370.26855	30.34966	1994.09168	-77.98750	-26.06166	36.91338	4.87328	0.71825	0.46858	-0.51435	-0.53954	-0.09169	-0.83695	-0.43934	0.87865	0.18696	
2462	8.20333	374.38974	35.19875	1993.81717	-76.68016	-28.52655	36.63911	4.89119	0.70499	0.51038	-0.49243	-0.52432	-0.09247	-0.84648	-0.47757	0.85496	0.20242	
2463	8.20667	378.87524	40.57973	1993.28262	-75.31851	-31.26258	36.58003	4.71243	0.68642	0.55417	-0.47087	-0.50941	-0.09565	-0.85519	-0.51896	0.82689	0.21664	
2464	8.21000	384.21239	45.94568	1992.69918	-73.93385	-33.80787	36.61109	4.66953	0.66697	0.59423	-0.44948	-0.49554	-0.09673	-0.86318	-0.55641	0.79846	0.22995	
2465	8.21333	390.05447	51.73593	1991.95581	-72.43643	-36.46061	36.82360	4.62424	0.64380	0.63439	-0.42786	-0.48204	-0.09802	-0.87065	-0.59427	0.76677	0.24270	
2466	8.21667	397.08743	59.00071	1990.97486	-70.51648	-39.65375	37.14359	5.23880	0.61372	0.68095	-0.39957	-0.46489	-0.09739	-0.88000	-0.63815	0.72583	0.25679	
2467	8.22000	403.97682	66.12192	1990.06084	-68.68092	-42.43031	37.78931	5.26037	0.58330	0.71948	-0.37698	-0.45228	-0.09782	-0.88650	-0.67469	0.68759	0.26834	
2468	8.22333	411.41321	74.17455	1989.01905	-66.54459	-45.40168	38.79565	5.38636	0.54723	0.75849	-0.35388	-0.43992	-0.09904	-0.89256	-0.71205	0.64412	0.27947	
2469	8.22667	418.08874	82.83688	1988.06941	-64.43475	-47.16543	39.96751	5.50910	0.52107	0.78420	-0.33693	-0.43673	-0.09420	-0.89465	-0.73332	0.61332	0.29340	
2470	8.23000	425.93827	92.85962	1987.23898	-61.68701	-49.73406	41.88316	5.61999	0.48120	0.81678	-0.31830	-0.43150	-0.09537	-0.89706	-0.76305	0.56901	0.30655	
2471	8.23333	434.97917	103.37477	1986.10216	-58.75671	-52.82597	44.02753	5.55018	0.43445	0.85030	-0.29706	-0.41995	-0.10054	-0.90196	-0.79680	0.51661	0.31340	
2472	8.23667	444.59594	114.85079	1984.99212	-55.62017	-55.73783	46.51950	5.52909	0.38739	0.87909	-0.27772	-0.40850	-0.10638	-0.90654	-0.82647	0.46463	0.31790	
2473	8.24000	454.49592	127.62474	1983.93361	-51.71669	-58.41456	49.82618	5.56352	0.33789	0.90476	-0.25931	-0.40021	-0.11125	-0.90965	-0.85186	0.41114	0.32450	
2474	8.24333	464.51680	141.78929	1983.03139	-46.71925	-61.26620	54.43338	5.50737	0.27962	0.92897	-0.24253	-0.39105	-0.12050	-0.91245	-0.87686	0.34998	0.32958	
2475	8.24667	474.65069	157.48800	1982.12403	-40.56486	-63.83041	60.35255	5.46204	0.21816	0.94893	-0.22791	-0.38329	-0.13146	-0.91422	-0.89749	0.28681	0.33504	
2476	8.25000	485.19773	174.66561	1981.08523	-33.33472	-65.72237	67.45258	5.55197	0.15766	0.96369	-0.21550	-0.37973	-0.14228	-0.91409	-0.91156	0.22594	0.34351	
2477	8.25333	495.77882	193.18403	1980.26378	-25.42844	-67.11300	75.51726	5.65033	0.09726	0.97335	-0.20766	-0.37656	-0.15715	-0.91297	-0.92127	0.16699	0.35124	
2478	8.25667	507.26829	212.55983	1979.12722	-18.97349	-67.35339	82.18095	5.92668	0.05238	0.97770	-0.20337	-0.38147	-0.16862	-0.90887	-0.92290	0.12519	0.36413	
2479	8.26000	517.66033	234.57161	1977.98259	-9.95482	-67.68081	91.57169	5.90289	-0.01042	0.98019	-0.19780	-0.37962	-0.18688	-0.90607	-0.92508	0.06565	0.37405	
2480	8.26333	528.03873	257.88022	1976.52305	-1.93500	-67.36542	100.34269	5.87397	-0.06909	0.97760	-0.19883	-0.37860	-0.21009	-0.90140	-0.92298	0.01299	0.38463	
2481	8.26667	537.46443	282.49374	1975.45583	5.68338	-66.22423	108.97752	6.08799	-0.13111	0.97047	-0.20249	-0.38125	-0.23790	-0.89334	-0.91513	-0.03993	0.40118	
2482	8.27000	545.99135	308.82469	1973.94443	10.79062	-64.51617	115.44734	6.09305	-0.18487	0.95963	-0.21196	-0.38851	-0.26948	-0.88116	-0.90271	-0.08055	0.42265	
2483	8.27333	554.81275	336.63724	1971.74913	14.25910	-62.70564	120.38046	6.18724	-0.23191	0.94681	-0.22310	-0.39560	-0.30133	-0.86759	-0.88866	-0.11295	0.44443	
2484	8.27667	562.82048	366.21516	1969.14175	17.15501	-60.90093	124.92726	6.39218	-0.27844	0.93096	-0.23618	-0.39872	-0.33576	-0.85340	-0.87378	-0.14344	0.46468	
2485	8.28000	569.81207	396.93933	1965.53248	18.19930	-59.04198	128.10950	6.43390	-0.31748	0.91277	-0.25703	-0.40475	-0.37555	-0.83375	-0.85754	-0.16066	0.48868	
2486	8.28333	575.69083	428.85384	1961.23603	18.44823	-57.28083	130.56319	6.37705	-0.35149	0.89378	-0.27859	-0.41063	-0.41461	-0.81208	-0.84133	-0.17105	0.51274	
2487	8.28667	580.26607	461.66418	1955.87327	18.05573	-55.67327	132.78412	6.35977	-0.38303	0.87164	-0.30584	-0.41386	-0.45793	-0.78677	-0.82584	-0.17478	0.53614	
2488	8.29000	583.30323	494.99116	1949.27270	16.89976	-54.11804	134.71292	6.25941	-0.41237	0.84566	-0.33884	-0.41652	-0.50579	-0.75544	-0.81023	-0.17038	0.56081	
2489	8.29333	585.58571	527.98801	1941.10836	13.70877	-52.92659	134.91908	6.51359	-0.42567	0.82145	-0.37952	-0.42687	-0.55210	-0.71621	-0.79786	-0.14286	0.58566	
2490	8.29667	585.84094	562.77701	1932.25098	12.93331	-52.12180	137.66130	6.53028	-0.45384	0.78701	-0.41790	-0.41353	-0.60144	-0.68357	-0.78932	-0.13742	0.59841	
2491	8.30000	582.99328	597.20493	1921.81031	12.41285	-50.87944	140.69632	6.27806	-0.48823	0.74767	-0.45014	-0.39967	-0.65008	-0.64627	-0.77582	-0.13563	0.61621	
2492	8.30333	580.08652	630.44570	1909.83547	9.78798	-50.61344	142.52588	5.88658	-0.50360	0.70382	-0.50102	-0.38606	-0.70214	-0.59830	-0.77288	-0.10788	0.62531	
2493	8.30667	574.87967	664.13178	1896.76548	7.89841	-50.44302	144.79089	6.07296	-0.52034	0.65766	-0.54474	-0.36718	-0.74822	-0.55258	-0.77099	-0.08751	0.63080	
2494	8.31000	569.08292	696.42019	1881.94621	4.95524	-50.82506	146.38840	5.82875	-0.52608	0.60726	-0.59538	-0.34968	-0.79263	-0.49946	-0.77522	-0.05456	0.62933	
2495	8.31333	560.52987	728.57592	1866.29701	3.33616	-51.04217	149.15294	5.95266	-0.53980	0.55073	-0.63664	-0.32239	-0.83388	-0.44800	-0.77761	-0.03659	0.62768	
2496	8.31667	551.39198	759.18376	1849.10069	1.12064	-51.69974	151.73679	5.78176	-0.54589	0.48695	-0.68182	-0.29348	-0.87335	-0.38876	-0.78477	-0.01212	0.61966	
2497	8.32000	540.85878	788.13178	1830.55651	-1.04642	-52.67157	154.13548	5.59279	-0.54564	0.42310	-0.72337	-0.26453	-0.90601	-0.33040	-0.79517	0.01107	0.60628	
2498	8.32333	528.92583	816.08751	1811.23355	-2.89111	-53.72563	156.58920	5.59012	-0.54295	0.35950	-0.75893	-0.23508	-0.93267	-0.27362	-0.80619	0.02984	0.59090	
2499	8.32667	516.15101	842.68003	1790.89466	-4.74060	-54.94220	158.81303	5.60074	-0.53558	0.29710	-0.79050	-0.20760	-0.95367	-0.21777	-0.81857	0.04747	0.57244	
2500	8.33000	502.35338	867.74867	1769.61236	-6.31714	-56.25865	161.12517	5.55497	-0.52558	0.23496	-0.81766	-0.17969	-0.97008	-0.16326	-0.83155	0.06112	0.55207	
2501	8.33333	487.88359	891.29777	1747.47798	-7.88434	-57.86633	163.19432	5.61439	-0.50918	0.17519	-0.84264	-0.15379	-0.98183	-0.11121	-0.84681	0.07296	0.52687	
2502	8.33667	472.23836	912.81081	1724.02436	-9.69800	-59.34508	165.33348	5.62275	-0.49325	0.10938	-0.86298	-0.12909	-0.99028	-0.05173	-0.86025	0.08589	0.50258	
2503	8.34000	456.14888	932.78080	1700.62587	-10.93916	-61.13121	167.22813	5.50199	-0.47086	0.05498	-0.88049	-0.10673	-0.99428	-0.00501	-0.87573	0.09162	0.47403	
2504	8.34333	439.19941	950.10657	1676.00038	-11.88484	-63.08654	169.95876	5.43418	-0.44571	-0.01021	-0.89512	-0.07892	-0.99559	0.05065	-0.89169	0.09322	0.44294	
2505	8.34667	422.34987	966.93151	1651.08420	-13.37151	-65.44740	171.04089	5.40137	-0.41046	-0.05628	-0.91014	-0.06471	-0.99378	0.09063	-0.90958	0.09610	0.40426	
2506	8.35000	404.99752	980.77923	1625.72885	-14.44415	-67.78644	173.11459	5.22108	-0.37533	-0.11316	-0.91996	-0.04532	-0.98909	0.14016	-0.92578	0.09430	0.36611	
2507	8.35333	386.95345	992.93589	1599.80330	-14.51465	-70.43208	176.01659	5.22053	-0.33411	-0.16833	-0.92738	-0.02327	-0.98215	0.18666	-0.94225	0.08394	0.32423	
2508	8.35667	369.77490	1001.69141	1574.18573	-13.55146	-72.79970	179.25711	4.84472	-0.29569	-0.21122	-0.93164	-0.00383	-0.97498	0.22226	-0.95528	0.06929	0.28748	
2509	8.36000	351.90934	1009.70586	1548.35067	-12.72093	-75.42882	-176.91219	4.94910	-0.25122	-0.26535	-0.93085	0.01355	-0.96256	0.27074	-0.96784	0.05540	0.24541	
2510	8.36333	333.70282	1016.09333	1522.33048	-10.43866	-77.81367	-172.01700	4.87431	-0.20905	-0.31196	-0.92681	0.02932	-0.94932	0.31293	-0.97747	0.03825	0.20760	
2511	8.36667	315.36346	1020.95286	1496.25368	-5.73878	-79.95693	-164.96730	4.61021	-0.16842	-0.35316	-0.92028	0.04523	-0.93540	0.35069	-0.98468	0.01744	0.17351	
2512	8.37000	296.97513	1025.19654	1470.21054	-0.88839	-82.08920	-156.83730	4.80881	-0.12654	-0.40742	-0.90443	0.05414	-0.91324	0.40381	-0.99048	0.00213	0.13761	
2513	8.37333	279.42853	1025.58125	1444.93626	15.18482	-83.13540	-139.27347	4.54328	-0.09058	-0.43259	-0.89703	0.07798	-0.90105	0.42665	-0.99283	-0.03131	0.11535	
2514	8.37667	260.40218	1027.59603	1419.30496	28.88499	-83.28958	-123.08106	4.83797	-0.06378	-0.47180	-0.87940	0.09791	-0.87990	0.46497	-0.99315	-0.05645	0.10231	
2515	8.38000	242.05846	1025.70825	1394.40545	47.53664	-81.99646	-103.16471	4.54596	-0.03171	-0.49100	-0.87058	0.13558	-0.86508	0.48296	-0.99026	-0.10271	0.09400	
2516	8.38333	223.88912	1023.45021	1369.56322	56.67704	-80.64486	-92.02467	4.54531	-0.00574	-0.51989	-0.85422	0.16245	-0.84337	0.51219	-0.98670	-0.13583	0.08930	
2517	8.38667	206.13421	1019.60377	1345.11427	62.35744	-78.86438	-84.14526	4.48434	0.01970	-0.55020	-0.83480	0.19212	-0.81732	0.54321	-0.98117	-0.17109	0.08960	
2518	8.39000	189.01083	1013.96225	1321.18628	66.39368	-76.94776	-77.51883	4.32388	0.04881	-0.58390	-0.81035	0.22050	-0.78500	0.57892	-0.97416	-0.20694	0.09044	
2519	8.39333	171.81500	1007.44718	1297.65604	66.92981	-74.79298	-74.66479	4.33799	0.06937	-0.61270	-0.78726	0.25297	-0.75257	0.60799	-0.96498	-0.24133	0.10279	
2520	8.39667	155.32055	999.93061	1274.44544	66.51652	-72.91708	-72.44238	4.41836	0.08862	-0.64439	-0.75954	0.28007	-0.71566	0.63984	-0.95588	-0.26943	0.11706	
2521	8.40000	138.37720	991.76254	1251.52533	65.99487	-70.37953	-69.96411	4.80512	0.11504	-0.67700	-0.72693	0.31547	-0.66901	0.67298	-0.94194	-0.30675	0.13660	
2522	8.40333	122.79587	981.60015	1229.25242	65.21043	-68.22964	-68.27800	4.74869	0.13727	-0.70155	-0.69928	0.34455	-0.62806	0.69773	-0.92868	-0.33671	0.15551	
2523	8.40667	108.10198	970.60848	1207.35582	64.54276	-66.11931	-66.55319	4.68481	0.16108	-0.72285	-0.67196	0.37141	-0.58641	0.71985	-0.91439	-0.36553	0.17401	
2524	8.41000	93.36201	957.94594	1186.86738	62.96762	-64.40512	-64.96233	4.60136	0.18283	-0.75177	-0.63357	0.39141	-0.53550	0.74835	-0.90187	-0.38481	0.19634	
2525	8.41333	79.81886	945.04092	1166.36381	62.63970	-62.27092	-62.88328	4.56852	0.21208	-0.76739	-0.60509	0.41415	-0.49025	0.76690	-0.88516	-0.41324	0.21384	
2526	8.41667	67.05182	931.16793	1146.56416	62.14675	-60.39980	-60.78785	4.44890	0.24107	-0.78298	-0.57344	0.43112	-0.44297	0.78607	-0.86949	-0.43672	0.23078	
2527	8.42000	56.00704	917.01407	1128.21953	62.88092	-58.82024	-57.77097	4.53474	0.27611	-0.79171	-0.54494	0.43796	-0.40106	0.80458	-0.85555	-0.46081	0.23600	
2528	8.42333	44.74393	901.93892	1109.73064	62.84790	-56.99936	-55.58732	4.55002	0.30781	-0.79823	-0.51777	0.44933	-0.35773	0.81862	-0.83866	-0.48463	0.24855	
2529	8.42667	34.16430	886.53002	1092.10003	63.18314	-54.99995	-53.22326	4.49255	0.34340	-0.79903	-0.49358	0.45942	-0.31546	0.83031	-0.81915	-0.51189	0.25876	
2530	8.43000	24.80108	870.73861	1074.59741	63.48756	-53.19139	-50.98535	4.43418	0.37717	-0.79786	-0.47029	0.46553	-0.27565	0.84101	-0.80064	-0.53614	0.26745	
2531	8.43333	15.93944	854.38317	1057.92668	63.75987	-51.61000	-48.77835	4.36269	0.40923	-0.79584	-0.44629	0.46710	-0.23744	0.85173	-0.78380	-0.55702	0.27457	
2532	8.43667	7.88821	837.81249	1041.79954	64.18372	-50.01391	-46.54068	4.34027	0.44201	-0.79053	-0.42391	0.46644	-0.20110	0.86139	-0.76620	-0.57847	0.27984	
2533	8.44000	0.53689	820.98316	1026.30870	64.82210	-48.42397	-44.25373	4.19394	0.47532	-0.78179	-0.40358	0.46309	-0.16772	0.87030	-0.74808	-0.60056	0.28232	
2534	8.44333	-6.02388	803.97038	1011.37741	65.28422	-46.75444	-42.13123	4.15161	0.50810	-0.77121	-0.38351	0.45960	-0.13381	0.87799	-0.72842	-0.62236	0.28646	
2535	8.44667	-11.86694	786.86412	997.16097	65.65983	-45.08516	-40.17788	4.05215	0.53946	-0.75888	-0.36482	0.45552	-0.10136	0.88444	-0.70816	-0.64330	0.29100	
2536	8.45000	-16.83492	769.85833	983.45884	65.71896	-43.35043	-38.44917	3.89370	0.56949	-0.74575	-0.34574	0.45217	-0.06705	0.88941	-0.68646	-0.66284	0.29902	
2537	8.45333	-21.22341	752.70785	970.60829	65.92558	-41.68494	-36.65499	3.84639	0.59913	-0.73064	-0.32743	0.44584	-0.03523	0.89442	-0.66503	-0.68185	0.30464	
2538	8.45667	-24.92825	735.58769	958.40114	65.94157	-40.09938	-35.05651	3.83668	0.62616	-0.71562	-0.30954	0.43936	-0.00412	0.89830	-0.64412	-0.69848	0.31184	
2539	8.46000	-28.11123	718.53340	946.88152	65.71250	-38.63007	-33.68071	3.71218	0.65006	-0.70162	-0.29180	0.43322	0.02671	0.90089	-0.62429	-0.71205	0.32132	
2540	8.46333	-30.69786	701.68229	935.80358	65.37689	-37.26896	-32.49006	3.71368	0.67125	-0.68814	-0.27549	0.42747	0.05574	0.90231	-0.60556	-0.72344	0.33157	
2541	8.46667	-32.80012	684.97251	925.57553	64.94677	-36.06523	-31.29860	3.76369	0.69071	-0.67569	-0.25761	0.41993	0.08478	0.90359	-0.58871	-0.73229	0.34230	
2542	8.47000	-34.03822	668.55391	915.60011	64.36422	-34.72675	-30.44368	3.56872	0.70856	-0.66200	-0.24433	0.41644	0.11277	0.90214	-0.56966	-0.74097	0.35558	
2543	8.47333	-35.31470	652.35919	905.97873	63.39977	-33.52390	-30.00599	3.65874	0.72192	-0.65156	-0.23301	0.41690	0.14079	0.89798	-0.55228	-0.74542	0.37328	
2544	8.47667	-36.22004	636.45278	897.27353	62.61866	-32.56699	-29.21247	3.91748	0.73558	-0.64165	-0.21729	0.41131	0.16814	0.89585	-0.53829	-0.74834	0.38760	
2545	8.48000	-36.41167	620.90149	888.73766	61.66302	-31.42931	-28.76981	3.93566	0.74796	-0.63076	-0.20666	0.41068	0.19517	0.89065	-0.52145	-0.75104	0.40502	
2546	8.48333	-36.17028	605.62100	880.65008	60.64168	-30.42185	-28.42162	3.97149	0.75838	-0.62148	-0.19650	0.41043	0.22112	0.88468	-0.50636	-0.75157	0.42277	
2547	8.48667	-35.36318	590.76492	873.12807	59.67128	-29.48796	-28.00414	3.98196	0.76854	-0.61222	-0.18582	0.40871	0.24634	0.87879	-0.49224	-0.75133	0.43955	
2548	8.49000	-34.25856	575.82752	865.83263	58.67698	-28.86731	-27.89462	4.00385	0.77399	-0.60771	-0.17784	0.40971	0.26651	0.87241	-0.48278	-0.74810	0.45526	
2549	8.49333	-32.22006	562.03389	858.80342	57.68715	-27.81536	-27.43805	4.02096	0.78496	-0.59631	-0.16806	0.40755	0.29269	0.86501	-0.46662	-0.74749	0.47278	
2550	8.49667	-29.97050	548.43517	852.30772	56.65068	-26.96926	-27.06331	3.89770	0.79366	-0.58747	-0.15804	0.40550	0.31719	0.85730	-0.45351	-0.74449	0.48996	
2551	8.50000	-26.14611	535.35428	846.00626	55.71383	-26.41579	-26.67850	3.59414	0.80024	-0.58137	-0.14703	0.40211	0.33832	0.85079	-0.44488	-0.73997	0.50451	
2552	8.50333	-22.46163	522.88732	840.26491	55.38885	-25.81123	-25.57929	3.32193	0.81200	-0.56847	-0.13228	0.38868	0.35761	0.84914	-0.43541	-0.74092	0.51134	
2553	8.50667	-18.67444	510.53010	834.48669	54.49746	-25.13005	-25.04323	3.35306	0.82023	-0.55905	-0.12117	0.38323	0.37980	0.84195	-0.42467	-0.73703	0.52577	
2554	8.51000	-14.30529	498.83828	829.10420	53.97959	-24.59689	-24.14855	3.40356	0.82969	-0.54777	-0.10753	0.37198	0.39888	0.83817	-0.41623	-0.73542	0.53471	
2555	8.51333	-9.53274	487.62217	823.91062	53.46381	-24.05041	-23.23481	3.38842	0.83912	-0.53575	-0.09403	0.36025	0.41787	0.83403	-0.40754	-0.73373	0.54365	
2556	8.51667	-4.34226	476.91948	818.78286	53.19833	-23.52719	-22.28397	3.33921	0.84840	-0.52292	-0.08236	0.34767	0.43310	0.83159	-0.39918	-0.73415	0.54925	
2557	8.52000	1.27028	466.81423	813.93137	52.89923	-22.93570	-21.26580	3.36125	0.85823	-0.50843	-0.07021	0.33402	0.44941	0.82853	-0.38970	-0.73452	0.55553	
2558	8.52333	7.15610	457.29902	809.22091	52.85261	-22.44425	-20.16305	3.31988	0.86761	-0.49381	-0.05833	0.31858	0.46196	0.82770	-0.38178	-0.73671	0.55813	
2559	8.52667	13.47960	448.39141	804.81312	52.74322	-21.86714	-19.03091	3.28819	0.87733	-0.47765	-0.04638	0.30262	0.47563	0.82595	-0.37246	-0.73866	0.56183	
2560	8.53000	19.96235	440.08693	800.56668	52.79974	-21.36872	-17.92431	3.29407	0.88606	-0.46222	-0.03553	0.28660	0.48594	0.82567	-0.36437	-0.74177	0.56304	
2561	8.53333	26.73748	432.49375	796.57219	52.80719	-20.81951	-16.92892	3.28964	0.89420	-0.44689	-0.02642	0.27217	0.49586	0.82465	-0.35543	-0.74459	0.56503	
2562	8.53667	33.64921	425.57510	792.79134	52.83179	-20.40273	-15.98489	3.27869	0.90103	-0.43343	-0.01697	0.25811	0.50430	0.82406	-0.34862	-0.74687	0.56626	
2563	8.54000	40.66174	419.29657	789.08536	52.83782	-20.09528	-15.16853	3.25050	0.90640	-0.42233	-0.00821	0.24573	0.51138	0.82347	-0.34358	-0.74841	0.56730	
2564	8.54333	47.77124	413.57938	785.50874	52.79714	-19.89833	-14.47499	3.25503	0.91045	-0.41362	0.00017	0.23503	0.51768	0.82266	-0.34035	-0.74895	0.56854	
2565	8.54667	55.00284	408.53616	782.18598	52.68816	-19.81364	-13.95217	3.30763	0.91304	-0.40779	0.00763	0.22684	0.52327	0.82142	-0.33896	-0.74826	0.57027	
2566	8.55000	62.38686	404.02446	778.86940	52.46111	-19.84375	-13.51920	3.30301	0.91456	-0.40415	0.01573	0.21989	0.52949	0.81932	-0.33946	-0.74586	0.57312	
2567	8.55333	69.82760	400.04300	775.68470	52.16573	-20.02741	-13.26223	3.32919	0.91447	-0.40398	0.02328	0.21554	0.53497	0.81692	-0.34247	-0.74203	0.57629	
2568	8.55667	77.34693	396.52149	772.57300	51.80473	-20.34287	-13.10346	3.32116	0.91322	-0.40628	0.03119	0.21257	0.54030	0.81418	-0.34764	-0.73689	0.57978	
2569	8.56000	84.90791	393.55749	769.64993	51.25871	-20.82465	-13.03951	3.29994	0.91057	-0.41134	0.04076	0.21088	0.54711	0.81006	-0.35551	-0.72903	0.58492	
2570	8.56333	92.67141	391.33149	766.69761	50.88288	-21.27165	-12.95158	3.26322	0.90816	-0.41572	0.04917	0.20886	0.55177	0.80742	-0.36279	-0.72300	0.58792	
2571	8.56667	100.93125	389.95926	763.61856	50.62795	-21.67425	-12.75883	3.39204	0.90635	-0.41855	0.05778	0.20523	0.55564	0.80570	-0.36933	-0.71839	0.58950	
2572	8.57000	109.04426	388.91794	760.83097	50.15203	-22.19504	-12.79169	3.37850	0.90292	-0.42469	0.06606	0.20500	0.56064	0.80228	-0.37776	-0.71086	0.59328	
2573	8.57333	117.58565	388.39632	757.84838	49.69979	-22.95953	-12.57805	3.35293	0.89868	-0.43121	0.08016	0.20052	0.56648	0.79931	-0.39008	-0.70225	0.59555	
2574	8.57667	126.08032	388.01659	754.93586	49.14669	-23.70375	-12.38450	3.40890	0.89433	-0.43729	0.09462	0.19638	0.57369	0.79518	-0.40201	-0.69258	0.59894	
2575	8.58000	134.94957	388.72366	752.16323	48.70677	-24.44906	-12.20029	3.39202	0.88977	-0.44340	0.10818	0.19238	0.57929	0.79209	-0.41388	-0.68397	0.60074	
2576	8.58333	144.08784	389.84431	749.58654	48.29312	-25.44472	-12.01241	3.40315	0.88323	-0.45220	0.12421	0.18794	0.58400	0.78970	-0.42964	-0.67414	0.60078	
2577	8.58667	153.40543	391.59623	746.96879	47.87070	-26.52114	-11.73959	3.37128	0.87605	-0.46072	0.14237	0.18205	0.58940	0.78706	-0.44653	-0.66359	0.60022	
2578	8.59000	163.09355	394.10710	744.37973	47.70131	-27.58785	-11.28466	3.35101	0.86917	-0.46761	0.16091	0.17343	0.59296	0.78634	-0.46311	-0.65555	0.59648	
2579	8.59333	173.09377	397.12427	741.79988	47.63600	-28.74791	-10.80282	3.34284	0.86121	-0.47537	0.17986	0.16433	0.59529	0.78653	-0.48096	-0.64781	0.59078	
2580	8.59667	183.36424	400.75409	739.13513	47.65851	-29.92804	-10.24677	3.32607	0.85283	-0.48270	0.19920	0.15417	0.59721	0.78713	-0.49891	-0.64058	0.58373	
2581	8.60000	193.84729	404.88499	736.49073	47.82831	-31.13516	-9.64960	3.31973	0.84384	-0.49032	0.21799	0.14348	0.59762	0.78884	-0.51706	-0.63438	0.57465	
2582	8.60333	204.56579	409.55867	734.05976	48.06724	-32.40195	-9.06417	3.32294	0.83377	-0.49894	0.23642	0.13301	0.59711	0.79105	-0.53586	-0.62811	0.56422	
2583	8.60667	215.49657	414.76873	731.70112	48.39328	-33.63764	-8.60613	3.30953	0.82318	-0.50889	0.25179	0.12458	0.59456	0.79434	-0.55394	-0.62252	0.55283	
2584	8.61000	226.60370	420.55178	729.36177	48.71373	-34.89444	-8.11227	3.29904	0.81200	-0.51867	0.26765	0.11574	0.59256	0.79717	-0.57207	-0.61632	0.54119	
2585	8.61333	237.98389	426.74657	727.13311	49.14764	-36.13322	-7.77105	3.26970	0.80023	-0.53037	0.27989	0.10921	0.58780	0.80160	-0.58966	-0.61090	0.52829	
2586	8.61667	249.54153	433.48373	725.09564	49.74837	-37.38605	-7.41958	3.22259	0.78791	-0.54297	0.29049	0.10261	0.58089	0.80749	-0.60718	-0.60642	0.51340	
2587	8.62000	261.19336	440.63413	723.15708	50.31549	-38.80727	-7.47676	3.25151	0.77263	-0.56128	0.29664	0.10140	0.57037	0.81510	-0.62670	-0.59970	0.49760	
2588	8.62333	273.15500	447.88910	721.24898	50.79124	-40.18248	-7.49221	3.22271	0.75747	-0.57811	0.30336	0.09962	0.56156	0.82142	-0.64522	-0.59198	0.48296	
2589	8.62667	285.33305	455.58763	719.63241	51.35206	-41.65462	-7.57633	3.26023	0.74064	-0.59689	0.30849	0.09851	0.55064	0.82891	-0.66464	-0.58353	0.46663	
2590	8.63000	297.84205	463.51095	718.23877	51.73783	-43.10638	-7.77611	3.14529	0.72337	-0.61541	0.31305	0.09878	0.54097	0.83522	-0.68336	-0.57325	0.45211	
2591	8.63333	310.48398	471.89040	717.07801	52.31368	-44.72371	-8.00609	3.13141	0.70358	-0.63660	0.31578	0.09896	0.52782	0.84357	-0.70369	-0.56227	0.43436	
2592	8.63667	323.37433	480.55188	716.38576	52.75817	-46.40240	-8.25662	3.21218	0.68244	-0.65746	0.31941	0.09903	0.51611	0.85078	-0.72420	-0.54897	0.41733	
2593	8.64000	336.70962	489.38035	715.91114	53.73833	-48.09929	-8.20101	3.18739	0.66101	-0.67838	0.32071	0.09527	0.49982	0.86088	-0.74430	-0.53850	0.39501	
2594	8.64333	350.30942	498.58036	715.69808	54.80587	-49.91105	-7.89247	3.29046	0.63788	-0.69842	0.32454	0.08843	0.48504	0.87001	-0.76505	-0.52626	0.37115	
2595	8.64667	364.22522	507.87177	716.11207	55.81726	-51.70328	-7.63932	3.29354	0.61423	-0.71816	0.32705	0.08239	0.47054	0.87852	-0.78481	-0.51268	0.34819	
2596	8.65000	378.41925	517.35155	716.96215	56.90591	-53.51529	-7.24222	3.28601	0.58986	-0.73704	0.32989	0.07496	0.45674	0.88643	-0.80402	-0.49815	0.32467	
2597	8.65333	392.93319	526.95349	718.29234	58.16302	-55.29708	-6.62927	3.33426	0.56551	-0.75466	0.33269	0.06573	0.44335	0.89394	-0.82212	-0.48367	0.30032	
2598	8.65667	407.93525	536.62467	719.98302	59.52150	-56.81602	-6.00582	3.40236	0.54433	-0.77038	0.33200	0.05727	0.42896	0.90150	-0.83692	-0.47170	0.27761	
2599	8.66000	423.38690	546.53024	722.52040	61.65080	-58.51754	-4.88621	3.23275	0.52034	-0.78824	0.32851	0.04448	0.40919	0.91136	-0.85280	-0.45961	0.24798	
2600	8.66333	438.72073	556.21359	725.39141	63.64398	-60.16608	-3.60137	3.25830	0.49651	-0.80365	0.32807	0.03125	0.39425	0.91847	-0.86747	-0.44578	0.22086	
2601	8.66667	454.33844	565.84623	728.86299	65.77277	-61.72094	-2.23321	3.32562	0.47341	-0.81847	0.32557	0.01846	0.37875	0.92531	-0.88065	-0.43204	0.19441	
2602	8.67000	470.09295	575.76665	733.09897	68.36280	-63.32447	-0.51177	3.27904	0.44892	-0.83386	0.32117	0.00401	0.36129	0.93244	-0.89356	-0.41730	0.16554	
2603	8.67333	485.86275	585.39095	737.87264	71.07248	-64.82903	1.44595	3.21292	0.42519	-0.84765	0.31735	-0.01073	0.34587	0.93822	-0.90504	-0.40232	0.13796	
2604	8.67667	501.73689	594.75515	742.96372	73.79854	-66.16866	3.24522	3.14493	0.40340	-0.86121	0.30918	-0.02287	0.32829	0.94430	-0.91474	-0.38800	0.11274	
2605	8.68000	517.36489	604.27326	749.07680	77.23225	-67.67195	5.99594	3.23700	0.37783	-0.87413	0.30519	-0.03968	0.31403	0.94858	-0.92502	-0.37052	0.08396	
2606	8.68333	533.11538	613.55544	755.70710	81.11286	-68.99126	8.97978	3.15783	0.35412	-0.88690	0.29666	-0.05596	0.29656	0.95337	-0.93353	-0.35421	0.05539	
2607	8.68667	548.96933	622.79976	762.94640	85.81133	-70.21507	12.72240	3.11984	0.33018	-0.89933	0.28668	-0.07454	0.27792	0.95771	-0.94097	-0.33759	0.02472	
2608	8.69000	564.52310	631.80480	770.83517	90.56931	-71.32191	16.51692	3.08420	0.30704	-0.91102	0.27526	-0.09105	0.25979	0.96136	-0.94733	-0.32024	-0.00318	
2609	8.69333	579.66595	640.79416	779.27880	96.31515	-72.40240	21.41531	3.33504	0.28146	-0.92217	0.26530	-0.11039	0.24352	0.96359	-0.95320	-0.30050	-0.03326	
2610	8.69667	594.74532	649.45201	788.44360	101.77923	-73.26792	25.83458	3.31899	0.25912	-0.93276	0.25064	-0.12546	0.22480	0.96630	-0.95766	-0.28183	-0.05877	
2611	8.70000	610.13793	657.82734	798.05454	108.19286	-74.16586	31.02669	3.26306	0.23382	-0.94413	0.23228	-0.14064	0.20354	0.96891	-0.96206	-0.25921	-0.08519	
2612	8.70333	624.47737	666.13711	808.49835	114.15874	-74.86713	36.03837	3.35521	0.21110	-0.95300	0.21733	-0.15359	0.18724	0.97023	-0.96532	-0.23819	-0.10684	
2613	8.70667	638.38588	674.02234	819.92454	120.14613	-75.19312	40.52748	3.35741	0.19425	-0.96180	0.19288	-0.16607	0.16154	0.97279	-0.96679	-0.22100	-0.12834	
2614	8.71000	652.22228	681.81832	831.37175	126.46503	-75.55643	45.68411	3.34101	0.17425	-0.96933	0.17333	-0.17846	0.14202	0.97364	-0.96839	-0.20059	-0.14824	
2615	8.71333	665.69870	689.30881	843.41249	132.77705	-75.72325	50.76105	3.35212	0.15599	-0.97597	0.15216	-0.19100	0.12134	0.97406	-0.96912	-0.18101	-0.16748	
2616	8.71667	678.79875	696.56434	855.88119	138.92735	-75.80491	55.70367	3.32495	0.13818	-0.98171	0.13096	-0.20259	0.10142	0.97400	-0.96947	-0.16112	-0.18487	
2617	8.72000	691.49961	703.62050	868.91366	145.02187	-75.78857	60.57008	3.24603	0.12063	-0.98669	0.10900	-0.21382	0.08140	0.97348	-0.96940	-0.14074	-0.20116	
2618	8.72333	703.79993	710.33741	882.28773	150.80112	-75.64352	65.10715	3.26582	0.10437	-0.99076	0.08656	-0.22492	0.06126	0.97245	-0.96877	-0.12096	-0.21645	
2619	8.72667	716.02033	716.61418	896.33262	155.49464	-75.47285	68.46515	2.97009	0.09207	-0.99379	0.06250	-0.23333	0.03949	0.97160	-0.96803	-0.10404	-0.22824	
2620	8.73000	727.40163	722.97239	910.65311	160.91431	-75.21304	72.68118	3.21792	0.07598	-0.99630	0.04015	-0.24365	0.02049	0.96965	-0.96688	-0.08345	-0.24120	
2621	8.73333	738.72517	728.70508	925.47435	165.44418	-74.93191	75.84588	2.94969	0.06357	-0.99786	0.01515	-0.25207	-0.00137	0.96771	-0.96562	-0.06534	-0.25162	
2622	8.73667	749.17133	734.63103	940.55210	170.13307	-74.42819	79.26875	3.31776	0.04999	-0.99872	-0.00835	-0.26375	-0.02126	0.96436	-0.96329	-0.04600	-0.26448	
2623	8.74000	759.73357	739.98129	955.96283	174.76578	-74.22552	82.50785	3.11299	0.03545	-0.99878	-0.03451	-0.26953	-0.04280	0.96204	-0.96234	-0.02480	-0.27072	
2624	8.74333	769.66529	745.26555	971.89755	179.02174	-73.92791	85.39821	3.05298	0.02221	-0.99795	-0.06007	-0.27595	-0.06387	0.95905	-0.96091	-0.00473	-0.27681	
2625	8.74667	779.23366	750.11751	987.91870	-177.09383	-73.54745	87.90376	3.04553	0.01036	-0.99627	-0.08570	-0.28303	-0.08512	0.95533	-0.95905	0.01436	-0.28286	
2626	8.75000	788.50382	754.68192	1004.22907	-173.31236	-73.19263	90.28783	3.03370	-0.00145	-0.99374	-0.11168	-0.28915	-0.10649	0.95134	-0.95728	0.03367	-0.28719	
2627	8.75333	797.27659	759.14690	1020.78129	-169.51608	-72.81380	92.64244	2.97030	-0.01362	-0.99027	-0.13846	-0.29516	-0.12832	0.94679	-0.95535	0.05376	-0.29055	
2628	8.75667	805.65572	763.32100	1037.64799	-165.87453	-72.52444	94.88062	2.88304	-0.02555	-0.98605	-0.16446	-0.29921	-0.14943	0.94241	-0.95385	0.07329	-0.29122	
2629	8.76000	813.68077	767.14179	1054.61951	-162.47612	-72.22768	96.72432	2.81737	-0.03574	-0.98061	-0.19270	-0.30314	-0.17310	0.93709	-0.95228	0.09191	-0.29107	
2630	8.76333	821.67311	770.90990	1071.99158	-158.32533	-71.75588	99.17399	2.84084	-0.04991	-0.97333	-0.22390	-0.30906	-0.19812	0.93018	-0.94973	0.11563	-0.29093	
2631	8.76667	828.75990	774.47544	1089.26766	-154.47894	-71.46960	101.27336	2.72068	-0.06213	-0.96487	-0.25526	-0.31168	-0.22421	0.92336	-0.94816	0.13693	-0.28680	
2632	8.77000	835.37955	778.12713	1106.25814	-150.19618	-70.46673	103.72744	2.85711	-0.07934	-0.95411	-0.28877	-0.32480	-0.24913	0.91238	-0.94245	0.16618	-0.29013	
2633	8.77333	842.34158	780.14913	1124.58580	-147.76949	-70.50510	104.58464	2.70588	-0.08403	-0.94525	-0.31534	-0.32297	-0.27354	0.90602	-0.94267	0.17798	-0.28230	
2634	8.77667	848.46753	783.09077	1142.08867	-144.20966	-69.77341	106.12730	2.88149	-0.09604	-0.93167	-0.35038	-0.33213	-0.30184	0.89363	-0.93833	0.20219	-0.28045	
2635	8.78000	854.56077	785.09397	1160.28703	-141.43184	-69.41965	107.08317	2.89123	-0.10326	-0.91883	-0.38092	-0.33601	-0.32822	0.88282	-0.93618	0.21915	-0.27484	
2636	8.78333	860.57851	786.23775	1179.00117	-138.92920	-69.33773	107.77081	2.70961	-0.10770	-0.90555	-0.41035	-0.33602	-0.35530	0.87227	-0.93568	0.23183	-0.26602	
2637	8.78667	865.92549	787.57432	1197.38428	-136.21167	-68.93935	108.47429	2.71169	-0.11387	-0.88933	-0.44286	-0.34084	-0.38374	0.85824	-0.93320	0.24867	-0.25942	
2638	8.79000	870.58387	788.44327	1216.26568	-132.70126	-69.12378	109.76328	2.78050	-0.12049	-0.87041	-0.47735	-0.33536	-0.41689	0.84483	-0.93435	0.26188	-0.24167	
2639	8.79333	875.42557	788.94897	1234.87111	-129.91119	-68.70678	110.29120	2.80475	-0.12593	-0.84963	-0.51213	-0.34061	-0.44782	0.82671	-0.93173	0.27854	-0.23299	
2640	8.79667	879.89781	789.03242	1253.77037	-127.29128	-68.23215	110.60892	2.73676	-0.13053	-0.82716	-0.54660	-0.34711	-0.47830	0.80669	-0.92869	0.29503	-0.22468	
2641	8.80000	883.91247	789.61242	1272.95477	-125.65774	-67.98795	110.26110	2.51534	-0.12979	-0.80773	-0.57508	-0.35161	-0.50480	0.78838	-0.92711	0.30453	-0.21849	
2642	8.80333	887.75026	787.55968	1290.44170	-122.05907	-67.66415	110.77010	2.85080	-0.13477	-0.77429	-0.61832	-0.35534	-0.54474	0.75960	-0.92497	0.32208	-0.20172	
2643	8.80667	891.30317	786.20265	1309.12376	-119.55894	-67.63273	110.83331	2.81298	-0.13534	-0.74715	-0.65073	-0.35566	-0.57636	0.73574	-0.92476	0.33101	-0.18773	
2644	8.81000	894.72144	784.15149	1327.59021	-116.96550	-67.47336	110.89262	2.79551	-0.13662	-0.71723	-0.68331	-0.35792	-0.60744	0.70916	-0.92370	0.34146	-0.17372	
2645	8.81333	897.46619	781.75242	1345.89580	-114.14733	-67.38811	111.12592	2.75337	-0.13858	-0.68519	-0.71506	-0.35865	-0.63830	0.68114	-0.92313	0.35084	-0.15729	
2646	8.81667	900.15094	778.69542	1363.95426	-111.09854	-67.16214	111.53536	2.71597	-0.14247	-0.65046	-0.74606	-0.36103	-0.66766	0.65106	-0.92161	0.36211	-0.13971	
2647	8.82000	902.85545	775.15263	1381.66383	-107.94975	-67.06520	112.13151	2.67405	-0.14681	-0.61554	-0.77431	-0.36097	-0.69547	0.62131	-0.92095	0.37072	-0.12009	
2648	8.82333	905.17049	771.16868	1398.95832	-105.01432	-66.87454	112.44268	2.71592	-0.14993	-0.57854	-0.80176	-0.36300	-0.72208	0.58893	-0.91965	0.37934	-0.10174	
2649	8.82667	907.42087	766.46492	1415.50000	-101.26458	-66.77006	113.35317	2.95350	-0.15635	-0.53658	-0.82924	-0.36211	-0.74997	0.55356	-0.91893	0.38682	-0.07705	
2650	8.83000	909.39792	761.56033	1431.64319	-98.23721	-66.68182	113.70953	3.02064	-0.15917	-0.49663	-0.85325	-0.36243	-0.77453	0.51842	-0.91832	0.39175	-0.05671	
2651	8.83333	911.32962	756.20802	1447.01735	-95.35059	-66.58776	113.99458	3.12333	-0.16158	-0.45674	-0.87481	-0.36301	-0.79680	0.48306	-0.91767	0.39561	-0.03705	
2652	8.83667	913.12053	750.54775	1461.75855	-92.87931	-66.54723	113.89948	3.17551	-0.16124	-0.41712	-0.89443	-0.36387	-0.81732	0.44675	-0.91739	0.39749	-0.01999	
2653	8.84000	914.95778	744.28740	1475.82010	-91.03080	-66.47092	113.42995	3.21602	-0.15874	-0.38102	-0.91084	-0.36630	-0.83397	0.41270	-0.91686	0.39915	-0.00718	
2654	8.84333	916.07939	738.68063	1488.88281	-89.52292	-66.48491	112.76833	3.18404	-0.15441	-0.34718	-0.92500	-0.36790	-0.84870	0.37995	-0.91696	0.39898	0.00332	
2655	8.84667	917.62938	731.82312	1501.14732	-88.27287	-66.45902	111.76747	3.22204	-0.14812	-0.31183	-0.93852	-0.37093	-0.86220	0.34501	-0.91677	0.39922	0.01204	
2656	8.85000	919.35820	724.88145	1512.59615	-86.96976	-66.30373	111.13544	3.32731	-0.14491	-0.28040	-0.94888	-0.37485	-0.87196	0.31492	-0.91569	0.40133	0.02125	
2657	8.85333	920.88556	717.86381	1523.21580	-86.09472	-66.24318	110.30871	3.33941	-0.13982	-0.25306	-0.95729	-0.37781	-0.88001	0.28781	-0.91526	0.40192	0.02744	
2658	8.85667	922.42554	710.59373	1532.88441	-85.56625	-66.14767	109.16311	3.39872	-0.13274	-0.22630	-0.96497	-0.38197	-0.88670	0.26049	-0.91459	0.40317	0.03126	
2659	8.86000	924.09378	703.36392	1541.55121	-85.21847	-65.98924	108.21749	3.38734	-0.12721	-0.20540	-0.97038	-0.38651	-0.89072	0.23921	-0.91347	0.40549	0.03392	
2660	8.86333	925.57881	696.10454	1549.31188	-85.06303	-65.75642	107.15019	3.43787	-0.12108	-0.18564	-0.97513	-0.39236	-0.89341	0.21880	-0.91181	0.40909	0.03534	
2661	8.86667	927.37636	688.96027	1556.17396	-84.97608	-65.44538	106.38233	3.57078	-0.11721	-0.17154	-0.97818	-0.39869	-0.89398	0.20454	-0.90957	0.41396	0.03639	
2662	8.87000	929.21533	681.77322	1562.15581	-85.10332	-65.09027	105.55884	3.54720	-0.11297	-0.16016	-0.98061	-0.40576	-0.89344	0.19267	-0.90697	0.41965	0.03595	
2663	8.87333	931.15154	674.67146	1567.25952	-85.43400	-64.67754	104.63364	3.59731	-0.10806	-0.15061	-0.98267	-0.41384	-0.89193	0.18221	-0.90391	0.42635	0.03405	
2664	8.87667	933.25990	667.76471	1571.41687	-85.95236	-64.23991	103.78416	3.65465	-0.10355	-0.14550	-0.98392	-0.42209	-0.88932	0.17593	-0.90062	0.43352	0.03068	
2665	8.88000	935.49551	661.01747	1574.92063	-86.53459	-63.76109	102.97223	3.69484	-0.09925	-0.14208	-0.98487	-0.43083	-0.88604	0.17123	-0.89696	0.44131	0.02672	
2666	8.88333	937.93745	654.35400	1577.83637	-87.24342	-63.20021	102.21634	3.64358	-0.09541	-0.14165	-0.98531	-0.44066	-0.88154	0.16940	-0.89259	0.45035	0.02168	
2667	8.88667	940.39787	647.92587	1579.69299	-87.91303	-62.65758	101.81321	3.74866	-0.09403	-0.14608	-0.98479	-0.44958	-0.87634	0.17292	-0.88828	0.45900	0.01673	
2668	8.89000	943.14095	641.49213	1581.26044	-88.87679	-62.00621	100.93485	3.70565	-0.08904	-0.14822	-0.98494	-0.46085	-0.87052	0.17266	-0.88300	0.46929	0.00920	
2669	8.89333	946.78345	634.94143	1582.40044	-89.80802	-61.56190	100.49460	3.28416	-0.08674	-0.15687	-0.98380	-0.46824	-0.86523	0.17924	-0.87933	0.47621	0.00160	
2670	8.89667	949.76241	628.97077	1582.65855	-90.65450	-60.89656	99.93134	3.25416	-0.08389	-0.16193	-0.98323	-0.47910	-0.85862	0.18229	-0.87374	0.48636	-0.00556	
2671	8.90000	953.14619	623.18196	1582.57347	-91.57891	-60.31509	99.51996	3.26002	-0.08191	-0.17081	-0.98189	-0.48841	-0.85192	0.18894	-0.86876	0.49504	-0.01365	
2672	8.90333	956.53323	617.59233	1581.79531	-92.42713	-59.55243	99.22529	3.26690	-0.08124	-0.17989	-0.98033	-0.50020	-0.84339	0.19621	-0.86209	0.50630	-0.02146	
2673	8.90667	960.02477	612.05295	1580.62931	-93.15993	-58.81797	98.98344	3.19366	-0.08085	-0.18783	-0.97887	-0.51141	-0.83514	0.20249	-0.85553	0.51697	-0.02854	
2674	8.91000	963.72551	606.72264	1578.93708	-93.97557	-58.05857	98.79836	3.14344	-0.08092	-0.19800	-0.97686	-0.52283	-0.82598	0.21073	-0.84859	0.52778	-0.03668	
2675	8.91333	967.59569	601.50476	1576.77182	-94.88734	-57.24958	98.58736	3.21877	-0.08078	-0.20937	-0.97450	-0.53492	-0.81586	0.21962	-0.84104	0.53901	-0.04609	
2676	8.91667	971.41775	596.11365	1574.18784	-95.64645	-56.49010	98.56088	3.16714	-0.08218	-0.22081	-0.97185	-0.54593	-0.80585	0.22926	-0.83379	0.54940	-0.05432	
2677	8.92000	975.49590	590.92016	1571.42765	-96.60384	-55.69236	98.25327	3.11805	-0.08091	-0.23160	-0.96944	-0.55780	-0.79554	0.23661	-0.82602	0.55990	-0.06482	
2678	8.92333	979.67204	585.81154	1568.19898	-97.42297	-54.90773	98.39293	3.15169	-0.08391	-0.24624	-0.96557	-0.56874	-0.78382	0.24931	-0.81823	0.57008	-0.07427	
2679	8.92667	983.98174	580.69022	1564.80007	-98.28626	-54.04653	98.28582	3.10955	-0.08461	-0.25805	-0.96242	-0.58100	-0.77191	0.25805	-0.80949	0.58100	-0.08462	
2680	8.93000	988.39713	575.55933	1561.26231	-99.07095	-53.26349	98.39678	3.11882	-0.08734	-0.27153	-0.95846	-0.59172	-0.75987	0.26919	-0.80139	0.59066	-0.09430	
2681	8.93333	992.96537	570.22691	1557.57810	-99.86964	-52.34937	98.28122	3.10313	-0.08798	-0.28197	-0.95538	-0.60448	-0.74721	0.27620	-0.79175	0.60180	-0.10470	
2682	8.93667	997.57278	564.95627	1553.46397	-100.67461	-51.49329	98.32645	3.03088	-0.09016	-0.29464	-0.95135	-0.61604	-0.73406	0.28573	-0.78254	0.61183	-0.11533	
2683	8.94000	1001.99034	559.58140	1548.97725	-101.56239	-50.80937	98.33518	2.97987	-0.09160	-0.30839	-0.94684	-0.62523	-0.72224	0.29573	-0.77505	0.61908	-0.12666	
2684	8.94333	1006.88373	554.08767	1544.86864	-102.25429	-49.80712	98.36230	3.07807	-0.09386	-0.31856	-0.94325	-0.63850	-0.70767	0.30253	-0.76388	0.63066	-0.13698	
2685	8.94667	1012.12233	547.99300	1540.19557	-103.90910	-48.80711	98.18389	3.32148	-0.09375	-0.34191	-0.93504	-0.65189	-0.68878	0.31722	-0.75250	0.63929	-0.15831	
2686	8.95000	1016.85468	542.61050	1535.62267	-104.37540	-47.96345	98.58495	3.17771	-0.09996	-0.35289	-0.93031	-0.66210	-0.67434	0.32693	-0.74272	0.64864	-0.16625	
2687	8.95333	1021.72175	536.94882	1531.06982	-104.74454	-47.01840	99.05365	3.10629	-0.10728	-0.36267	-0.92572	-0.67327	-0.65862	0.33605	-0.73157	0.65931	-0.17352	
2688	8.95667	1026.49013	531.09949	1526.35559	-105.35174	-46.15896	99.47233	3.00635	-0.11399	-0.37560	-0.91975	-0.68322	-0.64248	0.34705	-0.72126	0.66794	-0.18338	
2689	8.96000	1031.32212	525.14358	1521.85878	-105.91092	-45.23498	99.85677	3.05262	-0.12055	-0.38698	-0.91417	-0.69381	-0.62579	0.35640	-0.71000	0.67722	-0.19305	
2690	8.96333	1036.08927	518.90884	1517.05316	-106.47017	-44.30972	100.48429	3.04482	-0.13021	-0.40068	-0.90692	-0.70363	-0.60710	0.36924	-0.69854	0.68621	-0.20288	
2691	8.96667	1040.89692	512.72721	1512.56325	-107.04753	-43.42447	101.05742	2.97488	-0.13930	-0.41377	-0.89966	-0.71280	-0.58877	0.38115	-0.68740	0.69437	-0.21292	
2692	8.97000	1045.62897	506.21846	1507.97393	-107.52918	-42.38380	101.70522	2.95668	-0.14985	-0.42534	-0.89254	-0.72329	-0.56832	0.39226	-0.67409	0.70435	-0.22247	
2693	8.97333	1050.14221	499.48826	1503.67468	-108.00394	-41.47250	102.27980	2.90375	-0.15936	-0.43597	-0.88574	-0.73213	-0.54969	0.40228	-0.66226	0.71259	-0.23159	
2694	8.97667	1054.65537	492.77177	1499.47447	-108.44872	-40.51996	102.92824	2.88331	-0.17008	-0.44632	-0.87856	-0.74091	-0.52990	0.41263	-0.64971	0.72111	-0.24056	
2695	8.98000	1059.01866	485.93425	1495.33723	-108.94453	-39.54128	103.48925	2.86670	-0.17988	-0.45616	-0.87153	-0.74989	-0.50981	0.42161	-0.63663	0.72939	-0.25036	
2696	8.98333	1063.38922	479.09453	1491.45777	-109.34588	-38.53702	104.11255	2.86519	-0.19072	-0.46460	-0.86474	-0.75860	-0.48933	0.43022	-0.62302	0.73804	-0.25912	
2697	8.98667	1067.62091	472.23504	1487.83375	-109.68615	-37.57294	104.66410	2.86474	-0.20064	-0.47124	-0.85888	-0.76676	-0.47015	0.43708	-0.60977	0.74625	-0.26699	
2698	8.99000	1071.72195	465.30160	1484.28298	-110.04512	-36.67786	105.19262	2.85795	-0.21018	-0.47783	-0.85294	-0.77398	-0.45169	0.44377	-0.59732	0.75342	-0.27490	
2699	8.99333	1075.62936	458.30167	1481.10297	-110.42441	-35.87520	105.65023	2.88116	-0.21859	-0.48418	-0.84722	-0.78025	-0.43468	0.44973	-0.58602	0.75935	-0.28277	
2700	8.99667	1079.46855	451.55164	1478.16846	-110.79250	-35.01720	105.89201	2.85308	-0.22426	-0.48831	-0.84336	-0.78768	-0.41874	0.45190	-0.57382	0.76564	-0.29073	
2701	9.00000	1083.35122	444.44947	1475.16928	-110.85400	-33.80434	106.50043	2.84850	-0.23601	-0.48899	-0.83975	-0.79672	-0.39739	0.45532	-0.55636	0.77651	-0.29581	
2702	9.00333	1086.80742	437.53491	1472.57388	-111.02814	-32.99863	106.90675	2.85174	-0.24390	-0.49115	-0.83623	-0.80244	-0.38203	0.45843	-0.54462	0.78283	-0.30094	
2703	9.00667	1090.13454	430.64259	1470.36717	-111.16496	-32.19545	107.22169	2.85332	-0.25054	-0.49197	-0.83378	-0.80830	-0.36769	0.45985	-0.53281	0.78915	-0.30554	
2704	9.01000	1093.17224	424.06198	1468.32664	-111.12194	-31.29457	107.69305	2.95716	-0.25970	-0.49057	-0.83180	-0.81409	-0.35210	0.46183	-0.51944	0.79710	-0.30793	
2705	9.01333	1096.15071	417.11423	1466.52715	-111.22374	-30.57575	107.95724	2.90883	-0.26544	-0.49057	-0.82999	-0.81902	-0.33947	0.46257	-0.50868	0.80256	-0.31168	
2706	9.01667	1099.43678	409.64968	1465.02289	-111.73019	-30.16710	107.81112	2.60161	-0.26445	-0.49528	-0.82750	-0.82312	-0.33119	0.46128	-0.50252	0.80313	-0.32009	
2707	9.02000	1102.05604	402.69236	1463.99595	-111.90824	-29.50665	108.08648	2.57487	-0.27019	-0.49655	-0.82489	-0.82730	-0.31854	0.46272	-0.49252	0.80745	-0.32473	
2708	9.02333	1104.56851	395.81012	1463.25162	-111.90440	-28.84998	108.52231	2.71647	-0.27825	-0.49595	-0.82256	-0.83052	-0.30598	0.46542	-0.48252	0.81265	-0.32676	
2709	9.02667	1106.83469	388.83877	1462.80319	-111.92522	-28.21901	108.87817	2.80002	-0.28510	-0.49524	-0.82064	-0.83375	-0.29423	0.46722	-0.47284	0.81742	-0.32902	
2710	9.03000	1108.93141	381.93783	1462.58733	-111.86539	-27.62497	109.31534	2.92329	-0.29306	-0.49380	-0.81870	-0.83613	-0.28292	0.46994	-0.46368	0.82226	-0.32997	
2711	9.03333	1110.82676	375.04645	1462.79689	-111.95738	-27.00771	109.68732	2.89394	-0.30015	-0.49395	-0.81604	-0.83887	-0.27058	0.47232	-0.45411	0.82632	-0.33314	
2712	9.03667	1112.52171	368.22023	1463.25119	-111.83013	-26.39772	110.13651	2.91711	-0.30836	-0.49121	-0.81463	-0.84098	-0.25948	0.47479	-0.44460	0.83150	-0.33308	
2713	9.04000	1114.00873	361.27952	1463.99879	-111.80152	-25.86846	110.47123	2.87553	-0.31469	-0.48962	-0.81317	-0.84297	-0.24963	0.47653	-0.43631	0.83544	-0.33418	
2714	9.04333	1115.32813	354.73221	1465.27208	-111.56315	-25.20053	111.09892	3.10404	-0.32572	-0.48544	-0.81133	-0.84416	-0.23714	0.48078	-0.42579	0.84150	-0.33255	
2715	9.04667	1116.42937	348.05591	1466.64362	-111.42049	-24.55182	111.49263	3.00785	-0.33326	-0.48154	-0.81059	-0.84634	-0.22611	0.48227	-0.41552	0.84676	-0.33219	
2716	9.05000	1117.51939	341.60074	1468.30160	-111.18000	-23.94066	111.96943	3.03350	-0.34193	-0.47662	-0.80989	-0.84760	-0.21574	0.48481	-0.40579	0.85223	-0.33022	
2717	9.05333	1118.31206	335.05846	1470.32115	-110.93156	-23.40991	112.34180	2.98876	-0.34884	-0.47150	-0.80994	-0.84880	-0.20743	0.48633	-0.39731	0.85713	-0.32785	
2718	9.05667	1118.82044	328.62854	1472.87292	-110.65054	-23.10242	112.64236	3.12374	-0.35410	-0.46684	-0.81035	-0.84891	-0.20310	0.48796	-0.39238	0.86071	-0.32438	
2719	9.06000	1119.39302	322.41503	1475.68342	-110.51923	-22.49553	113.17278	2.99998	-0.36356	-0.46325	-0.80822	-0.84937	-0.19149	0.49183	-0.38261	0.86529	-0.32385	
2720	9.06333	1119.67699	316.26374	1478.76514	-110.19479	-21.97222	113.40387	3.00262	-0.36836	-0.45629	-0.81000	-0.85107	-0.18514	0.49133	-0.37416	0.87036	-0.32014	
2721	9.06667	1119.76189	310.18553	1482.26437	-109.89864	-21.48045	113.57131	3.00522	-0.37211	-0.44965	-0.81200	-0.85290	-0.17949	0.49025	-0.36618	0.87499	-0.31672	
2722	9.07000	1120.05341	304.33695	1485.84251	-109.54386	-20.93608	113.79875	2.89547	-0.37688	-0.44197	-0.81402	-0.85456	-0.17311	0.48965	-0.35733	0.88017	-0.31244	
2723	9.07333	1120.15919	298.70631	1489.94522	-109.28457	-20.48987	113.85455	2.89619	-0.37883	-0.43567	-0.81651	-0.85671	-0.16861	0.48745	-0.35004	0.88417	-0.30937	
2724	9.07667	1120.03573	293.07157	1494.18693	-108.97437	-19.99697	113.88084	2.83818	-0.38043	-0.42823	-0.81969	-0.85926	-0.16407	0.48451	-0.34197	0.88865	-0.30554	
2725	9.08000	1119.68211	287.52204	1498.80698	-108.72160	-19.53613	113.87492	2.82011	-0.38144	-0.42169	-0.82261	-0.86179	-0.15970	0.48147	-0.33440	0.89257	-0.30249	
2726	9.08333	1119.30584	282.07925	1503.75515	-108.46585	-19.07637	113.91093	2.86103	-0.38306	-0.41520	-0.82515	-0.86397	-0.15502	0.47908	-0.32683	0.89642	-0.29935	
2727	9.08667	1118.60262	276.82441	1509.03796	-108.22233	-18.61522	113.85925	2.84261	-0.38333	-0.40862	-0.82830	-0.86670	-0.15081	0.47549	-0.31921	0.90016	-0.29635	
2728	9.09000	1117.84100	271.43631	1514.66165	-107.99490	-18.01032	113.75105	2.83053	-0.38303	-0.40121	-0.83206	-0.87046	-0.14473	0.47049	-0.30919	0.90448	-0.29379	
2729	9.09333	1116.84385	266.35293	1520.53514	-107.85419	-17.53032	113.52762	2.85632	-0.38065	-0.39556	-0.83585	-0.87429	-0.14048	0.46464	-0.30121	0.90763	-0.29236	
2730	9.09667	1115.67483	261.30711	1526.71934	-107.64270	-17.06495	113.38163	2.86180	-0.37938	-0.38917	-0.83941	-0.87747	-0.13641	0.45982	-0.29346	0.91101	-0.28974	
2731	9.10000	1114.55373	256.40392	1533.29164	-107.51338	-16.47746	113.10008	2.88815	-0.37623	-0.38292	-0.84370	-0.88205	-0.13074	0.45266	-0.28364	0.91448	-0.28857	
2732	9.10333	1113.10865	251.65120	1540.05448	-107.36757	-15.94092	112.87011	2.85529	-0.37370	-0.37691	-0.84752	-0.88596	-0.12551	0.44646	-0.27465	0.91771	-0.28702	
2733	9.10667	1111.62505	246.99680	1547.16560	-107.13038	-15.48885	112.60063	2.92754	-0.37035	-0.37000	-0.85202	-0.88968	-0.12241	0.43987	-0.26705	0.92093	-0.28385	
2734	9.11000	1109.79151	242.42802	1554.45560	-107.11536	-14.89225	112.27534	2.87340	-0.36633	-0.36544	-0.85572	-0.89429	-0.11574	0.43226	-0.25700	0.92361	-0.28441	
2735	9.11333	1108.06844	238.09531	1562.34185	-107.00005	-14.33497	111.91161	3.16141	-0.36156	-0.35961	-0.86021	-0.89887	-0.11056	0.42403	-0.24759	0.92653	-0.28327	
2736	9.11667	1105.98454	233.62182	1570.14111	-107.00665	-13.73289	111.35020	3.04112	-0.35366	-0.35506	-0.86537	-0.90475	-0.10495	0.41282	-0.23740	0.92893	-0.28412	
2737	9.12000	1103.68453	229.42559	1578.38023	-107.01979	-13.06069	110.90733	2.97701	-0.34763	-0.35054	-0.86964	-0.90999	-0.09741	0.40302	-0.22598	0.93147	-0.28513	
2738	9.12333	1101.41518	225.50987	1586.82540	-106.94184	-12.53299	110.21996	2.97355	-0.33739	-0.34519	-0.87579	-0.91601	-0.09408	0.38996	-0.21700	0.93381	-0.28446	
2739	9.12667	1098.91851	221.55084	1595.47774	-106.95655	-11.97662	109.53209	2.94776	-0.32706	-0.34123	-0.88125	-0.92194	-0.08956	0.37684	-0.20751	0.93570	-0.28530	
2740	9.13000	1095.67975	217.76820	1604.47575	-106.80127	-11.49481	109.21426	3.12780	-0.32250	-0.33573	-0.88503	-0.92535	-0.08502	0.36945	-0.19928	0.93811	-0.28326	
2741	9.13333	1092.58386	213.84400	1613.59233	-106.79205	-10.83763	108.41684	3.06024	-0.31029	-0.33097	-0.89117	-0.93186	-0.07952	0.35400	-0.18803	0.94028	-0.28375	
2742	9.13667	1089.38765	210.15598	1622.87592	-106.75465	-10.20936	107.64933	2.99966	-0.29839	-0.32616	-0.89698	-0.93784	-0.07433	0.33901	-0.17725	0.94239	-0.28371	
2743	9.14000	1086.36684	206.56995	1632.49004	-106.75210	-9.72069	106.69611	3.10168	-0.28317	-0.32253	-0.90321	-0.94409	-0.07206	0.32172	-0.16885	0.94381	-0.28409	
2744	9.14333	1083.05103	203.24043	1641.98664	-106.68554	-9.16694	105.69718	2.98547	-0.26710	-0.31770	-0.90979	-0.95041	-0.06923	0.30320	-0.15931	0.94566	-0.28345	
2745	9.14667	1079.00173	200.07674	1651.70834	-106.47833	-8.65841	105.01175	2.98885	-0.25607	-0.31136	-0.91514	-0.95487	-0.06596	0.28962	-0.15054	0.94800	-0.28042	
2746	9.15000	1075.18109	196.99970	1661.47647	-106.27741	-8.19087	104.11831	3.00769	-0.24144	-0.30518	-0.92118	-0.95990	-0.06426	0.27287	-0.14247	0.95012	-0.27743	
2747	9.15333	1071.37064	193.86872	1671.44572	-106.13322	-7.76941	103.00474	3.10999	-0.22297	-0.29997	-0.92753	-0.96541	-0.06400	0.25277	-0.13519	0.95180	-0.27532	
2748	9.15667	1067.09941	190.88720	1681.32795	-105.99046	-7.26207	101.97566	2.98288	-0.20583	-0.29470	-0.93316	-0.97039	-0.06171	0.23353	-0.12641	0.95360	-0.27327	
2749	9.16000	1062.83915	188.20999	1691.22462	-105.58285	-6.98463	100.85364	3.02043	-0.18690	-0.28588	-0.93986	-0.97482	-0.06445	0.21346	-0.12160	0.95609	-0.26664	
2750	9.16333	1058.12227	185.36905	1701.14843	-105.29926	-6.52116	99.76968	2.97357	-0.16859	-0.27862	-0.94549	-0.97912	-0.06318	0.19321	-0.11357	0.95832	-0.26215	
2751	9.16667	1053.29194	182.80875	1710.94855	-104.86832	-6.21133	98.69363	2.95951	-0.15026	-0.26946	-0.95122	-0.98271	-0.06459	0.17353	-0.10820	0.96084	-0.25509	
2752	9.17000	1048.09194	180.51273	1720.57209	-104.39635	-6.06393	97.89133	3.01313	-0.13653	-0.26032	-0.95582	-0.98499	-0.06722	0.15900	-0.10564	0.96318	-0.24724	
2753	9.17333	1042.83362	177.81536	1730.32254	-104.02559	-5.70439	96.74711	3.07504	-0.11691	-0.25201	-0.96064	-0.98816	-0.06729	0.13791	-0.09940	0.96538	-0.24115	
2754	9.17667	1037.56628	175.44943	1739.63826	-103.47027	-5.50712	95.52425	3.09076	-0.09582	-0.24084	-0.96582	-0.99076	-0.07047	0.11587	-0.09597	0.96800	-0.23187	
2755	9.18000	1032.12047	173.02252	1748.87680	-103.06664	-5.30489	94.37403	3.05431	-0.07594	-0.23229	-0.96968	-0.99282	-0.07256	0.09513	-0.09246	0.96994	-0.22512	
2756	9.18333	1026.75691	170.53344	1757.97573	-102.74735	-5.23301	93.16508	3.17868	-0.05498	-0.22523	-0.97275	-0.99431	-0.07664	0.07395	-0.09121	0.97129	-0.21973	
2757	9.18667	1021.66456	168.22256	1766.57002	-102.28391	-5.14639	92.18018	3.19692	-0.03789	-0.21594	-0.97567	-0.99525	-0.07949	0.05624	-0.08970	0.97317	-0.21190	
2758	9.19000	1014.90879	165.89729	1775.23989	-101.79044	-5.19619	90.58509	2.79472	-0.01017	-0.20523	-0.97866	-0.99584	-0.08656	0.02850	-0.09057	0.97488	-0.20349	
2759	9.19333	1009.50896	163.81980	1783.09993	-101.15180	-5.03874	89.92574	2.97361	0.00129	-0.19330	-0.98114	-0.99613	-0.08642	0.01572	-0.08783	0.97733	-0.19266	
2760	9.19667	1003.18208	161.76408	1790.81318	-100.72339	-5.20984	88.64351	2.72802	0.02358	-0.18390	-0.98266	-0.99559	-0.09360	-0.00637	-0.09080	0.97848	-0.18530	
2761	9.20000	997.26154	159.50607	1798.17310	-100.37542	-5.11076	87.57914	2.63278	0.04207	-0.17624	-0.98345	-0.99514	-0.09515	-0.02552	-0.08908	0.97974	-0.17938	
2762	9.20333	991.46186	157.32616	1804.93244	-100.01134	-5.06036	86.48673	2.55543	0.06104	-0.16819	-0.98386	-0.99423	-0.09735	-0.04504	-0.08821	0.98094	-0.17317	
2763	9.20667	986.19754	155.23437	1811.26333	-99.65382	-4.93168	85.76639	2.75700	0.07355	-0.16098	-0.98421	-0.99358	-0.09690	-0.05840	-0.08597	0.98219	-0.16707	
2764	9.21000	979.68737	153.25922	1817.44461	-99.36295	-5.09079	84.48947	2.43623	0.09565	-0.15353	-0.98350	-0.99145	-0.10277	-0.08038	-0.08873	0.98279	-0.16205	
2765	9.21333	973.95466	151.36497	1822.80909	-99.13465	-5.09679	83.49096	2.43702	0.11291	-0.14779	-0.98255	-0.98963	-0.10514	-0.09791	-0.08884	0.98341	-0.15813	
2766	9.21667	968.06712	149.47213	1827.97000	-99.01048	-4.97324	82.66853	2.51988	0.12713	-0.14441	-0.98132	-0.98809	-0.10491	-0.11257	-0.08669	0.98394	-0.15603	
2767	9.22000	963.02165	147.66308	1832.38308	-98.92416	-4.86478	82.07680	2.48189	0.13735	-0.14210	-0.98028	-0.98689	-0.10436	-0.12315	-0.08480	0.98434	-0.15457	
2768	9.22333	957.87798	146.08629	1836.34797	-98.68521	-4.97735	81.23337	2.54185	0.15184	-0.13617	-0.97898	-0.98459	-0.10778	-0.13771	-0.08676	0.98481	-0.15044	
2769	9.22667	952.75267	144.43917	1839.81646	-98.54834	-4.92034	80.43303	2.59917	0.16559	-0.13248	-0.97726	-0.98246	-0.10834	-0.15178	-0.08577	0.98525	-0.14810	
2770	9.23000	947.70992	142.73359	1842.90848	-98.47977	-4.78326	79.85555	2.66193	0.17552	-0.13063	-0.97577	-0.98094	-0.10716	-0.16210	-0.08339	0.98562	-0.14695	
2771	9.23333	943.10287	141.23341	1845.28144	-98.38008	-4.81561	79.05450	2.67022	0.18920	-0.12732	-0.97365	-0.97834	-0.10921	-0.17584	-0.08395	0.98583	-0.14522	
2772	9.23667	938.54189	139.81358	1847.22726	-98.31972	-4.81901	78.49221	2.75645	0.19880	-0.12520	-0.97201	-0.97643	-0.11032	-0.18549	-0.08401	0.98598	-0.14419	
2773	9.24000	934.20414	138.34476	1848.68682	-98.37428	-4.79333	77.90748	2.77248	0.20876	-0.12509	-0.96993	-0.97439	-0.11135	-0.19536	-0.08356	0.98588	-0.14513	
2774	9.24333	930.22852	136.77158	1849.63762	-98.47485	-4.69213	77.53400	2.78627	0.21514	-0.12644	-0.96836	-0.97315	-0.11081	-0.20173	-0.08180	0.98577	-0.14688	
2775	9.24667	926.39075	135.33099	1850.11321	-98.62530	-4.60972	77.15726	2.81725	0.22156	-0.12856	-0.96664	-0.97183	-0.11081	-0.20801	-0.08037	0.98549	-0.14949	
2776	9.25000	923.02594	133.82416	1850.08086	-98.77776	-4.58594	76.95298	2.84874	0.22503	-0.13082	-0.96553	-0.97107	-0.11143	-0.21122	-0.07995	0.98512	-0.15211	
2777	9.25333	919.90624	132.39409	1849.43724	-98.90650	-4.58731	76.76540	2.84025	0.22821	-0.13262	-0.96454	-0.97032	-0.11236	-0.21412	-0.07998	0.98478	-0.15433	
2778	9.25667	917.01316	130.95913	1848.50903	-99.10156	-4.54153	76.69949	2.86375	0.22934	-0.13595	-0.96381	-0.97012	-0.11248	-0.21497	-0.07918	0.98431	-0.15769	
2779	9.26000	914.42854	129.49254	1847.06598	-99.27759	-4.50925	76.75652	2.86340	0.22838	-0.13915	-0.96358	-0.97039	-0.11246	-0.21376	-0.07862	0.98386	-0.16072	
2780	9.26333	912.10140	128.00473	1845.23293	-99.49019	-4.47866	76.87046	2.82185	0.22646	-0.14307	-0.96346	-0.97089	-0.11246	-0.21151	-0.07809	0.98330	-0.16438	
2781	9.26667	910.37850	126.52191	1842.97128	-99.63251	-4.57449	77.04565	2.82624	0.22346	-0.14544	-0.96380	-0.97144	-0.11414	-0.20801	-0.07976	0.98276	-0.16680	
2782	9.27000	908.64117	124.90551	1840.41448	-99.85184	-4.52324	77.34148	2.79903	0.21846	-0.14991	-0.96426	-0.97265	-0.11331	-0.20274	-0.07886	0.98218	-0.17057	
2783	9.27333	907.05245	123.04174	1837.51819	-100.17574	-4.34129	77.79442	2.75201	0.21081	-0.15692	-0.96485	-0.97459	-0.11017	-0.19502	-0.07570	0.98145	-0.17616	
2784	9.27667	906.05111	121.23052	1834.22767	-100.37705	-4.32884	78.22416	2.73713	0.20350	-0.16118	-0.96572	-0.97616	-0.10944	-0.18744	-0.07548	0.98084	-0.17961	
2785	9.28000	905.70027	118.95828	1830.63946	-100.59740	-4.24329	78.91414	3.11163	0.19175	-0.16649	-0.96722	-0.97865	-0.10673	-0.17565	-0.07399	0.98025	-0.18340	
2786	9.28333	904.99736	117.18969	1826.83054	-100.78185	-4.27192	79.37323	3.04167	0.18390	-0.17037	-0.96807	-0.98012	-0.10642	-0.16746	-0.07449	0.97962	-0.18655	
2787	9.28667	904.45500	115.11163	1822.91232	-101.02720	-4.18373	79.96602	2.99959	0.17377	-0.17587	-0.96895	-0.98208	-0.10384	-0.15727	-0.07296	0.97892	-0.19077	
2788	9.29000	903.97818	112.75971	1818.79519	-101.32099	-3.99277	80.70827	3.03881	0.16107	-0.18271	-0.96988	-0.98448	-0.09908	-0.14483	-0.06963	0.97816	-0.19583	
2789	9.29333	903.76979	110.59756	1814.51349	-101.48278	-4.01040	81.28677	2.98291	0.15112	-0.18639	-0.97078	-0.98604	-0.09790	-0.13469	-0.06994	0.97758	-0.19859	
2790	9.29667	903.73117	108.20901	1810.02546	-101.66010	-3.95324	81.99351	3.04891	0.13895	-0.19073	-0.97176	-0.98790	-0.09501	-0.12261	-0.06894	0.97703	-0.20162	
2791	9.30000	903.88306	105.58785	1805.54671	-101.97198	-3.84171	82.47632	2.96902	0.13064	-0.19707	-0.97165	-0.98916	-0.09214	-0.11431	-0.06700	0.97605	-0.20697	
2792	9.30333	904.01031	102.96046	1800.93913	-102.10490	-3.73713	83.15932	2.97133	0.11886	-0.20062	-0.97243	-0.99077	-0.08825	-0.10289	-0.06518	0.97569	-0.20926	
2793	9.30667	904.19497	100.18403	1796.30486	-102.22169	-3.60491	83.83767	2.98478	0.10713	-0.20388	-0.97312	-0.99225	-0.08382	-0.09168	-0.06288	0.97540	-0.21128	
2794	9.31000	904.37773	97.36012	1791.62201	-102.29253	-3.47423	84.55817	3.03842	0.09466	-0.20633	-0.97389	-0.99366	-0.07913	-0.07982	-0.06060	0.97528	-0.21251	
2795	9.31333	904.59716	94.38111	1786.88181	-102.32912	-3.30045	85.23769	3.09260	0.08288	-0.20812	-0.97459	-0.99489	-0.07378	-0.06886	-0.05757	0.97532	-0.21317	
2796	9.31667	904.77948	91.25898	1782.12959	-102.35536	-3.09473	85.99638	3.12311	0.06972	-0.20977	-0.97526	-0.99610	-0.06755	-0.05668	-0.05399	0.97541	-0.21366	
2797	9.32000	904.94765	88.12958	1777.40717	-102.38038	-2.85643	86.68764	3.18949	0.05771	-0.21123	-0.97573	-0.99709	-0.06098	-0.04577	-0.04983	0.97553	-0.21413	
2798	9.32333	905.46611	84.42926	1772.93112	-102.62315	-2.46858	87.23004	3.27844	0.04828	-0.21625	-0.97514	-0.99790	-0.05254	-0.03776	-0.04307	0.97492	-0.21833	
2799	9.32667	905.84916	80.93572	1768.17940	-102.63019	-2.24816	87.82238	3.28224	0.03797	-0.21705	-0.97542	-0.99851	-0.04656	-0.02851	-0.03923	0.97505	-0.21849	
2800	9.33000	906.05912	77.29320	1763.57835	-102.68525	-1.95135	88.43879	3.33397	0.02723	-0.21861	-0.97543	-0.99905	-0.03919	-0.01911	-0.03405	0.97503	-0.21947	
2801	9.33333	906.08858	73.27081	1759.00832	-102.80612	-1.52246	89.00326	3.30994	0.01739	-0.22117	-0.97508	-0.99950	-0.02976	-0.01107	-0.02657	0.97478	-0.22157	
2802	9.33667	905.97742	69.48724	1754.48965	-102.89370	-1.16979	89.56145	3.14744	0.00765	-0.22298	-0.97479	-0.99976	-0.02161	-0.00291	-0.02042	0.97458	-0.22310	
2803	9.34000	906.22345	65.18382	1750.09930	-102.96911	-0.74246	90.15089	3.31567	-0.00263	-0.22446	-0.97448	-0.99991	-0.01204	0.00547	-0.01296	0.97441	-0.22441	
2804	9.34333	905.78310	61.11156	1745.88045	-103.00382	-0.31259	90.57514	3.13371	-0.01004	-0.22506	-0.97429	-0.99993	-0.00306	0.01101	-0.00546	0.97434	-0.22501	
2805	9.34667	905.37419	56.84582	1741.72673	-103.07165	0.12400	91.10604	3.15302	-0.01930	-0.22609	-0.97392	-0.99981	0.00647	0.01831	0.00216	0.97409	-0.22617	
2806	9.35000	905.29072	52.27610	1737.74146	-103.09553	0.57681	91.67862	3.33830	-0.02929	-0.22619	-0.97364	-0.99952	0.01644	0.02625	0.01007	0.97394	-0.22656	
2807	9.35333	904.73778	47.88637	1733.96695	-103.10609	0.99913	92.04795	3.35756	-0.03573	-0.22600	-0.97347	-0.99921	0.02508	0.03085	0.01744	0.97380	-0.22672	
2808	9.35667	904.12428	43.48623	1730.29341	-102.97072	1.39748	92.40803	3.38904	-0.04200	-0.22326	-0.97385	-0.99882	0.03318	0.03547	0.02439	0.97420	-0.22439	
2809	9.36000	903.26771	38.90722	1727.01827	-102.95134	1.88901	92.75589	3.37033	-0.04805	-0.22232	-0.97379	-0.99830	0.04286	0.03948	0.03296	0.97403	-0.22400	
2810	9.36333	902.38195	34.29305	1723.97642	-102.89161	2.35371	93.01915	3.37538	-0.05263	-0.22069	-0.97392	-0.99777	0.05173	0.04219	0.04107	0.97397	-0.22292	
2811	9.36667	901.41058	29.77804	1721.15881	-102.70939	2.73931	93.15932	3.40239	-0.05505	-0.21710	-0.97460	-0.99734	0.05868	0.04326	0.04779	0.97438	-0.21975	
2812	9.37000	900.12991	25.18605	1718.66061	-102.52872	3.18769	93.28798	3.38916	-0.05727	-0.21346	-0.97527	-0.99681	0.06664	0.04395	0.05561	0.97468	-0.21659	
2813	9.37333	898.82536	20.55591	1716.40728	-102.35477	3.56536	93.28577	3.35697	-0.05721	-0.21013	-0.97600	-0.99642	0.07291	0.04270	0.06219	0.97495	-0.21355	
2814	9.37667	897.07923	15.90887	1714.52055	-102.15377	4.05884	93.20014	3.34477	-0.05568	-0.20635	-0.97689	-0.99594	0.08084	0.03969	0.07078	0.97513	-0.21001	
2815	9.38000	895.30395	11.29087	1712.97799	-101.95127	4.42835	93.08517	3.33680	-0.05366	-0.20271	-0.97777	-0.99557	0.08657	0.03669	0.07721	0.97540	-0.20646	
2816	9.38333	893.46781	6.69009	1711.70433	-101.67242	4.71279	92.86513	3.29816	-0.04982	-0.19804	-0.97893	-0.99537	0.09047	0.03235	0.08216	0.97601	-0.20163	
2817	9.38667	891.34466	2.15816	1710.78091	-101.33511	5.01399	92.58426	3.34240	-0.04492	-0.19248	-0.98027	-0.99516	0.09447	0.02705	0.08740	0.97674	-0.19579	
2818	9.39000	889.32575	-2.30700	1710.14931	-100.92113	5.16860	92.22892	3.31970	-0.03873	-0.18587	-0.98181	-0.99518	0.09576	0.02113	0.09009	0.97790	-0.18869	
2819	9.39333	886.96047	-6.82557	1710.00155	-100.55006	5.35147	91.83410	3.31383	-0.03187	-0.18007	-0.98314	-0.99513	0.09750	0.01440	0.09326	0.97881	-0.18230	
2820	9.39667	884.83679	-11.55426	1709.93450	-100.22083	6.23956	91.47098	3.27786	-0.02552	-0.17464	-0.98430	-0.99375	0.11148	0.00598	0.10869	0.97830	-0.17639	
2821	9.40000	881.88294	-16.04497	1710.41512	-99.69041	6.45591	91.04089	3.21517	-0.01805	-0.16628	-0.98591	-0.99349	0.11387	-0.00102	0.11244	0.97948	-0.16726	
2822	9.40333	878.77228	-20.53431	1711.27882	-99.03654	6.66116	90.53329	3.27688	-0.00924	-0.15599	-0.98772	-0.99321	0.11601	-0.00903	0.11600	0.98092	-0.15600	
2823	9.40667	875.46332	-24.92392	1712.49303	-98.37159	6.87133	90.00974	3.32332	-0.00017	-0.14557	-0.98935	-0.99282	0.11839	-0.01725	0.11964	0.98224	-0.14455	
2824	9.41000	871.88186	-29.37362	1714.11718	-97.63268	7.06255	89.43675	3.36270	0.00976	-0.13401	-0.99093	-0.99236	0.12055	-0.02607	0.12295	0.98362	-0.13181	
2825	9.41333	868.09996	-33.74776	1715.99579	-96.75031	7.20307	88.85777	3.45233	0.01978	-0.12000	-0.99258	-0.99191	0.12215	-0.03453	0.12539	0.98523	-0.11662	
2826	9.41667	864.28390	-38.52322	1718.23491	-95.96687	7.16692	88.24084	3.58644	0.03046	-0.10771	-0.99372	-0.99172	0.12083	-0.04350	0.12476	0.98681	-0.10314	
2827	9.42000	860.07996	-42.90687	1720.77554	-95.13037	7.21566	87.53641	3.58282	0.04264	-0.09472	-0.99459	-0.99116	0.12114	-0.05403	0.12560	0.98811	-0.08871	
2828	9.42333	855.72659	-47.18607	1723.56604	-94.21509	7.29144	86.79962	3.55377	0.05538	-0.08045	-0.99522	-0.99037	0.12227	-0.06499	0.12692	0.98923	-0.07291	
2829	9.42667	851.21551	-51.21779	1726.59906	-93.31800	7.42530	86.01454	3.48632	0.06892	-0.06670	-0.99539	-0.98922	0.12468	-0.07685	0.12923	0.98995	-0.05739	
2830	9.43000	846.44804	-55.22600	1729.92881	-92.42361	7.51517	85.20481	3.43106	0.08288	-0.05306	-0.99515	-0.98794	0.12668	-0.08903	0.13079	0.99052	-0.04192	
2831	9.43333	841.55302	-59.30972	1733.58989	-91.50297	7.48391	84.36157	3.42425	0.09741	-0.03889	-0.99448	-0.98668	0.12700	-0.10162	0.13025	0.99114	-0.02601	
2832	9.43667	836.40495	-63.20025	1737.34281	-90.55106	7.41224	83.50665	3.42159	0.11214	-0.02414	-0.99340	-0.98528	0.12709	-0.11432	0.12901	0.99160	-0.00954	
2833	9.44000	831.13610	-67.13780	1741.39447	-89.69675	7.35160	82.66582	3.45186	0.12661	-0.01109	-0.99189	-0.98367	0.12758	-0.12698	0.12796	0.99177	0.00525	
2834	9.44333	825.48776	-70.79541	1745.72098	-88.72749	6.90705	81.71067	3.45915	0.14313	0.00464	-0.98969	-0.98237	0.12218	-0.14149	0.12026	0.99250	0.02205	
2835	9.44667	819.83123	-74.38578	1750.21554	-87.82135	6.66119	80.76048	3.45737	0.15948	0.01891	-0.98702	-0.98036	0.12051	-0.15609	0.11600	0.99253	0.03776	
2836	9.45000	814.12592	-77.90494	1754.89009	-86.89146	6.38388	79.80083	3.47461	0.17597	0.03371	-0.98382	-0.97810	0.11887	-0.17088	0.11119	0.99234	0.05389	
2837	9.45333	807.99633	-81.19928	1759.71942	-86.07115	6.10274	78.76707	3.41997	0.19369	0.04654	-0.97996	-0.97528	0.11738	-0.18720	0.10631	0.99200	0.06813	
2838	9.45667	801.95085	-84.51020	1764.58583	-85.19549	5.81499	77.76085	3.44292	0.21090	0.06045	-0.97564	-0.97224	0.11642	-0.20295	0.10132	0.99136	0.08333	
2839	9.46000	795.66444	-87.69957	1769.70573	-84.44156	5.63823	76.73964	3.40468	0.22827	0.07185	-0.97094	-0.96863	0.11740	-0.21904	0.09825	0.99048	0.09639	
2840	9.46333	789.32156	-90.78375	1774.77884	-83.70229	5.44307	75.73607	3.39886	0.24528	0.08308	-0.96589	-0.96480	0.11841	-0.23482	0.09486	0.98948	0.10920	
2841	9.46667	782.98327	-93.68743	1779.92918	-82.93652	5.16666	74.67934	3.41064	0.26315	0.09499	-0.96007	-0.96054	0.11868	-0.25154	0.09005	0.98838	0.12247	
2842	9.47000	776.51842	-96.56910	1785.15083	-82.31621	4.99804	73.61669	3.41268	0.28099	0.10392	-0.95407	-0.95575	0.12055	-0.26835	0.08712	0.98725	0.13320	
2843	9.47333	770.41997	-99.46471	1790.23355	-81.66325	5.22867	72.65890	3.44107	0.29682	0.11153	-0.94840	-0.95058	0.12929	-0.28230	0.09113	0.98532	0.14439	
2844	9.47667	763.80441	-102.04974	1795.40968	-81.12588	5.00226	71.58061	3.45589	0.31477	0.11914	-0.94166	-0.94516	0.13048	-0.29943	0.08720	0.98427	0.15368	
2845	9.48000	757.19815	-104.57381	1800.59333	-80.69919	4.92524	70.49851	3.43973	0.33260	0.12406	-0.93487	-0.93915	0.13382	-0.31636	0.08586	0.98321	0.16102	
2846	9.48333	750.67255	-106.91411	1805.69037	-80.26700	4.85958	69.42291	3.44196	0.35020	0.12893	-0.92776	-0.93283	0.13759	-0.33300	0.08471	0.98206	0.16845	
2847	9.48667	744.15714	-109.13585	1810.74607	-79.92619	4.73118	68.33208	3.44292	0.36797	0.13257	-0.92034	-0.92617	0.14005	-0.35013	0.08248	0.98123	0.17432	
2848	9.49000	737.71012	-111.24262	1815.62151	-79.64626	4.66524	67.25730	3.42896	0.38531	0.13482	-0.91288	-0.91919	0.14327	-0.36682	0.08133	0.98046	0.17913	
2849	9.49333	731.37738	-113.19496	1820.40718	-79.37585	4.60287	66.18224	3.40796	0.40253	0.13681	-0.90513	-0.91188	0.14661	-0.38337	0.08025	0.97969	0.18377	
2850	9.49667	725.19222	-115.04715	1824.98373	-79.15958	4.61268	65.15234	3.38476	0.41885	0.13747	-0.89759	-0.90449	0.15070	-0.39898	0.08042	0.97897	0.18746	
2851	9.50000	719.14325	-116.78955	1829.41968	-78.97366	4.61755	64.14067	3.33364	0.43475	0.13764	-0.88997	-0.89695	0.15453	-0.41426	0.08050	0.97835	0.19064	
2852	9.50333	713.24676	-118.41622	1833.66204	-78.79762	4.68512	63.20956	3.34536	0.44922	0.13731	-0.88281	-0.88968	0.15909	-0.42798	0.08168	0.97767	0.19363	
2853	9.50667	707.55467	-119.91749	1837.69906	-78.65717	4.76329	62.33799	3.35555	0.46265	0.13640	-0.87598	-0.88264	0.16342	-0.44072	0.08304	0.97708	0.19600	
2854	9.51000	701.96497	-121.27837	1841.41109	-78.56591	4.77285	61.55528	3.36294	0.47466	0.13546	-0.86968	-0.87623	0.16613	-0.45235	0.08321	0.97675	0.19755	
2855	9.51333	696.62976	-122.55631	1844.86417	-78.47794	4.88325	60.86187	3.35434	0.48515	0.13385	-0.86413	-0.87028	0.17011	-0.46225	0.08513	0.97629	0.19902	
2856	9.51667	691.46059	-123.70002	1848.02273	-78.43066	5.00131	60.28183	3.37770	0.49385	0.13184	-0.85950	-0.86517	0.17360	-0.47048	0.08718	0.97595	0.19979	
2857	9.52000	686.47650	-124.72217	1850.89023	-78.39613	5.12257	59.82200	3.38325	0.50068	0.12992	-0.85583	-0.86102	0.17672	-0.47689	0.08929	0.97565	0.20034	
2858	9.52333	681.74342	-125.64507	1853.45273	-78.38917	5.28352	59.46001	3.40084	0.50598	0.12751	-0.85307	-0.85762	0.17996	-0.48178	0.09208	0.97538	0.20041	
2859	9.52667	677.32261	-126.37110	1855.62944	-78.38004	5.37170	59.20352	3.41130	0.50974	0.12607	-0.85104	-0.85522	0.18189	-0.48530	0.09362	0.97520	0.20053	
2860	9.53000	673.07942	-127.06200	1857.57792	-78.45358	5.57381	59.05121	3.39671	0.51184	0.12272	-0.85027	-0.85357	0.18455	-0.48719	0.09713	0.97513	0.19922	
2861	9.53333	669.11534	-127.61900	1859.15174	-78.56241	5.74706	58.99692	3.42146	0.51250	0.11942	-0.85035	-0.85283	0.18627	-0.48783	0.10014	0.97521	0.19730	
2862	9.53667	665.52279	-128.15039	1860.37617	-78.65839	6.05899	59.05148	3.42596	0.51139	0.11544	-0.85156	-0.85284	0.18989	-0.48642	0.10555	0.97499	0.19556	
2863	9.54000	662.00640	-128.56594	1861.36835	-78.85474	6.29465	59.15273	3.39290	0.50966	0.11079	-0.85321	-0.85336	0.19147	-0.48489	0.10964	0.97523	0.19213	
2864	9.54333	658.94734	-128.91163	1862.00237	-79.04531	6.60518	59.34431	3.41646	0.50649	0.10589	-0.85572	-0.85454	0.19404	-0.48178	0.11503	0.97526	0.18877	
2865	9.54667	656.02784	-129.22765	1862.37933	-79.30563	6.91287	59.61346	3.38983	0.50215	0.10025	-0.85895	-0.85636	0.19589	-0.47778	0.12036	0.97549	0.18422	
2866	9.55000	653.37095	-129.40413	1862.42289	-79.58636	7.18032	59.92794	3.39507	0.49716	0.09482	-0.86246	-0.85861	0.19696	-0.47328	0.12499	0.97582	0.17934	
2867	9.55333	651.06421	-129.56912	1862.18040	-79.88023	7.55638	60.32580	3.38394	0.49077	0.08857	-0.86678	-0.86131	0.19946	-0.46729	0.13150	0.97589	0.17418	
2868	9.55667	649.02132	-129.66641	1861.64995	-80.22295	7.93059	60.76099	3.38859	0.48378	0.08176	-0.87136	-0.86424	0.20159	-0.46091	0.13797	0.97605	0.16819	
2869	9.56000	647.21620	-129.73046	1860.84570	-80.61443	8.30011	61.23010	3.36617	0.47625	0.07440	-0.87616	-0.86738	0.20333	-0.45421	0.14436	0.97628	0.16137	
2870	9.56333	645.62303	-129.74543	1859.80720	-81.09289	8.64874	61.74600	3.39113	0.46800	0.06606	-0.88126	-0.87084	0.20416	-0.44716	0.15038	0.97671	0.15307	
2871	9.56667	644.33266	-129.79120	1858.45939	-81.60726	8.94366	62.28156	3.40715	0.45947	0.05767	-0.88632	-0.87448	0.20404	-0.44006	0.15546	0.97726	0.14418	
2872	9.57000	643.28330	-129.78210	1856.90487	-82.12934	9.34908	62.88023	3.39283	0.44980	0.04853	-0.89181	-0.87823	0.20565	-0.43176	0.16245	0.97742	0.13512	
2873	9.57333	642.39537	-129.74634	1855.03333	-82.70227	9.64111	63.52322	3.39672	0.43954	0.03964	-0.89735	-0.88247	0.20533	-0.42318	0.16748	0.97789	0.12523	
2874	9.57667	641.76332	-129.76738	1852.95110	-83.28634	9.95106	64.18060	3.40002	0.42898	0.03049	-0.90280	-0.88663	0.20541	-0.41436	0.17281	0.97820	0.11515	
2875	9.58000	641.31949	-129.78012	1850.62802	-83.87190	10.29310	64.86059	3.40525	0.41799	0.02116	-0.90821	-0.89071	0.20618	-0.40513	0.17868	0.97828	0.10503	
2876	9.58333	641.06066	-129.85793	1848.07020	-84.49417	10.54818	65.59710	3.38252	0.40617	0.01209	-0.91372	-0.89527	0.20558	-0.39525	0.18306	0.97857	0.09433	
2877	9.58667	640.94203	-129.92184	1845.28124	-85.08388	10.74177	66.35234	3.39390	0.39408	0.00402	-0.91907	-0.89998	0.20448	-0.38500	0.18638	0.97886	0.08420	
2878	9.59000	641.05386	-130.07529	1842.22073	-85.66730	10.95919	67.18027	3.40694	0.38076	-0.00389	-0.92467	-0.90492	0.20403	-0.37349	0.19011	0.97896	0.07417	
2879	9.59333	641.35992	-130.28994	1838.92145	-86.24076	11.17039	68.07352	3.41584	0.36634	-0.01136	-0.93041	-0.91009	0.20381	-0.36083	0.19373	0.97894	0.06432	
2880	9.59667	641.79667	-130.59480	1835.37585	-86.83026	11.41997	69.00693	3.40058	0.35116	-0.01920	-0.93612	-0.91514	0.20438	-0.34749	0.19800	0.97870	0.05420	
2881	9.60000	642.31697	-131.07273	1831.65611	-87.47417	11.73907	69.99860	3.39061	0.33489	-0.02811	-0.94184	-0.92003	0.20607	-0.33329	0.20346	0.97813	0.04315	
2882	9.60333	643.03103	-131.57190	1827.64920	-88.08736	12.01279	71.08238	3.40151	0.31711	-0.03587	-0.94771	-0.92527	0.20760	-0.31746	0.20813	0.97756	0.03264	
2883	9.60667	643.82944	-132.18882	1823.43400	-88.73436	12.26573	72.24337	3.40952	0.29801	-0.04374	-0.95356	-0.93062	0.20901	-0.30043	0.21245	0.97693	0.02158	
2884	9.61000	644.73541	-132.83224	1818.99411	-89.38798	12.55094	73.47277	3.44809	0.27767	-0.05157	-0.95929	-0.93578	0.21136	-0.28223	0.21731	0.97605	0.01043	
2885	9.61333	645.66039	-133.64778	1814.33304	-90.06310	12.85760	74.81084	3.46889	0.25544	-0.05937	-0.96500	-0.94087	0.21447	-0.26224	0.22253	0.97493	-0.00107	
2886	9.61667	646.68981	-134.69039	1809.49446	-90.76944	13.21306	76.24367	3.56437	0.23150	-0.06739	-0.97050	-0.94560	0.21880	-0.24075	0.22857	0.97344	-0.01307	
2887	9.62000	647.72635	-135.84409	1804.52266	-91.51964	13.77108	77.72852	3.55757	0.20643	-0.07649	-0.97547	-0.94906	0.22689	-0.21864	0.23804	0.97091	-0.02576	
2888	9.62333	648.59509	-137.12231	1799.37315	-92.25819	14.16444	79.25028	3.56703	0.18085	-0.08432	-0.97989	-0.95258	0.23288	-0.19585	0.24471	0.96884	-0.03820	
2889	9.62667	649.39368	-138.50967	1794.13881	-93.00977	14.54208	80.79556	3.55969	0.15483	-0.09194	-0.98365	-0.95550	0.23912	-0.17275	0.25109	0.96663	-0.05082	
2890	9.63000	650.08110	-139.98851	1788.76694	-93.70486	14.96392	82.33387	3.53851	0.12888	-0.09841	-0.98677	-0.95745	0.24675	-0.14966	0.25821	0.96407	-0.06243	
2891	9.63333	650.67297	-141.80434	1783.40703	-94.41441	15.32968	83.94692	3.55952	0.10170	-0.10434	-0.98933	-0.95904	0.25400	-0.12537	0.26437	0.96156	-0.07423	
2892	9.63667	651.14354	-143.53934	1777.98951	-95.09042	15.79574	85.51608	3.55203	0.07523	-0.10965	-0.99112	-0.95929	0.26337	-0.10195	0.27221	0.95844	-0.08538	
2893	9.64000	651.40807	-145.32173	1772.63256	-95.82118	16.29472	87.05854	3.54662	0.04925	-0.11561	-0.99207	-0.95857	0.27356	-0.07947	0.28058	0.95488	-0.09735	
2894	9.64333	651.61133	-147.47338	1767.32207	-96.53193	16.56511	88.54889	3.62460	0.02427	-0.12089	-0.99237	-0.95819	0.28028	-0.05758	0.28510	0.95227	-0.10904	
2895	9.64667	651.50356	-149.48392	1762.17082	-97.30686	17.07656	89.98251	3.59966	0.00029	-0.12727	-0.99187	-0.95591	0.29123	-0.03765	0.29365	0.94815	-0.12158	
2896	9.65000	651.20235	-151.54578	1757.16502	-97.99201	17.39773	91.34489	3.62029	-0.02240	-0.13205	-0.99099	-0.95399	0.29928	-0.01832	0.29900	0.94498	-0.13267	
2897	9.65333	650.80705	-153.74664	1752.26399	-98.81599	17.86914	92.71861	3.61086	-0.04514	-0.13871	-0.98930	-0.95069	0.31015	-0.00010	0.30684	0.94052	-0.14587	
2898	9.65667	650.11823	-155.92543	1747.54046	-99.62203	18.30288	94.00050	3.60883	-0.06624	-0.14514	-0.98719	-0.94710	0.32053	0.01642	0.31404	0.93605	-0.15869	
2899	9.66000	649.22959	-158.13352	1743.02806	-100.49520	18.75424	95.22853	3.58470	-0.08629	-0.15259	-0.98452	-0.94297	0.33141	0.03128	0.32151	0.93106	-0.17248	
2900	9.66333	648.10558	-160.36481	1738.72906	-101.39053	19.20994	96.37057	3.56629	-0.10478	-0.16049	-0.98146	-0.93849	0.34247	0.04419	0.32903	0.92572	-0.18650	
2901	9.66667	646.78911	-162.73898	1734.78274	-102.35838	19.60752	97.44632	3.62697	-0.12208	-0.16974	-0.97790	-0.93407	0.35277	0.05538	0.33558	0.92019	-0.20162	
2902	9.67000	645.17429	-164.97917	1731.05493	-103.31091	20.05595	98.47409	3.61317	-0.13843	-0.17854	-0.97415	-0.92910	0.36401	0.06531	0.34294	0.91412	-0.21627	
2903	9.67333	643.30477	-167.26076	1727.64253	-104.27168	20.42622	99.45614	3.64855	-0.15396	-0.18760	-0.97010	-0.92439	0.37414	0.07436	0.34900	0.90820	-0.23102	
2904	9.67667	640.96204	-169.55572	1724.69873	-105.39139	20.99434	100.41544	3.57305	-0.16878	-0.19859	-0.96544	-0.91823	0.38772	0.08078	0.35828	0.90013	-0.24779	
2905	9.68000	638.27954	-171.68740	1722.17428	-106.43001	21.37560	101.24973	3.53581	-0.18167	-0.20921	-0.96085	-0.91332	0.39806	0.08601	0.36448	0.89319	-0.26339	
2906	9.68333	635.44608	-173.90167	1719.97348	-107.43671	21.86465	102.08549	3.52948	-0.19431	-0.21862	-0.95627	-0.90750	0.41017	0.09063	0.37242	0.88542	-0.27810	
2907	9.68667	632.15474	-176.03932	1718.26313	-108.41249	22.28919	102.88037	3.52123	-0.20626	-0.22769	-0.95164	-0.90200	0.42122	0.09472	0.37928	0.87791	-0.29226	
2908	9.69000	628.67034	-178.12257	1716.98935	-109.34892	22.85286	103.60040	3.48493	-0.21669	-0.23586	-0.94732	-0.89567	0.43406	0.09680	0.38837	0.86946	-0.30531	
2909	9.69333	624.83061	-180.10070	1716.17430	-110.13771	23.39516	104.21084	3.50317	-0.22531	-0.24222	-0.94370	-0.88970	0.44591	0.09796	0.39707	0.86168	-0.31597	
2910	9.69667	620.54046	-182.00568	1715.94746	-110.97005	23.93284	104.79005	3.49728	-0.23333	-0.24932	-0.93989	-0.88374	0.45761	0.09800	0.40567	0.85348	-0.32711	
2911	9.70000	616.16074	-183.78602	1716.17136	-111.64211	24.50898	105.21587	3.52134	-0.23881	-0.25468	-0.93708	-0.87800	0.46887	0.09632	0.41484	0.84575	-0.33558	
2912	9.70333	611.38267	-185.27323	1716.93757	-112.19408	25.04670	105.46718	3.51299	-0.24161	-0.25953	-0.93503	-0.87315	0.47853	0.09280	0.42336	0.83884	-0.34222	
2913	9.70667	606.28356	-186.59106	1718.40075	-112.68943	25.47892	105.57470	3.52705	-0.24238	-0.26501	-0.93328	-0.86960	0.48588	0.08787	0.43018	0.83288	-0.34822	
2914	9.71000	600.94865	-187.71355	1720.36355	-113.05972	25.93843	105.55197	3.52810	-0.24110	-0.26945	-0.93235	-0.86634	0.49274	0.08163	0.43740	0.82741	-0.35223	
2915	9.71333	594.65036	-188.18347	1723.11545	-113.59380	26.88557	105.39259	3.54372	-0.23674	-0.27590	-0.93158	-0.85992	0.50578	0.06874	0.45221	0.81735	-0.35699	
2916	9.71667	588.82858	-188.86858	1726.20138	-113.67227	27.22260	104.96235	3.53010	-0.22959	-0.27972	-0.93223	-0.85909	0.50842	0.05902	0.45745	0.81441	-0.35703	
2917	9.72000	582.67442	-189.29308	1729.88438	-113.61470	27.53441	104.34951	3.52398	-0.21976	-0.28311	-0.93357	-0.85907	0.50963	0.04768	0.46228	0.81248	-0.35521	
2918	9.72333	576.23026	-189.42725	1734.17781	-113.37055	27.80238	103.53011	3.54729	-0.20695	-0.28550	-0.93577	-0.86001	0.50908	0.03488	0.46642	0.81199	-0.35088	
2919	9.72667	569.50239	-189.33738	1739.03804	-112.96398	27.99665	102.48427	3.56265	-0.19087	-0.28749	-0.93857	-0.86210	0.50634	0.02023	0.46942	0.81300	-0.34449	
2920	9.73000	562.36164	-188.98337	1744.44120	-112.41129	28.19107	101.29783	3.57810	-0.17267	-0.28830	-0.94184	-0.86430	0.50296	0.00449	0.47241	0.81481	-0.33603	
2921	9.73333	555.04743	-188.55771	1750.33858	-111.82746	28.55830	100.00903	3.49691	-0.15266	-0.28902	-0.94507	-0.86496	0.50165	-0.01370	0.47805	0.81536	-0.32657	
2922	9.73667	547.11300	-187.68725	1756.80031	-110.90644	28.58624	98.38211	3.45529	-0.12800	-0.28787	-0.94908	-0.86872	0.49422	-0.03274	0.47848	0.82029	-0.31334	
2923	9.74000	538.80588	-186.59578	1763.72761	-109.81142	28.53845	96.65910	3.47436	-0.10187	-0.28452	-0.95324	-0.87257	0.48574	-0.05173	0.47775	0.82650	-0.29774	
2924	9.74333	530.10571	-185.26822	1771.16616	-108.61007	28.40118	94.78499	3.46960	-0.07338	-0.28041	-0.95707	-0.87657	0.47582	-0.07221	0.47564	0.83364	-0.28072	
2925	9.74667	521.00643	-183.73010	1778.99002	-107.28759	28.18726	92.80389	3.47654	-0.04312	-0.27475	-0.96055	-0.88035	0.46501	-0.09349	0.47235	0.84159	-0.26193	
2926	9.75000	511.34369	-181.85827	1787.21055	-105.84456	27.77900	90.71441	3.52046	-0.01103	-0.26742	-0.96352	-0.88468	0.45172	-0.11524	0.46606	0.85114	-0.24156	
2927	9.75333	501.23243	-179.77080	1795.74439	-104.29111	27.25620	88.56335	3.57499	0.02229	-0.25790	-0.96592	-0.88869	0.43747	-0.13731	0.45797	0.86146	-0.21944	
2928	9.75667	492.13279	-177.96319	1804.20381	-102.37161	25.50529	86.13499	3.56134	0.06084	-0.24211	-0.96834	-0.90049	0.40520	-0.15789	0.43059	0.88159	-0.19337	
2929	9.76000	481.08245	-175.42677	1813.31316	-100.71857	24.63680	83.76151	3.57139	0.09878	-0.22939	-0.96831	-0.90359	0.38696	-0.18384	0.41686	0.89311	-0.16905	
2930	9.76333	469.56995	-172.72491	1822.68728	-99.05792	23.46612	81.30489	3.61962	0.13867	-0.21507	-0.96670	-0.90675	0.36492	-0.21126	0.39821	0.90586	-0.14441	
2931	9.76667	457.40596	-169.84365	1832.25391	-97.38806	22.31491	78.78187	3.53893	0.17998	-0.19939	-0.96325	-0.90744	0.34433	-0.24082	0.37970	0.91743	-0.11896	
2932	9.77000	444.86677	-166.79816	1842.03455	-95.75787	20.89392	76.19453	3.53549	0.22293	-0.18210	-0.95767	-0.90725	0.32065	-0.27217	0.35664	0.92953	-0.09373	
2933	9.77333	431.78390	-163.65381	1851.88988	-94.07001	19.30271	73.48133	3.50860	0.26834	-0.16180	-0.94964	-0.90483	0.29594	-0.30610	0.33056	0.94141	-0.06699	
2934	9.77667	418.22319	-160.22048	1861.81636	-92.33282	17.42467	70.67124	3.51634	0.31580	-0.13744	-0.93882	-0.90033	0.26887	-0.34222	0.29945	0.95332	-0.03884	
2935	9.78000	404.28351	-156.76108	1871.76505	-90.76088	15.41471	67.81629	3.57810	0.36399	-0.11265	-0.92456	-0.89267	0.24109	-0.38081	0.26580	0.96394	-0.01280	
2936	9.78333	389.94093	-152.94814	1881.67338	-89.13878	13.10937	64.89162	3.65813	0.41327	-0.08262	-0.90685	-0.88191	0.21173	-0.42120	0.22681	0.97383	0.01464	
2937	9.78667	375.15189	-149.73854	1891.54821	-87.77619	10.27657	61.97067	3.83663	0.46239	-0.04952	-0.88530	-0.86855	0.17559	-0.46346	0.17840	0.98322	0.03818	
2938	9.79000	359.51989	-145.53511	1901.10798	-86.34705	7.92510	58.99359	3.67916	0.51021	-0.01627	-0.85989	-0.84892	0.15076	-0.50656	0.13788	0.98844	0.06310	
2939	9.79333	343.71286	-141.66991	1910.42836	-85.19205	5.01334	55.91710	3.73256	0.55825	0.02062	-0.82942	-0.82506	0.11909	-0.55235	0.08739	0.99267	0.08350	
2940	9.79667	327.23260	-137.88625	1919.49169	-84.28693	2.25378	52.93358	3.73260	0.60227	0.05585	-0.79633	-0.79732	0.09122	-0.59662	0.03933	0.99426	0.09947	
2941	9.80000	310.25040	-133.79762	1928.24352	-83.45824	-0.79944	50.08472	3.90848	0.64159	0.09628	-0.76098	-0.76692	0.06247	-0.63870	-0.01395	0.99339	0.11392	
2942	9.80333	293.26152	-129.89838	1936.36265	-82.92532	-3.87380	47.02518	3.93881	0.68012	0.13582	-0.72041	-0.72998	0.03490	-0.68257	-0.06756	0.99012	0.12288	
2943	9.80667	275.79406	-126.15165	1943.90611	-82.54629	-7.15112	44.08919	3.95411	0.71267	0.17892	-0.67830	-0.69036	0.00729	-0.72342	-0.12449	0.98384	0.12872	
2944	9.81000	258.20996	-122.18152	1950.80235	-82.39341	-10.32996	41.14467	4.13279	0.74084	0.22094	-0.63430	-0.64730	-0.01726	-0.76204	-0.17932	0.97513	0.13022	
2945	9.81333	241.08259	-118.47784	1957.09441	-82.39311	-13.79088	38.34087	4.08765	0.76172	0.26744	-0.59013	-0.60246	-0.04275	-0.79701	-0.23838	0.96263	0.12856	
2946	9.81667	223.48888	-114.63218	1962.59264	-82.75037	-17.10245	35.32737	4.08696	0.77978	0.31098	-0.54335	-0.55268	-0.06574	-0.83080	-0.29408	0.94814	0.12061	
2947	9.82000	205.15946	-110.52412	1967.71083	-83.40783	-20.85306	32.10480	4.38742	0.79159	0.36056	-0.49334	-0.49666	-0.09069	-0.86320	-0.35597	0.92832	0.10728	
2948	9.82333	188.46894	-107.00211	1971.70613	-84.35597	-23.07862	29.11676	4.30358	0.80371	0.38865	-0.45055	-0.44765	-0.10390	-0.88815	-0.39199	0.91551	0.09048	
2949	9.82667	171.88444	-102.00157	1974.74745	-85.11428	-26.52122	25.82275	5.50603	0.80542	0.43758	-0.39977	-0.38975	-0.11713	-0.91344	-0.44653	0.89152	0.07621	
2950	9.83000	155.63466	-98.01915	1977.66513	-86.62799	-29.21090	22.51595	5.63696	0.80630	0.47257	-0.35576	-0.33424	-0.13223	-0.93317	-0.48803	0.87132	0.05134	
2951	9.83333	139.70301	-93.91413	1979.72043	-88.33128	-31.57426	19.16838	5.71091	0.80473	0.50393	-0.31380	-0.27974	-0.14434	-0.94916	-0.52360	0.85160	0.02481	
2952	9.83667	122.63138	-90.55347	1981.31458	-90.18822	-32.80162	16.27264	4.49768	0.80688	0.51911	-0.28192	-0.23553	-0.15495	-0.95944	-0.54173	0.84055	-0.00276	
2953	9.84000	107.37561	-86.06096	1982.06058	-92.12844	-34.92140	12.88916	4.54468	0.79928	0.54936	-0.24364	-0.18290	-0.16381	-0.96939	-0.57245	0.81937	-0.03045	
2954	9.84333	92.11549	-80.16546	1982.30453	-94.46355	-37.77293	9.48649	4.45172	0.77963	0.58950	-0.21133	-0.13028	-0.17741	-0.97548	-0.61253	0.78805	-0.06152	
2955	9.84667	79.50670	-74.47756	1982.11211	-96.89341	-38.92383	6.22078	4.64982	0.77340	0.60707	-0.18254	-0.08430	-0.18690	-0.97875	-0.62829	0.77236	-0.09338	
2956	9.85000	65.72329	-69.14227	1981.63782	-99.25381	-40.86998	2.53392	4.52634	0.75546	0.63809	-0.14876	-0.03343	-0.18920	-0.98137	-0.65434	0.74635	-0.12160	
2957	9.85333	52.84757	-64.37962	1981.05125	-101.92496	-43.51860	-1.61401	4.68492	0.72486	0.67928	-0.11467	0.02042	-0.18757	-0.98204	-0.68859	0.70950	-0.14984	
2958	9.85667	41.02404	-57.81713	1980.02535	-104.81916	-45.21751	-5.53136	4.63671	0.70114	0.70764	-0.08751	0.06790	-0.18844	-0.97974	-0.70979	0.68099	-0.18017	
2959	9.86000	29.69130	-50.83373	1979.06020	-108.25671	-47.04692	-9.64787	4.64209	0.67176	0.73774	-0.06689	0.11420	-0.19236	-0.97466	-0.73191	0.64710	-0.21347	
2960	9.86333	18.96276	-42.83395	1978.11672	-111.79873	-48.76625	-13.80150	4.67477	0.64010	0.76668	-0.04970	0.15724	-0.19405	-0.96831	-0.75203	0.61200	-0.24477	
2961	9.86667	9.15891	-34.11302	1977.39021	-115.81399	-50.24013	-18.06009	4.76089	0.60806	0.79292	-0.03917	0.19828	-0.19946	-0.95964	-0.76873	0.57575	-0.27850	
2962	9.87000	-1.51571	-23.91548	1976.62089	-119.68861	-52.44761	-22.52100	5.02533	0.56301	0.82591	-0.02997	0.23345	-0.19372	-0.95288	-0.79280	0.52948	-0.30187	
2963	9.87333	-10.22743	-13.41176	1975.79338	-124.33369	-53.31208	-27.07676	4.98126	0.53197	0.84634	-0.02684	0.27195	-0.20078	-0.94113	-0.80190	0.49336	-0.33697	
2964	9.87667	-18.53551	-1.91003	1975.03519	-129.08554	-53.95021	-31.53956	5.01431	0.50156	0.86466	-0.02842	0.30783	-0.20907	-0.92819	-0.80851	0.45679	-0.37103	
2965	9.88000	-26.62846	10.48089	1974.37618	-134.23181	-54.34438	-36.14581	5.02802	0.47071	0.88159	-0.03506	0.34383	-0.21989	-0.91293	-0.81254	0.41767	-0.40662	
2966	9.88333	-34.26402	24.16754	1973.89954	-138.98219	-54.32875	-40.09728	5.01833	0.44607	0.89381	-0.04616	0.37559	-0.23376	-0.89682	-0.81238	0.38271	-0.43998	
2967	9.88667	-39.76896	37.97524	1973.37898	-143.42177	-52.64208	-42.61831	4.91809	0.44653	0.89232	-0.06621	0.41087	-0.27022	-0.87073	-0.79486	0.36160	-0.48728	
2968	9.89000	-47.16962	54.43632	1973.67905	-147.49954	-52.61813	-46.08689	4.67680	0.42108	0.90369	-0.07773	0.43737	-0.27738	-0.85544	-0.79461	0.32621	-0.51204	
2969	9.89333	-53.03307	70.65471	1973.00050	-151.75169	-51.66897	-47.86376	4.97078	0.41609	0.90232	-0.11263	0.45991	-0.31568	-0.82996	-0.78444	0.29354	-0.54634	
2970	9.89667	-59.43233	88.40548	1973.11269	-155.75322	-51.12842	-49.92281	4.98316	0.40405	0.90352	-0.14280	0.48021	-0.34238	-0.80758	-0.77855	0.25773	-0.57222	
2971	9.90000	-65.78243	106.93987	1973.28950	-159.76158	-50.63032	-51.73946	4.97662	0.39280	0.90233	-0.17754	0.49807	-0.37102	-0.78375	-0.77307	0.21943	-0.59516	
2972	9.90333	-72.05256	126.03068	1973.56266	-163.90645	-50.25854	-53.50858	4.98108	0.38021	0.89920	-0.21651	0.51398	-0.40003	-0.75881	-0.76894	0.17722	-0.61427	
2973	9.90667	-78.20276	146.82413	1973.99197	-167.43054	-49.63334	-54.72380	4.77581	0.37405	0.89257	-0.25181	0.52875	-0.42831	-0.73278	-0.76192	0.14095	-0.63215	
2974	9.91000	-84.28993	167.83770	1973.86407	-171.16348	-49.14809	-55.24932	5.00990	0.37284	0.87812	-0.29982	0.53744	-0.46777	-0.70168	-0.75640	0.10048	-0.64634	
2975	9.91333	-90.43407	190.03654	1973.99789	-174.71217	-48.66203	-55.85015	5.03045	0.37078	0.86289	-0.34342	0.54661	-0.50171	-0.67045	-0.75083	0.06087	-0.65769	
2976	9.91667	-96.72172	213.15779	1974.02472	-178.09386	-48.21455	-56.10891	5.11120	0.37156	0.84347	-0.38794	0.55313	-0.53672	-0.63716	-0.74565	0.02216	-0.66597	
2977	9.92000	-103.93775	237.61271	1974.14287	178.18413	-47.33723	-56.65486	5.32637	0.37251	0.82215	-0.43048	0.56612	-0.56887	-0.59657	-0.73536	-0.02147	-0.67734	
2978	9.92333	-110.37432	262.46381	1973.69736	175.03705	-47.14516	-56.47084	5.17926	0.37568	0.79545	-0.47552	0.56697	-0.60316	-0.56102	-0.73308	-0.05884	-0.67759	
2979	9.92667	-116.79594	288.30363	1973.36511	172.02441	-46.49698	-56.36298	5.16842	0.38132	0.76876	-0.51342	0.57313	-0.63236	-0.52119	-0.72534	-0.09552	-0.68173	
2980	9.93000	-123.33994	315.10895	1972.55817	168.75204	-46.11506	-56.42905	5.38704	0.38333	0.73946	-0.55341	0.57759	-0.65948	-0.48112	-0.72073	-0.13521	-0.67990	
2981	9.93333	-130.44841	344.04421	1971.04208	166.67563	-46.59212	-57.03493	4.60982	0.37392	0.72532	-0.57802	0.57655	-0.66995	-0.46771	-0.72648	-0.15837	-0.66869	
2982	9.93667	-137.11735	371.97638	1969.46816	164.06903	-46.56516	-56.23071	4.62943	0.38216	0.68857	-0.61630	0.57153	-0.70019	-0.42789	-0.72616	-0.18871	-0.66112	
2983	9.94000	-144.00379	400.81521	1967.51043	161.50322	-46.67525	-55.44959	4.64631	0.38913	0.65019	-0.65256	0.56512	-0.72792	-0.38829	-0.72748	-0.21768	-0.65069	
2984	9.94333	-151.35802	430.76718	1965.31848	158.81918	-46.80827	-54.77529	4.57401	0.39478	0.60977	-0.68726	0.55912	-0.75301	-0.34694	-0.72907	-0.24730	-0.63820	
2985	9.94667	-158.85665	461.49628	1962.54296	156.18808	-47.19403	-54.05131	4.59476	0.39892	0.56674	-0.72088	0.55010	-0.77688	-0.30635	-0.73366	-0.27435	-0.62167	
2986	9.95000	-166.19540	493.12006	1958.94241	153.25487	-47.73136	-53.39677	4.29321	0.40106	0.51833	-0.75531	0.53996	-0.79982	-0.26217	-0.74000	-0.30269	-0.60065	
2987	9.95333	-174.31768	525.85183	1954.73989	150.49248	-48.38978	-52.94300	4.40095	0.40017	0.47261	-0.78518	0.52994	-0.81833	-0.22247	-0.74768	-0.32707	-0.57793	
2988	9.95667	-182.79530	559.44102	1949.48051	147.71440	-49.20811	-52.80654	4.42368	0.39493	0.42898	-0.81240	0.52043	-0.83319	-0.18696	-0.75709	-0.34896	-0.55231	
2989	9.96000	-191.84228	594.29158	1943.40448	144.89091	-50.32796	-52.62015	4.84703	0.38757	0.38130	-0.83929	0.50728	-0.84841	-0.15119	-0.76971	-0.36716	-0.52224	
2990	9.96333	-201.49924	630.29614	1936.13843	141.74297	-51.42610	-53.58161	5.00683	0.37017	0.34450	-0.86273	0.50175	-0.85573	-0.12641	-0.78180	-0.38608	-0.48962	
2991	9.96667	-210.87534	666.89899	1927.20302	138.81769	-52.75362	-54.17018	5.05935	0.35430	0.30336	-0.88456	0.49071	-0.86553	-0.10029	-0.79604	-0.39853	-0.45552	
2992	9.97000	-220.50687	704.41683	1916.53180	136.06461	-54.19271	-54.74442	5.23674	0.33771	0.26324	-0.90369	0.47775	-0.87517	-0.07639	-0.81099	-0.40594	-0.42132	
2993	9.97333	-230.13521	742.77233	1903.85084	133.33150	-55.79625	-55.48971	5.41616	0.31848	0.22463	-0.92093	0.46322	-0.88450	-0.05555	-0.82704	-0.40890	-0.38575	
2994	9.97667	-239.81931	781.49360	1888.81628	130.89072	-57.50555	-56.36425	5.68113	0.29757	0.19184	-0.93523	0.44727	-0.89346	-0.04096	-0.84344	-0.40612	-0.35167	
2995	9.98000	-249.45328	821.26683	1871.49453	128.42154	-59.11993	-57.51086	6.08407	0.27568	0.16301	-0.94733	0.43292	-0.90097	-0.02905	-0.85824	-0.40211	-0.31895	
2996	9.98333	-258.90519	861.24571	1851.27387	126.22784	-60.70189	-58.93845	6.32950	0.25249	0.14329	-0.95693	0.41919	-0.90755	-0.02529	-0.87209	-0.39475	-0.28921	
2997	9.98667	-267.93629	901.38812	1827.93986	124.53652	-62.27249	-60.47181	6.53154	0.22931	0.13392	-0.96410	0.40484	-0.91388	-0.03066	-0.88517	-0.38327	-0.26377	
2998	9.99000	-276.32941	941.26472	1800.94319	123.40643	-64.01116	-62.23422	6.55666	0.20414	0.13761	-0.96922	0.38774	-0.92046	-0.04902	-0.89888	-0.36580	-0.24126	
2999	9.99333	-283.55164	979.89983	1770.37730	122.82061	-65.80488	-63.75318	6.31145	0.18125	0.14713	-0.97237	0.36759	-0.92721	-0.07178	-0.91216	-0.34442	-0.22214	
3000	9.99667	-289.63202	1017.23632	1736.57263	122.36000	-67.70579	-65.74724	5.58055	0.15583	0.16696	-0.97357	0.34588	-0.93244	-0.10455	-0.92525	-0.32045	-0.20305	
3001	10.00000	-295.84628	1054.29188	1699.03626	121.47272	-69.97983	-69.98965	4.83525	0.11715	0.21636	-0.96926	0.32168	-0.93163	-0.16908	-0.93957	-0.29199	-0.17874	
3002	10.00333	-301.71543	1090.99234	1657.89666	119.68116	-72.25952	-76.34460	3.60077	0.07194	0.28582	-0.95558	0.29609	-0.92099	-0.25319	-0.95245	-0.26473	-0.15088	
3003	10.00667	-308.49901	1128.94751	1613.10611	116.19958	-74.50378	-86.71079	2.54652	0.01533	0.39116	-0.92019	0.26673	-0.88855	-0.37327	-0.96365	-0.23973	-0.11796	
3004	10.01000	-313.70383	1167.28910	1565.43550	112.30355	-76.90842	-98.04801	2.17497	-0.03171	0.50194	-0.86432	0.22428	-0.83913	-0.49554	-0.97401	-0.20956	-0.08596	
3005	10.01333	-320.21035	1206.24510	1518.12214	101.80527	-79.46754	-115.98732	3.70669	-0.08009	0.60558	-0.79174	0.16431	-0.77541	-0.60971	-0.98315	-0.17893	-0.03740	
3006	10.01667	-324.69592	1246.81648	1469.19781	88.99450	-79.20560	-138.06226	2.61212	-0.13932	0.71887	-0.68104	0.12517	-0.66945	-0.73224	-0.98231	-0.18726	0.00329	
3007	10.02000	-329.41201	1285.78667	1421.31583	75.32137	-79.02609	-160.43312	2.33260	-0.17937	0.80997	-0.55837	0.06375	-0.55682	-0.82819	-0.98171	-0.18415	0.04824	
3008	10.02333	-333.02613	1323.75093	1374.22485	62.62361	-78.77997	179.50000	2.30137	-0.19457	0.87501	-0.44328	-0.00170	-0.45222	-0.89191	-0.98089	-0.17279	0.08947	
3009	10.02667	-337.65942	1365.20665	1326.70260	46.99342	-78.89149	156.72966	3.08847	-0.17699	0.92867	-0.32595	-0.07612	-0.34310	-0.93621	-0.98126	-0.14089	0.13142	
3010	10.03000	-342.43322	1403.06231	1280.40919	41.70370	-76.57695	142.70233	2.79096	-0.18467	0.96717	-0.17456	-0.14067	-0.20180	-0.96927	-0.97268	-0.15444	0.17331	
3011	10.03333	-347.16949	1442.89929	1233.69344	38.48246	-74.28972	131.80449	3.31400	-0.18049	0.98282	-0.03845	-0.20184	-0.07528	-0.97652	-0.96264	-0.16850	0.21196	
3012	10.03667	-352.67782	1483.54620	1187.30950	39.94275	-70.34808	125.43682	2.97787	-0.19499	0.97523	0.10445	-0.27401	0.04809	-0.96052	-0.94175	-0.21592	0.25784	
3013	10.04000	-357.98597	1521.23246	1142.33138	41.40015	-67.30888	118.27789	2.68339	-0.18275	0.94964	0.25454	-0.33973	0.18195	-0.92276	-0.92260	-0.25511	0.28936	
3014	10.04333	-363.65233	1558.98688	1097.61853	42.68050	-65.24209	111.39892	2.81946	-0.15280	0.90907	0.38761	-0.38992	0.30494	-0.86890	-0.90809	-0.28390	0.30787	
3015	10.04667	-364.60515	1594.08671	1054.57620	40.04524	-63.92085	97.41385	2.43064	-0.05673	0.83370	0.54929	-0.43594	0.47427	-0.76487	-0.89819	-0.28284	0.33654	
3016	10.05000	-371.49495	1633.21197	1010.08931	46.24273	-58.86193	93.90978	3.47992	-0.03526	0.73215	0.68023	-0.51590	0.56962	-0.63983	-0.85592	-0.37349	0.35763	
3017	10.05333	-375.57872	1670.93434	965.77911	48.68619	-57.34221	88.16091	3.85139	0.01732	0.63955	0.76856	-0.53934	0.65322	-0.53142	-0.84191	-0.40531	0.35625	
3018	10.05667	-379.06378	1707.48768	922.16607	51.00072	-55.95823	82.47482	4.04151	0.07331	0.53955	0.83875	-0.55498	0.72084	-0.41520	-0.82863	-0.43505	0.35229	
3019	10.06000	-380.92527	1743.63005	879.22734	54.24312	-54.99166	76.76772	3.44596	0.13132	0.41669	0.89951	-0.55846	0.78079	-0.28016	-0.81907	-0.46556	0.33524	
