Frame	Time	handball_6 - 1 X	handball_6 - 1 Y	handball_6 - 1 Z	handball_6 - 2 X	handball_6 - 2 Y	handball_6 - 2 Z	handball_6 - 3 X	handball_6 - 3 Y	handball_6 - 3 Z	handball_6 - 4 X	handball_6 - 4 Y	handball_6 - 4 Z	handball_6 - 5 X	handball_6 - 5 Y	handball_6 - 5 Z	handball_6 - 6 X	handball_6 - 6 Y	handball_6 - 6 Z	
2032	6.77000	291.614	44.680	1255.563	451.857	163.258	1299.220	292.092	152.889	1342.749	344.498	100.849	1178.559	388.619	52.901	1360.069	428.195	43.135	1245.821
2033	6.77333	291.812	44.472	1255.177	452.185	162.848	1298.662	292.474	152.751	1342.189	344.693	100.519	1178.053	388.819	52.605	1359.651	428.285	42.752	1245.334
2034	6.77667	292.019	44.214	1254.764	452.522	162.421	1298.079	292.799	152.625	1341.716	344.861	100.139	1177.599	389.050	52.299	1359.261	428.406	42.352	1244.897
2035	6.78000	292.132	44.080	1254.401	452.854	162.048	1297.484	293.158	152.555	1341.190	344.971	99.794	1177.122	389.263	52.040	1358.853	428.586	41.905	1244.508
2036	6.78333	292.287	43.800	1254.090	453.150	161.665	1296.881	293.523	152.537	1340.646	345.152	99.419	1176.580	389.398	51.843	1358.457	428.704	41.460	1244.154
2037	6.78667	292.397	43.680	1253.739	453.443	161.284	1296.253	293.926	152.443	1340.015	345.263	99.009	1176.174	389.541	51.651	1358.083	428.747	41.153	1243.744
2038	6.79000	292.507	43.549	1253.357	453.786	160.879	1295.587	294.287	152.556	1339.431	345.390	98.552	1175.674	389.687	51.508	1357.716	428.817	40.747	1243.388
2039	6.79333	292.773	43.286	1253.019	454.155	160.466	1294.935	294.587	152.636	1338.688	345.639	98.015	1175.201	389.865	51.323	1357.303	429.011	40.231	1243.041
2040	6.79667	292.949	43.077	1252.664	454.523	160.075	1294.221	294.932	152.720	1337.938	345.878	97.470	1174.706	390.020	51.164	1356.941	429.266	39.641	1242.805
2041	6.80000	293.172	42.865	1252.354	454.885	159.677	1293.534	295.336	152.870	1337.195	346.201	96.838	1174.285	390.103	51.053	1356.647	429.462	39.129	1242.487
2042	6.80333	293.241	42.712	1252.054	455.192	159.251	1292.858	295.776	153.056	1336.388	346.420	96.350	1173.765	390.119	50.960	1356.345	429.577	38.648	1242.270
2043	6.80667	293.309	42.618	1251.682	455.529	158.863	1292.224	296.042	153.203	1335.369	346.803	95.779	1173.181	390.101	50.931	1356.052	429.601	38.238	1242.043
2044	6.81000	293.449	42.454	1251.240	455.883	158.440	1291.597	296.435	153.400	1334.486	347.182	95.198	1172.675	390.061	50.903	1355.725	429.735	37.760	1241.867
2045	6.81333	293.584	42.399	1250.727	456.287	158.055	1290.960	296.798	153.642	1333.553	347.774	94.597	1172.102	390.000	50.917	1355.387	429.936	37.258	1241.724
2046	6.81667	293.717	42.365	1250.246	456.710	157.662	1290.369	297.046	153.765	1332.396	348.401	94.007	1171.470	389.938	50.910	1355.062	430.175	36.693	1241.616
2047	6.82000	293.889	42.254	1249.651	457.098	157.279	1289.806	297.506	154.066	1331.373	349.018	93.541	1170.942	389.779	50.965	1354.772	430.460	36.161	1241.573
2048	6.82333	294.056	42.301	1249.204	457.505	156.912	1289.336	297.904	154.485	1330.445	349.752	92.958	1170.317	389.577	51.051	1354.474	430.609	35.755	1241.493
2049	6.82667	294.096	42.114	1248.582	457.860	156.519	1288.840	298.136	154.772	1329.220	350.366	92.435	1169.848	389.353	51.124	1354.198	430.699	35.396	1241.387
2050	6.83000	294.201	42.161	1247.950	458.265	156.166	1288.348	298.465	155.143	1328.185	350.992	91.904	1169.231	389.190	51.204	1353.900	430.844	35.005	1241.223
2051	6.83333	294.388	42.209	1247.277	458.708	155.785	1287.898	298.682	155.410	1326.975	351.714	91.359	1168.745	389.005	51.325	1353.558	431.178	34.537	1241.110
2052	6.83667	294.577	42.234	1246.569	459.123	155.455	1287.441	299.048	155.856	1325.879	352.420	90.850	1168.024	388.788	51.502	1353.135	431.433	34.136	1240.997
2053	6.84000	294.819	42.235	1245.916	459.573	155.116	1286.987	299.455	156.363	1324.833	353.052	90.446	1167.509	388.580	51.601	1352.729	431.689	33.709	1240.874
2054	6.84333	294.966	42.169	1245.286	459.957	154.859	1286.500	299.739	156.805	1323.557	353.719	90.096	1166.900	388.370	51.756	1352.353	431.914	33.367	1240.708
2055	6.84667	295.060	42.297	1244.518	460.347	154.566	1286.021	300.097	157.310	1322.422	354.205	89.710	1166.182	388.159	51.942	1351.926	432.136	33.044	1240.548
2056	6.85000	295.273	42.355	1243.755	460.728	154.284	1285.475	300.300	157.683	1321.060	354.977	89.426	1165.566	387.963	52.154	1351.417	432.346	32.770	1240.301
2057	6.85333	295.542	42.483	1242.841	461.227	154.081	1284.920	300.742	158.218	1319.928	355.701	89.173	1164.728	387.834	52.389	1350.904	432.611	32.508	1239.949
2058	6.85667	295.921	42.577	1241.936	461.693	153.857	1284.293	301.196	158.829	1318.748	356.461	88.902	1164.158	387.753	52.570	1350.391	432.884	32.207	1239.561
2059	6.86000	296.152	43.012	1241.048	462.173	153.679	1283.663	301.591	159.373	1317.400	357.259	88.657	1163.284	387.632	52.880	1349.812	433.199	31.976	1239.224
2060	6.86333	296.394	43.517	1240.076	462.632	153.505	1282.964	302.041	159.895	1316.091	357.976	88.387	1162.582	387.531	53.201	1349.158	433.550	31.747	1238.856
2061	6.86667	296.656	43.979	1239.106	463.108	153.335	1282.175	302.435	160.381	1314.609	358.731	88.066	1161.713	387.445	53.556	1348.490	433.852	31.538	1238.347
2062	6.87000	297.035	44.427	1238.151	463.667	153.207	1281.280	303.055	161.052	1313.269	359.473	87.749	1160.961	387.545	53.880	1347.723	434.179	31.343	1237.805
2063	6.87333	297.564	44.847	1237.211	464.249	153.099	1280.300	303.536	161.625	1311.665	360.250	87.441	1159.910	387.627	54.294	1346.882	434.600	31.114	1237.243
2064	6.87667	298.208	45.141	1236.125	464.818	153.033	1279.245	304.118	162.180	1310.112	361.068	87.131	1158.904	387.804	54.720	1346.084	435.112	30.936	1236.572
2065	6.88000	298.794	45.472	1235.109	465.423	152.992	1278.069	304.696	162.737	1308.453	361.765	86.890	1157.774	388.064	55.154	1345.187	435.565	30.767	1235.914
2066	6.88333	299.474	45.762	1234.085	466.036	152.953	1276.901	305.385	163.389	1306.934	362.471	86.572	1156.593	388.328	55.656	1344.310	436.089	30.588	1235.278
2067	6.88667	299.997	46.092	1232.920	466.678	153.008	1275.559	306.090	163.939	1305.258	363.163	86.272	1155.587	388.686	56.205	1343.234	436.536	30.533	1234.361
2068	6.89000	300.844	46.329	1231.840	467.376	153.075	1274.184	306.870	164.529	1303.636	364.065	85.981	1154.393	389.138	56.752	1342.280	437.018	30.508	1233.558
2069	6.89333	301.677	46.470	1230.710	468.134	153.164	1272.725	307.706	165.189	1302.027	364.820	85.721	1153.046	389.792	57.327	1340.826	437.692	30.411	1232.594
2070	6.89667	302.617	46.568	1229.434	468.910	153.287	1271.247	308.556	165.789	1300.379	365.652	85.467	1151.777	390.413	57.902	1339.700	438.439	30.318	1231.712
2071	6.90000	303.493	46.723	1228.203	469.703	153.429	1269.674	309.417	166.313	1298.686	366.602	85.133	1150.578	391.054	58.528	1338.525	439.022	30.343	1230.651
2072	6.90333	304.278	46.922	1227.056	470.464	153.593	1268.058	310.277	166.927	1297.035	367.405	84.862	1149.190	391.696	59.086	1337.309	439.174	32.400	1229.091
2073	6.90667	304.996	47.140	1225.909	471.270	153.774	1266.387	311.179	167.456	1295.370	368.198	84.570	1147.859	392.390	59.676	1336.090	439.967	32.196	1228.128
2074	6.91000	305.787	47.312	1224.638	472.118	153.963	1264.683	312.056	167.938	1293.595	369.046	84.254	1146.458	393.162	60.319	1334.767	440.635	32.331	1226.921
2075	6.91333	306.786	47.436	1223.434	473.006	154.201	1262.932	313.009	168.376	1291.917	369.939	83.964	1145.018	393.986	60.899	1333.424	441.497	32.496	1225.685
2076	6.91667	307.689	47.534	1222.234	473.907	154.441	1261.178	313.906	168.922	1290.097	370.920	83.666	1143.519	394.888	61.466	1332.117	442.422	32.541	1224.469
2077	6.92000	308.695	47.583	1220.885	474.772	154.674	1259.337	314.855	169.334	1288.359	371.896	83.382	1142.042	395.785	62.119	1330.674	443.330	32.536	1223.234
2078	6.92333	309.570	47.619	1219.574	475.632	154.928	1257.529	315.776	169.534	1286.504	372.806	83.115	1140.484	396.668	62.661	1329.295	444.248	32.547	1221.986
2079	6.92667	310.642	47.514	1218.166	476.480	155.203	1255.657	316.690	169.793	1284.560	373.875	82.777	1138.887	397.549	63.214	1327.833	445.133	32.548	1220.696
2080	6.93000	311.690	47.549	1216.599	477.295	155.472	1253.826	317.583	169.992	1282.589	375.082	82.371	1137.305	398.440	63.849	1326.254	446.209	32.556	1219.356
2081	6.93333	312.813	47.499	1215.021	478.231	155.693	1251.872	318.521	170.241	1280.581	376.288	81.981	1135.739	399.384	64.369	1324.732	447.300	32.572	1217.997
2082	6.93667	313.939	47.462	1213.519	479.153	155.934	1249.959	319.419	170.459	1278.489	377.445	81.505	1134.042	400.259	64.938	1323.079	448.394	32.577	1216.635
2083	6.94000	315.060	47.371	1211.803	480.041	156.214	1248.007	320.367	170.659	1276.418	378.658	81.116	1132.355	401.178	65.479	1321.510	449.432	32.566	1215.228
2084	6.94333	316.071	47.444	1210.215	480.895	156.455	1246.144	321.319	170.923	1274.308	379.793	80.788	1130.646	401.991	66.036	1319.829	450.472	32.591	1213.813
2085	6.94667	317.133	47.473	1208.498	481.799	156.659	1244.206	322.374	171.050	1272.155	380.981	80.469	1128.917	402.849	66.525	1318.202	451.829	31.541	1212.582
2086	6.95000	318.199	47.551	1206.698	482.857	156.760	1242.321	323.495	171.311	1270.114	382.242	80.175	1127.020	403.716	66.984	1316.433	453.006	31.222	1211.200
2087	6.95333	319.646	47.406	1204.908	483.967	156.778	1240.312	324.738	171.514	1267.927	383.587	79.852	1125.182	404.706	67.375	1314.661	453.705	32.570	1209.255
2088	6.95667	320.885	47.332	1202.946	485.186	156.725	1238.286	325.985	171.687	1265.734	385.051	79.392	1123.390	405.673	68.163	1312.784	455.003	32.270	1207.782
2089	6.96000	322.257	47.135	1201.183	486.387	156.629	1236.265	327.457	171.985	1263.578	386.506	78.790	1121.557	406.691	68.518	1311.019	456.196	32.090	1206.334
2090	6.96333	323.595	46.915	1199.246	487.710	156.406	1234.189	328.901	172.007	1261.134	387.971	78.108	1119.686	407.672	68.830	1309.312	457.322	31.850	1204.868
2091	6.96667	325.087	46.582	1197.260	489.075	156.059	1232.106	330.533	172.207	1258.577	389.520	77.288	1117.831	408.723	69.106	1307.598	458.579	31.507	1203.446
2092	6.97000	326.683	46.211	1195.350	490.560	155.690	1229.991	333.655	171.235	1254.939	391.182	76.375	1115.919	409.593	69.691	1305.785	460.265	30.011	1202.232
2093	6.97333	328.364	45.696	1193.080	492.115	155.258	1227.790	332.768	173.555	1253.419	393.133	75.234	1114.081	410.727	69.890	1304.036	461.881	28.972	1201.051
2094	6.97667	330.974	44.729	1190.460	493.744	154.726	1225.570	334.521	173.387	1250.350	395.150	73.963	1112.130	411.852	70.236	1302.138	463.414	28.093	1199.828
2095	6.98000	332.481	44.334	1188.469	495.429	154.166	1223.286	336.203	173.374	1246.743	397.256	72.559	1110.266	412.826	70.539	1300.399	465.005	27.165	1198.605
2096	6.98333	334.276	43.649	1186.207	497.192	153.521	1220.977	336.344	174.164	1238.492	399.457	71.042	1108.162	414.001	70.749	1298.535	466.606	26.276	1197.440
2097	6.98667	336.206	42.894	1184.021	499.047	152.769	1218.652	338.104	174.011	1234.846	401.750	69.251	1106.186	415.007	71.142	1296.640	468.243	25.321	1196.280
2098	6.99000	338.129	42.075	1181.613	501.027	151.931	1216.307	340.003	173.760	1231.207	404.182	67.439	1104.318	416.198	71.362	1294.734	469.921	24.267	1195.112
2099	6.99333	340.146	41.224	1179.481	503.108	150.935	1213.992	342.171	173.556	1227.307	406.869	65.388	1102.519	417.726	71.881	1292.090	471.793	23.117	1194.057
2100	6.99667	342.117	40.426	1177.337	505.306	149.878	1211.653	344.408	173.265	1223.593	409.656	63.324	1100.747	419.081	72.040	1290.093	473.667	21.904	1193.019
2101	7.00000	344.142	39.575	1175.054	507.443	149.160	1209.057	346.521	172.838	1219.834	412.307	61.343	1098.644	420.505	72.045	1288.130	475.624	20.618	1192.003
2102	7.00333	346.318	38.664	1172.869	509.837	147.873	1206.874	348.945	172.372	1216.138	415.181	59.101	1096.854	421.957	72.013	1286.127	477.529	19.350	1190.963
2103	7.00667	348.637	37.577	1170.662	512.270	146.744	1204.583	351.354	171.737	1212.459	418.138	56.800	1095.226	423.521	71.881	1284.155	479.486	18.010	1189.933
2104	7.01000	351.046	36.473	1168.353	514.919	145.298	1202.449	354.040	171.076	1208.765	421.229	54.519	1093.397	425.203	71.659	1282.171	481.551	16.557	1188.942
2105	7.01333	353.509	35.376	1166.110	517.713	143.705	1200.341	356.922	170.373	1205.207	424.288	52.312	1091.565	426.999	71.355	1280.207	483.854	14.951	1188.034
2106	7.01667	355.900	34.308	1164.124	520.572	142.052	1198.300	359.926	169.622	1201.728	427.531	49.936	1089.834	428.880	70.971	1278.258	486.160	13.276	1187.134
2107	7.02000	358.651	32.978	1161.952	523.416	140.305	1196.334	362.889	168.648	1198.272	430.730	47.511	1088.177	430.816	70.478	1276.348	488.432	11.611	1186.179
2108	7.02333	361.312	31.591	1159.841	526.372	138.509	1194.449	365.955	167.616	1194.904	434.118	45.009	1086.821	432.845	69.899	1274.470	490.729	9.930	1185.230
2109	7.02667	363.888	30.453	1157.944	529.341	136.684	1192.635	369.113	166.673	1191.829	437.281	42.740	1085.018	434.976	69.196	1272.603	493.054	8.244	1184.268
2110	7.03000	366.722	28.957	1155.920	532.437	134.694	1190.838	372.366	165.480	1188.711	440.564	40.312	1083.464	437.245	68.409	1270.782	495.543	6.387	1183.407
2111	7.03333	369.705	27.434	1153.921	535.687	132.630	1189.080	375.777	164.233	1185.570	443.964	37.725	1082.081	439.552	67.556	1269.004	498.071	4.453	1182.618
2112	7.03667	372.362	26.110	1152.236	538.987	130.449	1187.356	379.350	163.036	1182.624	447.525	35.095	1080.655	442.015	66.600	1267.257	500.665	2.511	1181.772
2113	7.04000	375.595	24.324	1150.284	542.260	128.300	1185.702	382.761	161.578	1179.774	450.824	32.708	1079.104	444.522	65.588	1265.554	503.295	0.539	1180.938
2114	7.04333	378.464	22.767	1148.584	545.614	126.607	1184.014	386.159	160.137	1177.008	454.254	29.999	1077.851	447.172	64.463	1263.857	505.942	-1.457	1180.117
2115	7.04667	381.625	21.069	1146.896	548.995	124.273	1182.390	389.807	158.587	1174.276	457.714	27.291	1076.532	449.858	63.263	1262.207	508.624	-3.633	1179.308
2116	7.05000	384.755	19.172	1145.134	552.527	121.880	1180.785	393.489	156.951	1171.668	461.076	24.696	1075.041	452.703	61.997	1260.585	511.441	-5.804	1178.462
2117	7.05333	387.886	17.418	1143.653	556.126	119.363	1179.151	397.174	155.351	1169.358	463.513	22.090	1072.688	455.637	60.673	1258.999	514.381	-8.070	1177.680
2118	7.05667	391.190	15.337	1142.191	559.828	116.743	1177.512	401.085	153.494	1166.812	467.112	19.162	1071.610	458.658	59.280	1257.473	517.347	-10.502	1176.943
2119	7.06000	394.455	13.352	1140.802	563.543	113.954	1175.890	405.160	151.617	1164.206	470.987	16.006	1070.916	461.759	57.849	1255.960	520.326	-12.926	1176.267
2120	7.06333	397.740	11.226	1139.425	567.243	111.138	1174.295	409.191	149.600	1161.619	474.794	12.767	1069.862	464.940	56.334	1254.478	523.361	-15.405	1175.592
2121	7.06667	401.225	8.923	1138.144	570.999	108.241	1172.709	413.133	147.505	1159.090	478.476	9.460	1068.981	468.200	54.800	1253.016	526.514	-17.311	1174.986
2122	7.07000	404.413	6.863	1137.147	574.906	105.208	1171.067	416.638	141.683	1158.207	482.196	6.007	1067.997	471.602	53.235	1251.658	529.670	-20.111	1174.445
2123	7.07333	408.060	4.301	1135.879	578.902	102.006	1169.463	421.247	140.220	1156.203	485.974	2.398	1067.187	475.047	51.526	1250.232	532.866	-22.760	1173.885
2124	7.07667	411.622	1.828	1134.950	582.993	98.734	1167.846	425.716	138.566	1153.935	489.706	-1.281	1066.383	478.652	49.854	1248.980	536.165	-25.631	1173.484
2125	7.08000	414.975	-0.543	1134.179	587.067	95.392	1166.266	430.150	136.323	1151.567	493.414	-5.043	1065.390	482.238	48.068	1247.690	539.378	-28.603	1173.126
2126	7.08333	418.542	-3.128	1133.334	591.210	91.886	1164.709	434.572	133.744	1149.234	497.040	-8.965	1064.835	485.942	46.218	1246.430	542.630	-31.658	1172.909
2127	7.08667	422.346	-5.912	1132.573	595.400	88.337	1163.254	439.205	131.165	1147.077	500.750	-12.951	1064.312	489.684	44.306	1245.280	545.888	-34.793	1172.738
2128	7.09000	425.911	-8.530	1131.960	599.759	84.594	1161.917	443.877	128.514	1144.951	504.532	-17.089	1064.014	493.814	42.304	1244.849	549.236	-37.965	1172.664
2129	7.09333	429.494	-11.154	1131.556	604.139	80.627	1160.698	448.558	125.735	1142.824	508.183	-21.257	1063.926	497.674	40.319	1243.787	552.649	-41.167	1172.692
2130	7.09667	433.120	-13.801	1131.221	608.661	76.940	1159.538	453.506	124.755	1141.498	511.947	-25.624	1064.252	501.684	38.266	1243.042	556.077	-44.460	1172.849
2131	7.10000	437.036	-16.783	1130.791	613.109	72.883	1158.627	458.171	121.804	1139.370	515.814	-30.079	1064.637	505.617	36.196	1242.228	559.505	-47.950	1173.206
2132	7.10333	440.830	-19.645	1130.535	617.504	69.380	1157.566	463.263	119.578	1137.830	519.609	-34.520	1064.934	509.540	33.994	1241.518	562.869	-51.350	1173.612
2133	7.10667	444.675	-22.465	1130.349	622.024	65.284	1156.970	468.282	117.122	1136.242	523.517	-38.845	1065.289	513.508	31.776	1240.948	566.271	-54.734	1174.163
2134	7.11000	448.421	-25.200	1130.346	626.558	60.916	1156.559	473.349	113.970	1134.665	527.450	-43.163	1065.658	517.495	29.486	1240.504	569.738	-58.209	1174.864
2135	7.11333	452.338	-28.075	1130.433	631.169	57.139	1156.252	478.371	110.080	1133.259	531.508	-47.497	1066.188	521.507	27.141	1240.208	573.250	-61.606	1175.675
2136	7.11667	456.463	-31.118	1130.470	635.827	52.469	1156.343	483.488	106.977	1131.992	535.642	-51.879	1066.934	525.535	24.782	1240.009	576.779	-65.074	1176.678
2137	7.12000	460.467	-34.131	1130.722	640.390	48.222	1156.601	488.665	103.411	1130.894	539.787	-56.225	1067.743	529.507	22.363	1240.029	580.287	-68.627	1177.877
2138	7.12333	464.593	-37.164	1131.152	644.949	43.916	1157.143	493.832	99.753	1129.940	543.851	-60.539	1068.816	533.453	19.892	1240.182	583.728	-72.227	1179.261
2139	7.12667	468.645	-40.163	1131.718	649.485	39.315	1157.880	499.095	96.583	1129.207	547.962	-64.803	1069.931	537.353	17.408	1240.498	587.176	-75.708	1180.833
2140	7.13000	472.653	-43.036	1132.515	654.163	35.667	1158.951	504.336	92.780	1128.601	552.168	-69.191	1071.331	541.330	14.928	1241.037	590.628	-79.275	1182.589
2141	7.13333	476.732	-46.050	1133.380	658.769	31.119	1160.169	509.622	89.280	1128.250	556.593	-73.777	1073.051	545.274	12.421	1241.744	594.172	-82.848	1184.484
2142	7.13667	480.866	-49.101	1134.414	663.428	26.725	1161.647	514.764	85.626	1127.720	561.068	-78.343	1074.987	549.178	9.824	1242.611	597.701	-86.399	1186.641
2143	7.14000	485.068	-52.206	1135.600	667.979	22.145	1163.371	520.130	82.065	1127.725	564.865	-82.146	1076.806	553.009	7.194	1243.656	601.111	-89.991	1188.936
2144	7.14333	489.299	-55.362	1136.829	672.523	17.600	1165.374	525.489	78.376	1127.758	568.856	-86.302	1078.996	556.768	4.420	1244.947	604.447	-93.573	1191.566
2145	7.14667	496.342	-59.312	1138.035	677.066	13.054	1167.640	530.958	74.847	1128.282	572.968	-90.561	1081.577	560.444	1.583	1246.367	606.904	-98.268	1195.528
2146	7.15000	499.124	-61.899	1140.289	681.688	8.660	1170.154	536.420	71.288	1128.977	577.146	-94.839	1084.241	564.211	-1.165	1248.103	610.456	-101.344	1198.165
2147	7.15333	502.709	-64.609	1142.442	686.146	3.916	1172.966	541.947	67.724	1129.961	581.347	-99.202	1087.290	567.964	-3.901	1250.041	613.501	-105.299	1201.531
2148	7.15667	506.831	-67.741	1145.125	690.678	-0.599	1176.026	547.452	64.107	1131.189	585.529	-103.479	1090.486	571.964	-6.075	1252.240	616.684	-108.811	1205.081
2149	7.16000	510.341	-70.477	1147.800	695.090	-5.270	1179.414	552.981	60.555	1132.778	589.605	-107.729	1093.890	575.641	-8.761	1254.692	620.034	-111.999	1208.574
2150	7.16333	513.922	-73.273	1150.809	699.415	-9.887	1183.150	558.493	57.034	1134.676	593.607	-111.904	1097.548	579.181	-11.500	1257.365	622.842	-115.750	1212.580
2151	7.16667	517.559	-76.002	1153.919	703.705	-14.352	1187.166	563.945	53.516	1136.854	597.562	-116.046	1101.443	582.634	-14.215	1260.216	625.720	-119.391	1216.810
2152	7.17000	521.294	-78.639	1156.955	707.918	-18.880	1191.502	569.406	50.109	1139.382	601.562	-120.145	1105.562	586.319	-16.836	1263.542	629.152	-122.245	1220.785
2153	7.17333	525.232	-81.394	1160.212	712.027	-23.361	1196.104	574.753	46.699	1142.193	605.494	-124.142	1109.882	589.830	-19.500	1266.989	631.529	-126.006	1225.580
2154	7.17667	529.098	-84.158	1163.683	716.052	-27.819	1201.019	580.077	43.382	1145.380	609.380	-127.956	1114.421	593.250	-22.110	1270.805	634.593	-129.155	1230.329
2155	7.18000	532.814	-86.763	1167.387	719.987	-32.157	1206.248	585.363	40.103	1148.898	613.129	-131.713	1119.161	596.540	-24.867	1274.746	637.149	-132.455	1235.215
2156	7.18333	536.438	-89.142	1171.269	723.778	-36.514	1211.807	590.533	36.904	1152.736	616.746	-135.352	1124.073	599.859	-27.407	1279.169	639.658	-135.751	1240.298
2157	7.18667	539.987	-91.694	1175.419	727.438	-40.740	1217.648	595.636	33.809	1156.929	620.333	-138.800	1129.177	602.833	-30.117	1283.616	642.010	-138.987	1245.497
2158	7.19000	543.544	-94.057	1179.745	731.018	-44.921	1223.791	600.630	30.825	1161.447	623.833	-142.194	1134.478	605.800	-32.743	1288.424	644.364	-142.153	1251.088
2159	7.19333	547.028	-96.154	1184.162	734.493	-48.914	1230.204	605.512	27.942	1166.294	627.396	-145.294	1139.972	608.796	-35.543	1293.397	646.634	-145.299	1256.710
2160	7.19667	550.353	-98.387	1188.779	737.827	-52.898	1236.878	610.310	25.144	1171.488	630.832	-148.057	1145.643	611.668	-38.177	1298.707	648.776	-148.325	1262.615
2161	7.20000	553.593	-100.144	1193.561	740.991	-56.787	1243.829	614.982	22.412	1177.011	634.135	-150.959	1151.437	614.331	-40.590	1304.379	650.790	-151.336	1268.622
2162	7.20333	556.057	-100.686	1197.997	744.011	-60.608	1251.046	619.532	19.879	1182.821	637.305	-153.687	1157.517	616.865	-43.100	1310.254	652.617	-154.265	1274.819
2163	7.20667	559.130	-102.719	1203.338	746.868	-64.338	1258.490	623.960	17.326	1188.989	640.347	-156.338	1163.697	619.110	-45.621	1316.321	654.375	-157.084	1281.126
2164	7.21000	562.116	-104.518	1208.851	749.644	-67.961	1266.211	628.268	14.977	1195.449	643.410	-158.752	1170.100	621.367	-48.270	1322.511	656.121	-159.832	1287.504
2165	7.21333	565.456	-106.631	1214.908	752.254	-71.496	1274.112	632.464	12.701	1202.240	646.404	-161.145	1176.641	623.737	-50.848	1328.967	657.770	-162.548	1294.205
2166	7.21667	568.261	-108.023	1220.688	754.732	-74.903	1282.283	636.483	10.538	1209.292	649.265	-163.345	1183.357	625.687	-52.973	1336.014	659.329	-165.191	1301.053
2167	7.22000	570.982	-109.623	1226.838	757.006	-78.295	1290.663	640.396	8.448	1216.640	651.990	-165.478	1190.223	627.758	-55.749	1342.760	660.725	-167.747	1308.038
2168	7.22333	573.545	-111.159	1233.203	759.131	-81.571	1299.309	644.161	6.429	1224.263	654.595	-167.366	1197.267	629.177	-58.175	1349.760	661.952	-170.281	1315.089
2169	7.22667	576.118	-112.635	1239.718	761.118	-84.768	1308.191	647.832	4.442	1232.156	657.151	-169.242	1204.459	630.952	-60.476	1357.355	662.981	-172.698	1322.290
2170	7.23000	578.506	-113.929	1246.408	762.907	-87.953	1317.193	651.326	2.608	1240.320	659.552	-171.061	1211.802	632.426	-62.754	1364.788	664.020	-175.152	1329.696
2171	7.23333	580.898	-115.280	1253.238	764.564	-91.046	1326.431	654.661	0.831	1248.685	661.940	-172.665	1219.354	633.836	-65.046	1372.570	664.927	-177.508	1337.281
2172	7.23667	583.062	-116.285	1260.218	766.057	-94.082	1335.915	657.862	-0.812	1257.363	664.194	-174.187	1226.979	634.952	-67.474	1380.340	665.612	-179.812	1344.885
2173	7.24000	585.068	-117.307	1267.328	767.333	-97.052	1345.589	660.929	-2.480	1266.296	666.210	-175.624	1234.760	635.924	-69.319	1388.793	666.132	-182.045	1352.672
2174	7.24333	586.968	-118.495	1274.791	768.426	-99.978	1355.495	663.822	-4.037	1275.446	668.097	-177.007	1242.713	636.691	-71.872	1396.753	666.466	-184.227	1360.533
2175	7.24667	588.672	-119.557	1282.213	769.320	-102.869	1365.530	666.529	-5.597	1284.792	669.925	-178.260	1250.835	637.117	-73.851	1405.363	666.691	-186.402	1368.614
2176	7.25000	590.332	-120.622	1289.917	770.043	-105.732	1375.748	669.093	-7.025	1294.345	671.648	-179.475	1259.060	637.530	-76.049	1414.012	666.418	-188.567	1376.914
2177	7.25333	591.897	-121.403	1297.633	770.608	-108.334	1386.317	671.436	-8.433	1304.082	673.304	-180.599	1267.454	637.880	-78.448	1422.559	666.397	-190.705	1385.161
2178	7.25667	593.292	-122.228	1305.545	770.957	-111.108	1396.799	673.691	-9.844	1314.059	674.773	-181.689	1275.965	637.938	-80.525	1431.423	666.074	-192.668	1393.521
2179	7.26000	594.571	-123.091	1313.551	771.050	-113.831	1407.439	675.748	-11.196	1324.209	676.115	-182.718	1284.598	637.782	-82.683	1440.430	665.713	-194.614	1401.923
2180	7.26333	595.626	-123.752	1321.638	770.917	-116.493	1418.210	677.615	-12.475	1334.550	677.323	-183.527	1293.278	637.914	-85.315	1449.077	665.108	-196.490	1410.287
2181	7.26667	596.580	-124.480	1329.842	770.572	-119.137	1429.120	679.269	-13.744	1344.976	678.457	-184.369	1302.105	637.229	-87.284	1458.291	664.425	-198.399	1418.830
2182	7.27000	597.348	-125.000	1337.977	770.033	-121.709	1440.129	680.745	-14.941	1355.615	679.491	-185.074	1311.039	636.570	-89.480	1467.397	663.502	-200.175	1427.338
2183	7.27333	598.055	-125.567	1346.316	769.291	-124.266	1451.174	682.002	-16.092	1366.376	680.439	-185.793	1320.035	635.514	-91.398	1476.853	662.554	-201.925	1435.979
2184	7.27667	598.557	-125.815	1354.524	768.114	-126.990	1462.153	683.046	-17.186	1377.280	681.298	-186.421	1329.030	633.817	-93.048	1486.283	661.401	-203.628	1444.613
2185	7.28000	598.788	-125.925	1362.526	766.913	-129.368	1473.315	683.860	-18.234	1388.242	682.038	-186.968	1337.957	632.529	-95.079	1495.622	660.029	-205.269	1453.158
2186	7.28333	598.961	-126.003	1371.016	765.434	-131.743	1484.431	684.438	-19.262	1399.266	682.496	-187.359	1347.201	630.545	-96.713	1505.125	658.614	-206.800	1461.796
2187	7.28667	599.212	-126.703	1378.988	763.776	-134.019	1495.582	684.808	-20.230	1410.389	682.929	-187.743	1356.476	628.461	-98.362	1514.480	657.006	-208.403	1470.349
2188	7.29000	599.360	-126.925	1387.526	761.922	-136.178	1506.703	684.929	-21.163	1421.500	683.269	-188.103	1365.717	626.506	-100.193	1523.864	655.331	-209.829	1478.865
2189	7.29333	599.503	-127.230	1396.003	759.944	-138.295	1517.798	684.832	-22.074	1432.631	683.547	-188.461	1374.952	623.813	-101.621	1533.489	653.554	-211.245	1487.403
2190	7.29667	599.603	-127.610	1404.455	757.804	-140.236	1528.984	684.474	-22.904	1443.681	683.619	-188.639	1384.199	620.863	-103.015	1543.322	651.616	-212.603	1495.860
2191	7.30000	599.397	-127.817	1412.934	755.393	-142.244	1539.886	683.954	-23.760	1454.737	683.573	-188.847	1393.379	619.335	-105.293	1551.690	649.644	-213.854	1504.267
2192	7.30333	599.021	-127.935	1421.359	752.801	-144.169	1550.679	684.658	-25.265	1465.025	683.341	-188.794	1402.564	616.618	-106.809	1560.677	647.465	-215.060	1512.582
2193	7.30667	596.452	-126.720	1428.226	750.111	-146.084	1561.385	683.254	-25.836	1476.202	683.030	-188.865	1411.680	613.906	-108.402	1569.576	645.196	-216.266	1520.762
2194	7.31000	595.689	-127.342	1436.701	747.291	-147.862	1571.957	681.827	-26.296	1487.034	682.750	-188.475	1420.787	610.869	-109.779	1578.459	642.940	-217.285	1528.867
2195	7.31333	594.625	-127.380	1444.883	744.392	-149.562	1582.354	680.395	-26.867	1497.797	682.257	-188.545	1429.830	608.086	-111.243	1586.977	640.623	-218.264	1536.975
2196	7.31667	595.122	-123.021	1457.278	741.385	-151.153	1592.617	678.883	-27.515	1508.333	681.611	-188.545	1438.783	605.273	-112.627	1595.504	638.184	-219.266	1544.997
2197	7.32000	594.191	-123.504	1464.956	738.223	-152.697	1602.734	677.266	-28.022	1518.708	680.756	-188.589	1447.523	602.406	-113.864	1603.809	635.624	-220.064	1552.820
2198	7.32333	593.637	-123.329	1473.258	735.017	-154.106	1612.691	675.552	-28.599	1528.729	679.857	-188.515	1456.298	597.546	-116.001	1612.799	632.904	-220.950	1561.079
2199	7.32667	592.635	-123.248	1481.121	731.736	-155.394	1622.562	673.699	-29.084	1538.595	678.820	-188.527	1464.968	594.482	-116.786	1620.816	630.257	-221.647	1568.671
2200	7.33000	591.506	-123.375	1488.690	728.390	-156.696	1632.100	671.783	-29.512	1548.246	677.754	-188.512	1473.510	591.412	-117.710	1628.746	628.106	-221.769	1576.048
2201	7.33333	590.331	-123.430	1496.276	725.062	-157.740	1641.444	669.797	-29.932	1557.689	676.624	-188.358	1481.852	588.206	-118.659	1636.412	625.510	-222.205	1583.433
2202	7.33667	590.474	-125.743	1504.223	721.684	-158.806	1650.634	667.726	-30.275	1566.822	675.405	-188.275	1490.130	584.945	-119.456	1643.978	622.920	-222.636	1590.664
2203	7.34000	588.475	-124.645	1511.384	718.230	-159.699	1659.487	665.664	-30.603	1575.822	674.041	-188.185	1498.255	581.850	-119.997	1651.324	620.182	-223.006	1597.923
2204	7.34333	586.030	-124.636	1517.459	714.749	-160.518	1668.282	663.522	-30.969	1584.507	672.560	-188.111	1506.339	578.741	-120.437	1658.254	617.385	-223.273	1604.979
2205	7.34667	584.691	-124.567	1524.845	711.280	-161.377	1676.765	661.372	-31.184	1592.981	671.034	-188.007	1514.071	575.336	-120.985	1665.336	614.573	-223.614	1611.899
2206	7.35000	583.229	-124.337	1531.716	707.787	-162.084	1685.078	659.198	-31.371	1601.344	669.537	-188.006	1521.825	572.097	-121.292	1672.312	611.818	-223.866	1618.715
2207	7.35333	582.435	-124.808	1539.754	704.358	-162.650	1693.142	656.996	-31.629	1609.356	667.990	-187.841	1529.402	569.380	-121.323	1678.708	609.126	-223.970	1625.417
2208	7.35667	581.042	-124.711	1546.287	700.977	-163.165	1701.092	654.802	-31.712	1617.237	666.463	-187.713	1536.839	566.788	-121.440	1685.128	606.375	-224.032	1631.986
2209	7.36000	579.752	-124.535	1552.920	697.531	-163.634	1708.807	652.601	-31.788	1624.888	664.796	-187.533	1544.048	564.073	-121.456	1691.166	603.603	-224.123	1638.467
2210	7.36333	578.302	-124.220	1559.287	694.128	-164.090	1716.325	650.440	-31.906	1632.375	663.106	-187.449	1551.173	561.226	-121.287	1697.590	600.817	-224.165	1644.794
2211	7.36667	576.879	-123.983	1565.518	690.717	-164.400	1723.633	648.271	-31.967	1639.608	661.466	-187.327	1558.105	558.150	-121.228	1703.529	598.089	-224.116	1650.959
2212	7.37000	575.336	-123.568	1571.481	687.444	-164.747	1730.816	646.096	-31.953	1646.655	659.801	-187.102	1564.807	555.457	-121.319	1709.289	595.437	-224.109	1657.028
2213	7.37333	573.783	-123.095	1577.440	684.139	-164.986	1737.757	643.977	-31.857	1653.520	658.280	-186.897	1571.525	552.456	-121.114	1715.036	592.794	-223.895	1662.847
2214	7.37667	572.336	-122.671	1583.205	680.966	-165.112	1744.490	641.894	-31.788	1660.221	656.689	-186.629	1577.950	549.743	-121.017	1720.520	590.232	-223.690	1668.548
2215	7.38000	570.937	-122.297	1588.770	677.749	-165.212	1751.056	639.812	-31.623	1666.599	655.051	-186.423	1584.241	547.089	-120.836	1725.791	587.680	-223.447	1674.179
2216	7.38333	569.432	-121.822	1594.204	674.569	-165.220	1757.400	637.809	-31.524	1672.836	653.433	-186.193	1590.385	544.305	-120.551	1730.935	585.071	-223.170	1679.550
2217	7.38667	567.951	-121.423	1599.403	671.454	-165.130	1763.612	635.755	-31.263	1678.726	651.858	-185.984	1596.466	541.633	-120.154	1735.974	582.593	-222.938	1684.908
2218	7.39000	566.510	-120.993	1604.489	668.462	-164.909	1769.542	633.818	-31.007	1684.402	650.280	-185.680	1602.176	538.892	-119.610	1740.834	580.141	-222.560	1690.026
2219	7.39333	565.075	-120.579	1609.392	665.553	-164.639	1775.326	631.886	-30.652	1689.866	648.750	-185.449	1607.811	536.312	-119.063	1745.484	577.784	-222.085	1695.158
2220	7.39667	563.715	-120.182	1614.165	662.696	-164.362	1780.880	630.019	-30.278	1695.081	647.185	-185.147	1613.270	533.862	-118.453	1749.947	575.452	-221.578	1699.962
2221	7.40000	562.229	-119.680	1618.743	659.891	-163.931	1786.208	628.197	-29.916	1700.027	645.558	-184.836	1618.457	531.474	-117.818	1754.300	573.104	-221.068	1704.801
2222	7.40333	560.822	-119.289	1623.141	657.147	-163.414	1791.311	626.394	-29.466	1704.729	643.873	-184.593	1623.485	529.062	-117.030	1758.523	570.720	-220.434	1709.379
2223	7.40667	559.394	-118.910	1627.399	654.472	-162.900	1796.229	624.621	-28.970	1709.183	642.200	-184.401	1628.391	526.710	-116.282	1762.540	568.415	-219.884	1713.846
2224	7.41000	557.831	-118.384	1631.489	651.885	-162.286	1800.915	622.884	-28.532	1713.450	640.552	-184.203	1633.164	524.495	-115.464	1766.398	566.191	-219.306	1718.310
2225	7.41333	556.407	-118.084	1635.416	649.426	-161.676	1805.501	621.205	-28.081	1717.431	638.907	-183.987	1637.642	522.258	-114.583	1770.124	564.004	-218.612	1722.509
2226	7.41667	554.865	-117.580	1639.213	646.968	-160.968	1809.793	619.583	-27.618	1721.300	637.222	-183.771	1641.994	520.092	-113.648	1773.746	561.822	-217.982	1726.537
2227	7.42000	553.443	-117.195	1642.945	644.577	-160.361	1814.007	618.013	-27.119	1724.974	635.507	-183.486	1646.185	518.027	-112.726	1777.231	559.600	-217.225	1730.485
2228	7.42333	551.943	-116.704	1646.416	642.187	-159.700	1817.987	616.513	-26.652	1728.552	633.749	-183.331	1650.235	516.013	-111.842	1780.522	557.406	-216.671	1734.399
2229	7.42667	550.561	-116.252	1649.858	639.873	-159.054	1821.908	614.992	-26.135	1731.925	632.025	-183.179	1654.206	514.054	-110.890	1783.750	555.186	-216.026	1738.057
2230	7.43000	549.109	-115.789	1653.136	637.600	-158.535	1825.727	613.560	-25.650	1735.191	630.365	-182.958	1657.989	512.132	-109.943	1786.824	553.120	-215.254	1741.685
2231	7.43333	547.790	-115.382	1656.288	635.384	-157.837	1829.410	612.199	-25.122	1738.361	628.733	-182.695	1661.594	510.253	-108.942	1789.791	551.043	-214.598	1745.235
2232	7.43667	546.394	-114.862	1659.344	633.229	-157.186	1832.876	610.887	-24.640	1741.370	627.184	-182.462	1665.204	508.353	-107.882	1792.692	549.021	-213.824	1748.547
2233	7.44000	545.153	-114.446	1662.262	631.021	-156.465	1836.244	609.553	-24.119	1744.316	625.554	-182.359	1668.655	506.618	-106.951	1795.391	546.968	-213.043	1751.741
2234	7.44333	543.813	-113.975	1665.080	628.891	-155.670	1839.491	608.288	-23.651	1746.992	623.915	-182.115	1671.935	504.854	-105.924	1798.082	544.230	-212.991	1755.301
2235	7.44667	542.644	-113.617	1667.770	626.753	-155.062	1842.741	607.046	-23.171	1749.694	622.390	-182.038	1675.258	502.895	-105.145	1800.779	542.349	-212.223	1758.248
2236	7.45000	541.383	-113.141	1670.365	624.677	-154.375	1845.766	605.826	-22.733	1752.194	620.859	-181.903	1678.445	501.005	-104.125	1803.201	540.299	-211.658	1761.411
2237	7.45333	540.189	-112.695	1672.899	622.661	-153.714	1848.730	604.608	-22.287	1754.683	619.424	-181.746	1681.459	499.553	-103.180	1805.462	538.451	-210.843	1764.158
2238	7.45667	539.016	-112.291	1675.323	620.701	-153.053	1851.544	603.463	-21.836	1757.034	617.970	-181.611	1684.420	497.970	-102.191	1807.627	536.674	-210.062	1766.808
2239	7.46000	537.887	-111.816	1677.661	618.723	-152.388	1854.236	602.334	-21.390	1759.354	616.596	-181.224	1687.057	496.420	-101.271	1809.685	534.789	-209.367	1769.276
2240	7.46333	536.750	-111.363	1679.868	616.774	-151.764	1856.803	601.242	-20.944	1761.556	615.170	-180.997	1689.681	494.778	-100.401	1811.751	532.973	-208.716	1771.620
2241	7.46667	535.542	-110.824	1681.875	614.893	-151.169	1859.221	600.141	-20.557	1763.630	613.774	-180.798	1692.193	493.326	-99.498	1813.573	531.228	-208.081	1773.910
2242	7.47000	534.555	-110.424	1683.782	613.072	-150.578	1861.521	599.009	-20.091	1765.596	612.450	-180.614	1694.618	491.823	-98.615	1815.312	529.506	-207.428	1775.996
2243	7.47333	533.511	-109.951	1685.645	611.386	-150.030	1863.677	597.959	-19.627	1767.434	611.159	-180.440	1696.826	490.494	-97.761	1816.941	527.886	-206.797	1778.054
2244	7.47667	532.505	-109.533	1687.296	609.701	-149.460	1865.693	596.969	-19.193	1769.238	609.920	-180.166	1698.883	489.150	-96.998	1818.483	526.276	-206.204	1779.783
2245	7.48000	531.541	-109.098	1688.933	608.104	-148.922	1867.519	595.963	-18.743	1770.841	608.642	-179.894	1700.710	487.834	-96.168	1819.908	524.746	-205.533	1781.539
2246	7.48333	530.501	-108.632	1690.351	606.548	-148.336	1869.143	595.033	-18.346	1772.274	607.413	-179.676	1702.529	486.638	-95.407	1821.202	523.250	-204.948	1783.017
2247	7.48667	529.551	-108.290	1691.713	605.126	-147.803	1870.730	594.024	-17.970	1773.569	606.199	-179.479	1704.099	485.483	-94.666	1822.372	521.896	-204.360	1784.592
2248	7.49000	528.475	-107.852	1692.811	603.742	-147.224	1872.108	593.126	-17.570	1774.717	605.027	-179.216	1705.564	484.317	-93.937	1823.498	520.556	-203.767	1785.963
2249	7.49333	527.457	-107.451	1693.961	602.519	-146.697	1873.383	592.227	-17.233	1775.644	603.895	-179.004	1706.840	483.242	-93.241	1824.437	519.242	-203.231	1787.211
2250	7.49667	526.571	-107.219	1694.975	601.316	-146.124	1874.477	591.359	-16.837	1776.464	602.766	-178.768	1708.011	482.372	-92.624	1825.259	518.031	-202.616	1788.423
2251	7.50000	525.582	-106.939	1695.769	600.251	-145.626	1875.418	590.604	-16.533	1777.137	601.574	-178.660	1709.003	481.419	-91.906	1826.081	516.783	-202.126	1789.454
2252	7.50333	524.600	-106.660	1696.608	599.201	-145.093	1876.202	589.875	-16.191	1777.637	600.378	-178.557	1709.885	480.530	-91.264	1826.802	515.506	-201.613	1790.372
2253	7.50667	523.620	-106.435	1697.264	598.270	-144.648	1876.911	589.206	-15.945	1778.061	599.263	-178.471	1710.645	479.675	-90.610	1827.445	514.426	-201.122	1791.228
2254	7.51000	522.654	-106.187	1697.841	597.420	-144.221	1877.460	588.653	-15.707	1778.232	598.136	-178.394	1711.301	478.933	-89.999	1827.974	513.334	-200.743	1791.990
2255	7.51333	521.595	-105.873	1698.379	596.686	-143.831	1877.897	588.077	-15.516	1778.449	597.029	-178.456	1711.837	478.264	-89.384	1828.480	512.329	-200.209	1792.848
2256	7.51667	520.832	-105.792	1698.788	596.022	-143.479	1878.215	587.618	-15.361	1778.509	595.915	-178.415	1712.188	478.368	-89.209	1828.752	511.344	-199.863	1793.454
2257	7.52000	519.969	-105.624	1699.138	595.417	-143.195	1878.400	587.174	-15.259	1778.511	594.847	-178.477	1712.518	477.794	-88.575	1829.177	510.307	-199.467	1793.996
2258	7.52333	519.094	-105.519	1699.397	594.854	-142.924	1878.579	586.828	-15.214	1778.410	593.680	-178.617	1712.699	477.387	-88.134	1829.434	509.389	-199.104	1794.497
2259	7.52667	518.162	-105.399	1699.627	594.374	-142.704	1878.624	586.522	-15.187	1778.071	592.639	-178.769	1712.880	477.027	-87.690	1829.681	508.528	-198.842	1794.888
2260	7.53000	517.341	-105.324	1699.745	593.943	-142.524	1878.637	586.258	-15.229	1777.799	591.633	-178.941	1713.014	476.615	-87.210	1829.869	507.613	-198.575	1795.313
2261	7.53333	516.469	-105.313	1699.870	593.603	-142.375	1878.603	586.047	-15.279	1777.491	590.645	-179.230	1713.056	476.198	-86.711	1830.074	506.816	-198.347	1795.686
2262	7.53667	515.833	-105.406	1699.951	593.232	-142.281	1878.511	585.843	-15.384	1777.228	589.659	-179.431	1713.074	475.948	-86.311	1830.254	505.938	-198.191	1795.995
2263	7.54000	515.080	-105.435	1700.112	592.893	-142.260	1878.409	585.683	-15.540	1776.950	588.698	-179.735	1713.047	475.595	-85.921	1830.412	505.024	-198.062	1796.053
2264	7.54333	514.521	-105.625	1700.180	592.556	-142.386	1878.358	585.509	-15.706	1776.627	587.751	-180.030	1713.071	475.449	-85.673	1830.541	504.259	-197.899	1796.292
2265	7.54667	513.815	-105.690	1700.262	592.204	-142.465	1878.273	585.360	-15.936	1776.347	586.872	-180.399	1713.099	475.085	-85.320	1830.682	503.426	-197.720	1796.537
2266	7.55000	513.169	-105.841	1700.284	591.889	-142.565	1878.255	585.244	-16.165	1776.103	586.086	-180.794	1713.157	474.876	-85.135	1830.785	502.778	-197.678	1796.831
2267	7.55333	512.488	-105.924	1700.412	591.609	-142.723	1878.253	585.147	-16.469	1775.924	585.305	-181.164	1713.249	474.699	-84.988	1830.923	502.165	-197.726	1797.164
2268	7.55667	511.974	-106.119	1700.599	591.279	-142.920	1878.296	585.096	-16.894	1775.743	584.537	-181.676	1713.384	474.542	-84.875	1831.116	501.458	-197.828	1797.510
2269	7.56000	511.398	-106.240	1700.626	590.905	-143.201	1878.418	585.033	-17.296	1775.643	583.724	-182.136	1713.551	474.328	-84.777	1831.368	500.691	-197.947	1797.781
2270	7.56333	510.988	-106.693	1700.910	590.525	-143.511	1878.602	584.953	-17.829	1775.675	582.923	-182.774	1713.834	474.152	-84.789	1831.620	499.987	-198.040	1798.154
2271	7.56667	510.628	-107.174	1701.117	590.089	-143.979	1878.871	584.878	-18.338	1775.774	582.091	-183.363	1714.144	473.845	-84.768	1831.934	499.193	-198.140	1798.670
2272	7.57000	510.220	-107.688	1701.533	589.652	-144.474	1879.204	584.869	-18.939	1775.918	581.298	-184.038	1714.536	473.566	-84.817	1832.358	498.663	-198.506	1799.331
2273	7.57333	509.755	-108.098	1702.001	589.177	-145.051	1879.601	584.804	-19.701	1776.239	580.432	-184.782	1715.035	473.250	-84.918	1832.859	498.008	-198.692	1799.893
2274	7.57667	509.523	-108.840	1702.504	588.654	-145.765	1880.155	584.747	-20.382	1776.696	579.546	-185.522	1715.564	472.979	-85.056	1833.462	497.239	-199.027	1800.489
2275	7.58000	508.962	-109.322	1703.192	588.061	-146.464	1880.804	584.705	-21.220	1777.198	578.554	-186.337	1716.229	472.608	-85.202	1834.209	496.466	-199.450	1801.178
2276	7.58333	508.625	-110.017	1704.010	587.366	-147.267	1881.581	584.587	-22.092	1777.880	577.537	-187.247	1717.060	472.255	-85.448	1834.947	495.475	-199.790	1801.947
2277	7.58667	508.054	-110.640	1704.892	586.652	-148.056	1882.433	584.463	-22.934	1778.683	576.454	-188.155	1717.984	471.918	-85.757	1835.833	494.459	-200.230	1802.991
2278	7.59000	507.530	-111.341	1705.919	585.850	-148.919	1883.527	584.269	-23.930	1779.526	575.447	-189.102	1719.132	471.293	-85.943	1836.914	493.449	-200.708	1804.251
2279	7.59333	506.817	-111.881	1707.175	584.995	-149.778	1884.704	584.109	-24.855	1780.708	574.327	-190.034	1720.354	470.850	-86.234	1838.048	492.345	-201.126	1805.439
2280	7.59667	505.965	-112.419	1708.591	584.045	-150.663	1886.059	583.848	-25.906	1781.847	573.148	-191.032	1721.720	470.078	-86.385	1839.405	491.213	-201.650	1806.817
2281	7.60000	505.121	-112.981	1710.111	582.965	-151.563	1887.610	583.608	-26.921	1783.316	571.947	-192.039	1723.300	469.599	-86.815	1840.807	489.935	-202.169	1808.381
2282	7.60333	504.345	-113.586	1711.890	581.767	-152.529	1889.353	583.262	-27.971	1785.025	570.817	-192.630	1724.985	468.899	-87.202	1842.367	488.465	-202.610	1809.927
2283	7.60667	503.518	-114.184	1713.707	580.471	-153.508	1891.333	582.811	-28.984	1786.884	569.515	-193.684	1726.924	467.908	-87.414	1844.099	486.985	-203.185	1811.857
2284	7.61000	502.643	-114.724	1715.725	579.039	-154.438	1893.436	582.267	-30.033	1789.028	568.222	-194.619	1729.088	466.897	-87.690	1845.983	485.466	-203.727	1813.758
2285	7.61333	501.729	-115.222	1717.932	577.484	-155.425	1895.805	581.767	-31.041	1791.309	566.907	-195.478	1731.450	466.049	-88.201	1847.943	483.844	-204.157	1815.971
2286	7.61667	500.844	-115.790	1720.298	575.825	-156.380	1898.398	581.088	-32.074	1793.914	565.583	-196.492	1733.970	464.891	-88.473	1850.170	482.192	-204.689	1818.245
2287	7.62000	499.926	-116.251	1722.865	574.005	-157.335	1901.181	580.393	-33.093	1796.695	564.153	-197.418	1736.658	463.616	-88.766	1852.502	480.340	-205.178	1820.464
2288	7.62333	498.875	-116.752	1725.571	571.978	-158.290	1904.195	579.598	-34.131	1799.738	562.708	-198.356	1739.615	462.358	-89.213	1854.936	478.352	-205.732	1823.076
2289	7.62667	497.895	-117.162	1728.438	569.766	-159.217	1907.392	578.627	-35.038	1802.939	561.251	-199.232	1742.795	460.733	-89.424	1857.530	476.401	-206.222	1825.782
2290	7.63000	496.805	-117.667	1731.390	567.451	-160.117	1910.794	577.616	-36.001	1806.434	559.733	-200.013	1746.143	459.087	-89.706	1860.214	474.405	-206.646	1828.691
2291	7.63333	495.684	-118.089	1734.560	564.922	-160.962	1914.338	576.444	-36.867	1810.097	558.163	-200.837	1749.632	457.373	-90.052	1863.082	472.226	-207.007	1831.539
2292	7.63667	494.486	-118.469	1737.876	562.293	-161.762	1918.047	575.208	-37.806	1813.888	556.502	-201.670	1753.336	455.448	-90.200	1866.071	469.942	-207.450	1834.550
2293	7.64000	493.178	-118.845	1741.257	559.487	-162.541	1921.892	573.813	-38.635	1817.851	554.679	-202.446	1757.135	453.547	-90.562	1869.109	467.424	-207.738	1837.647
2294	7.64333	491.775	-119.119	1744.802	556.493	-163.245	1925.802	572.242	-39.435	1821.971	552.735	-203.200	1761.096	451.298	-90.643	1872.353	464.915	-207.988	1840.878
2295	7.64667	490.280	-119.436	1748.389	553.345	-163.925	1929.909	570.523	-40.138	1826.239	550.723	-203.813	1765.126	448.844	-90.695	1875.615	462.242	-208.345	1844.215
2296	7.65000	488.679	-119.705	1752.112	550.128	-164.511	1934.112	568.699	-40.815	1830.560	548.662	-204.418	1769.267	446.483	-90.887	1878.919	459.547	-208.487	1847.682
2297	7.65333	487.004	-119.867	1755.909	546.734	-165.012	1938.315	566.661	-41.380	1835.049	546.495	-204.872	1773.520	443.747	-90.807	1882.434	456.997	-207.740	1850.980
2298	7.65667	485.171	-119.990	1759.789	543.203	-165.538	1942.575	564.524	-41.893	1839.643	544.180	-205.243	1777.804	440.927	-90.864	1885.952	454.074	-207.749	1854.531
2299	7.66000	483.252	-120.050	1763.767	539.490	-165.974	1947.008	562.181	-42.285	1844.356	541.793	-205.629	1782.134	437.950	-90.767	1889.573	450.977	-207.706	1858.073
2300	7.66333	481.234	-120.056	1767.746	535.693	-166.301	1951.431	559.666	-42.641	1849.082	539.269	-205.855	1786.553	434.786	-90.671	1893.202	447.346	-208.879	1861.796
2301	7.66667	479.089	-120.015	1771.805	531.765	-166.585	1955.875	556.972	-42.903	1853.924	536.501	-206.078	1791.371	431.619	-90.652	1896.833	444.125	-208.651	1865.459
2302	7.67000	476.885	-119.883	1775.897	527.684	-166.849	1960.378	554.112	-43.059	1858.842	533.916	-206.099	1795.839	428.236	-90.568	1900.480	440.929	-208.723	1869.040
2303	7.67333	474.593	-119.697	1779.908	523.518	-167.064	1964.916	551.140	-43.134	1863.850	531.327	-205.999	1800.408	424.821	-90.540	1904.184	437.682	-208.717	1872.730
2304	7.67667	472.251	-119.394	1784.002	519.234	-167.215	1969.406	547.993	-43.145	1868.953	528.721	-205.881	1804.904	421.235	-90.425	1907.854	434.323	-208.616	1876.229
2305	7.68000	469.819	-119.073	1788.091	514.812	-167.315	1973.885	544.655	-43.012	1874.134	526.010	-205.574	1809.424	417.529	-90.398	1911.577	430.891	-208.513	1879.674
2306	7.68333	467.339	-118.657	1792.189	510.262	-167.410	1978.413	541.173	-42.819	1879.303	523.449	-205.116	1813.956	413.678	-90.300	1915.144	427.384	-208.365	1883.139
2307	7.68667	464.777	-118.189	1796.229	505.640	-167.469	1982.836	537.556	-42.566	1884.479	520.873	-204.552	1818.535	409.747	-90.258	1918.767	423.994	-208.189	1886.563
2308	7.69000	462.207	-117.654	1800.245	500.958	-167.394	1987.164	533.789	-42.185	1889.603	518.130	-204.084	1822.950	405.718	-90.140	1922.249	417.910	-208.579	1890.164
2309	7.69333	459.615	-117.082	1804.251	496.094	-167.327	1991.565	529.958	-41.726	1894.652	515.573	-203.318	1827.416	402.011	-90.307	1925.655	414.477	-208.376	1893.396
2310	7.69667	456.937	-116.461	1808.154	491.345	-167.193	1995.746	526.038	-41.197	1899.619	512.817	-202.630	1831.642	397.895	-90.226	1929.035	411.326	-208.112	1896.573
2311	7.70000	454.246	-115.822	1811.981	486.501	-167.018	1999.816	521.992	-40.578	1904.495	510.064	-201.895	1835.793	393.674	-90.042	1932.291	407.664	-207.770	1899.449
2312	7.70333	451.441	-115.174	1815.723	481.716	-166.743	2003.684	517.899	-39.993	1909.227	507.285	-201.148	1839.855	389.505	-89.957	1935.371	404.121	-207.372	1902.452
2313	7.70667	448.619	-114.476	1819.287	476.909	-166.409	2007.389	513.718	-39.350	1913.694	504.635	-200.241	1843.919	385.049	-89.643	1938.296	400.757	-206.921	1905.092
2314	7.71000	445.735	-113.820	1822.729	472.159	-166.087	2010.985	509.542	-38.654	1918.041	501.729	-199.567	1847.828	380.814	-89.493	1941.093	397.424	-206.567	1908.040
2315	7.71333	442.884	-113.077	1826.042	467.471	-165.729	2014.377	505.197	-37.839	1922.258	498.901	-198.723	1851.451	376.511	-89.177	1943.723	394.131	-206.129	1910.333
2316	7.71667	440.060	-112.340	1829.182	462.818	-165.364	2017.517	500.992	-37.045	1926.174	496.024	-197.813	1854.869	372.314	-88.957	1946.183	390.842	-205.709	1912.829
2317	7.72000	437.106	-111.652	1832.120	458.216	-164.951	2020.457	496.685	-36.200	1929.908	493.366	-196.749	1858.025	368.182	-88.655	1948.424	388.047	-205.134	1914.895
2318	7.72333	434.199	-110.917	1834.819	453.716	-164.583	2023.257	492.673	-35.590	1933.308	490.542	-195.796	1861.042	364.090	-88.416	1950.584	385.122	-204.535	1917.026
2319	7.72667	431.274	-110.197	1837.356	449.310	-164.186	2025.779	488.629	-34.894	1936.417	487.666	-194.962	1863.819	360.076	-88.167	1952.396	382.103	-204.090	1918.815
2320	7.73000	428.379	-109.488	1839.688	444.973	-163.718	2028.114	484.610	-34.100	1939.355	484.582	-194.554	1866.551	356.159	-87.854	1954.173	379.154	-203.474	1920.557
2321	7.73333	425.596	-108.768	1841.776	440.838	-163.295	2030.226	480.811	-33.459	1942.028	481.723	-193.803	1868.984	352.336	-87.535	1955.690	376.489	-202.465	1922.110
2322	7.73667	422.807	-108.037	1843.684	436.754	-162.805	2032.093	477.082	-32.766	1944.478	479.143	-192.714	1870.997	348.661	-87.212	1957.018	373.484	-201.950	1923.301
2323	7.74000	420.133	-107.391	1845.360	432.843	-162.386	2033.694	473.388	-32.015	1946.638	476.526	-191.899	1872.898	345.069	-86.857	1958.233	370.495	-201.619	1924.384
2324	7.74333	417.518	-106.635	1846.827	429.046	-161.926	2035.141	469.771	-31.299	1948.598	473.837	-191.238	1874.653	341.652	-86.535	1959.157	367.624	-201.029	1925.315
2325	7.74667	415.055	-105.974	1848.071	425.461	-161.364	2036.369	466.331	-30.575	1950.223	471.558	-190.202	1876.136	338.356	-86.187	1959.862	364.877	-200.662	1926.158
2326	7.75000	412.678	-105.378	1849.099	421.946	-160.921	2037.422	463.060	-29.852	1951.657	469.227	-189.478	1877.475	335.223	-85.756	1960.369	362.265	-200.210	1926.783
2327	7.75333	410.453	-104.779	1849.892	418.691	-160.284	2038.209	460.006	-29.152	1952.783	467.041	-188.707	1878.568	332.286	-85.374	1960.754	359.892	-199.643	1927.271
2328	7.75667	408.317	-104.179	1850.478	415.593	-159.738	2038.828	457.149	-28.468	1953.619	465.003	-187.927	1879.356	329.564	-84.973	1960.923	357.668	-199.048	1927.534
2329	7.76000	406.347	-103.636	1850.858	412.820	-159.039	2039.156	454.550	-27.811	1954.146	463.217	-187.133	1879.933	326.989	-84.547	1960.835	355.419	-198.732	1927.734
2330	7.76333	404.489	-103.212	1850.993	410.279	-158.342	2039.298	451.995	-27.134	1954.325	461.344	-186.576	1880.434	324.660	-84.091	1960.642	353.410	-198.280	1927.646
2331	7.76667	402.790	-102.851	1850.908	408.031	-157.693	2039.303	449.816	-26.555	1954.269	459.754	-185.969	1880.635	322.512	-83.623	1960.127	351.540	-197.781	1927.410
2332	7.77000	401.264	-102.446	1850.583	405.929	-157.054	2039.108	447.867	-25.969	1953.969	458.234	-185.439	1880.580	320.667	-83.157	1959.606	349.953	-197.302	1927.149
2333	7.77333	399.863	-102.138	1850.016	404.183	-156.334	2038.615	446.324	-25.470	1953.349	456.477	-185.540	1880.255	319.084	-82.698	1958.833	348.517	-196.895	1926.713
2334	7.77667	398.634	-101.791	1849.306	402.738	-155.671	2037.941	444.922	-24.966	1952.437	455.200	-185.257	1879.749	317.720	-82.170	1957.946	347.211	-196.331	1925.939
2335	7.78000	397.495	-101.559	1848.292	401.621	-155.010	2036.984	443.831	-24.547	1951.219	453.954	-185.118	1878.828	316.642	-81.640	1956.915	346.022	-196.023	1925.247
2336	7.78333	396.511	-101.469	1847.079	400.892	-154.314	2035.870	442.960	-24.157	1949.722	453.163	-184.678	1877.902	315.799	-81.086	1955.721	345.004	-195.581	1924.166
2337	7.78667	395.636	-101.386	1845.665	400.370	-153.684	2034.553	442.386	-23.767	1947.954	452.173	-184.619	1876.529	315.279	-80.560	1954.412	344.290	-195.141	1923.344
2338	7.79000	394.923	-101.387	1844.035	400.271	-153.047	2033.034	442.170	-23.484	1945.854	451.541	-184.557	1875.083	315.005	-79.934	1952.944	343.613	-194.736	1922.208
2339	7.79333	394.376	-101.423	1842.249	400.439	-152.331	2031.293	442.421	-23.405	1943.486	450.816	-184.706	1873.241	315.043	-79.338	1951.364	343.153	-194.366	1921.021
2340	7.79667	393.907	-101.557	1840.221	400.939	-151.677	2029.436	442.880	-23.326	1940.841	450.408	-184.664	1871.166	315.338	-78.676	1949.665	342.788	-193.929	1919.589
2341	7.80000	393.596	-101.851	1838.061	401.732	-150.951	2027.409	443.631	-23.391	1937.782	449.849	-185.160	1869.018	315.866	-78.024	1947.880	342.690	-193.435	1918.350
2342	7.80333	393.316	-102.261	1835.742	402.742	-150.260	2025.248	444.566	-23.476	1934.543	449.460	-185.637	1866.666	316.642	-77.350	1945.950	340.719	-193.867	1917.075
2343	7.80667	393.145	-102.712	1833.262	404.040	-149.593	2022.918	445.790	-23.668	1931.079	448.970	-186.493	1864.287	317.631	-76.682	1943.953	340.711	-193.693	1915.866
2344	7.81000	393.095	-103.257	1830.702	405.556	-148.902	2020.535	447.151	-23.892	1927.383	448.714	-187.163	1861.738	318.840	-75.994	1941.839	340.735	-193.521	1914.338
2345	7.81333	393.165	-103.868	1828.043	407.227	-148.297	2017.969	448.691	-24.251	1923.596	448.466	-188.105	1859.073	320.253	-75.350	1939.681	340.900	-193.295	1912.831
2346	7.81667	393.285	-104.643	1825.279	409.098	-147.828	2015.320	450.482	-24.819	1919.558	448.542	-188.729	1856.196	321.835	-74.716	1937.413	341.123	-193.139	1911.216
2347	7.82000	393.520	-105.397	1822.502	411.057	-147.344	2012.575	452.398	-25.465	1915.466	448.293	-189.985	1853.414	323.548	-74.142	1935.086	341.359	-193.158	1909.255
2348	7.82333	393.803	-106.258	1819.609	413.152	-146.962	2009.736	454.464	-26.255	1911.262	448.331	-190.870	1850.499	325.374	-73.646	1932.631	341.795	-193.168	1907.532
2349	7.82667	394.139	-107.211	1816.739	415.308	-146.686	2006.819	456.559	-27.093	1906.977	448.441	-192.041	1847.605	327.300	-73.151	1930.110	342.226	-193.175	1905.761
2350	7.83000	394.547	-108.233	1813.758	417.553	-146.496	2003.834	458.745	-28.031	1902.629	448.396	-193.430	1844.703	329.338	-72.734	1927.532	342.766	-193.199	1903.981
2351	7.83333	394.991	-109.354	1810.786	419.830	-146.354	2000.802	460.992	-29.192	1898.227	448.600	-194.539	1841.624	331.700	-72.592	1924.996	343.387	-193.316	1902.219
2352	7.83667	395.481	-110.505	1807.788	422.119	-146.342	1997.757	463.210	-30.379	1893.857	448.551	-196.194	1838.633	333.732	-72.209	1922.436	343.980	-193.374	1900.201
2353	7.84000	396.011	-111.800	1804.810	424.411	-146.423	1994.643	465.430	-31.715	1889.428	448.665	-197.604	1835.534	335.902	-71.994	1919.775	344.777	-193.332	1898.465
2354	7.84333	396.514	-113.040	1801.865	426.626	-146.560	1991.556	467.586	-33.122	1885.026	448.769	-199.047	1832.579	338.010	-71.857	1917.016	346.486	-193.057	1896.687
2355	7.84667	397.079	-114.386	1798.938	428.839	-146.798	1988.480	469.780	-34.645	1880.651	448.798	-200.734	1829.765	340.171	-71.741	1914.212	347.156	-193.225	1894.606
2356	7.85000	397.670	-115.810	1796.011	431.030	-147.122	1985.414	471.935	-36.190	1876.361	448.780	-202.531	1826.963	342.535	-71.858	1911.496	349.821	-192.230	1892.681
2357	7.85333	398.236	-117.319	1793.131	433.189	-147.497	1982.380	474.130	-37.828	1872.120	448.880	-204.292	1824.176	344.787	-71.938	1908.795	350.883	-192.402	1890.678
2358	7.85667	398.774	-118.823	1790.309	435.291	-147.948	1979.368	476.171	-39.617	1867.887	448.902	-205.941	1821.483	346.923	-71.994	1906.158	352.036	-192.389	1888.500
2359	7.86000	399.289	-120.442	1787.530	437.338	-148.439	1976.436	478.200	-41.418	1863.716	448.674	-208.124	1818.962	349.071	-72.184	1903.467	352.867	-192.789	1886.869
2360	7.86333	399.702	-122.096	1784.919	439.271	-148.930	1973.555	480.119	-43.316	1859.590	448.416	-210.143	1816.504	351.192	-72.516	1900.730	353.584	-193.131	1885.098
2361	7.86667	400.087	-123.787	1782.304	441.133	-149.503	1970.705	481.984	-45.317	1855.565	448.213	-212.138	1814.118	353.148	-72.761	1898.093	355.434	-195.446	1883.455
2362	7.87000	400.467	-125.414	1779.813	442.924	-150.159	1967.988	483.774	-47.307	1851.644	447.914	-214.059	1811.924	355.046	-73.032	1895.525	356.028	-195.775	1881.987
2363	7.87333	400.708	-127.246	1777.378	444.606	-150.950	1965.337	485.479	-49.404	1847.898	447.617	-216.157	1809.747	356.935	-73.446	1893.079	356.546	-196.216	1880.415
2364	7.87667	400.978	-128.961	1775.065	446.199	-151.809	1962.773	487.087	-51.606	1844.303	447.160	-218.189	1807.642	358.799	-73.931	1890.719	357.045	-196.784	1878.995
2365	7.88000	401.100	-130.751	1772.823	447.637	-152.783	1960.312	488.624	-53.857	1840.843	446.650	-220.187	1805.641	360.428	-74.391	1888.463	357.380	-197.313	1877.599
2366	7.88333	401.262	-132.443	1770.790	448.931	-153.806	1957.932	490.018	-56.116	1837.550	446.024	-222.251	1803.708	362.043	-74.969	1886.265	357.591	-197.779	1876.308
2367	7.88667	401.327	-134.101	1768.728	450.078	-154.923	1955.663	491.351	-58.456	1834.411	445.395	-224.316	1801.903	363.551	-75.612	1884.175	357.727	-198.337	1875.023
2368	7.89000	401.306	-135.878	1766.834	451.167	-156.081	1953.533	492.576	-60.812	1831.411	444.642	-226.288	1800.319	365.108	-76.351	1882.183	357.826	-198.840	1873.757
2369	7.89333	401.235	-137.622	1765.034	452.198	-157.308	1951.485	493.712	-63.179	1828.597	443.857	-228.335	1798.688	366.380	-76.961	1880.300	357.905	-199.398	1872.606
2370	7.89667	401.089	-139.241	1763.464	453.073	-158.575	1949.528	494.726	-65.558	1825.866	442.968	-230.304	1797.144	367.582	-77.616	1878.501	357.888	-200.009	1871.483
2371	7.90000	400.845	-140.881	1761.847	453.839	-159.813	1947.697	495.621	-67.910	1823.282	442.057	-232.271	1795.732	368.759	-78.346	1876.862	357.783	-200.590	1870.511
2372	7.90333	400.584	-142.589	1760.213	454.493	-161.129	1945.966	496.350	-70.229	1820.860	441.046	-234.136	1794.440	369.748	-79.122	1875.253	357.509	-201.226	1869.597
2373	7.90667	400.163	-144.105	1758.985	455.020	-162.410	1944.286	497.023	-72.521	1818.583	439.928	-235.974	1793.147	370.756	-79.991	1873.680	357.228	-201.786	1868.774
2374	7.91000	399.751	-145.641	1757.710	455.510	-163.731	1942.782	497.522	-74.722	1816.420	438.827	-237.731	1792.139	371.583	-80.745	1872.388	356.817	-202.269	1867.900
2375	7.91333	399.222	-147.113	1756.552	455.874	-164.959	1941.314	497.947	-76.844	1814.424	437.570	-239.392	1791.004	372.131	-81.316	1871.113	356.459	-203.006	1867.247
2376	7.91667	398.636	-148.550	1755.567	456.157	-166.139	1940.022	498.366	-78.947	1812.496	436.441	-241.068	1790.111	372.803	-82.097	1870.008	356.026	-203.597	1866.677
2377	7.92000	398.006	-149.931	1754.645	456.333	-167.292	1938.781	498.473	-80.901	1810.788	435.187	-242.617	1789.234	373.388	-82.913	1868.818	355.400	-203.994	1866.117
2378	7.92333	397.365	-151.126	1753.982	456.389	-168.294	1937.726	498.535	-82.792	1809.197	434.000	-244.085	1788.622	373.667	-83.511	1867.910	354.825	-204.518	1865.731
2379	7.92667	396.683	-152.349	1753.303	456.324	-169.319	1936.796	498.526	-84.534	1807.789	432.789	-245.469	1788.063	373.843	-84.038	1866.989	354.151	-205.101	1865.433
2380	7.93000	396.079	-153.511	1752.787	456.207	-170.212	1935.969	498.484	-86.216	1806.540	431.086	-247.395	1787.771	374.172	-84.729	1866.170	353.422	-205.491	1865.207
2381	7.93333	395.445	-154.652	1752.224	456.016	-171.079	1935.281	498.721	-88.017	1805.411	429.917	-248.761	1787.541	373.249	-84.455	1865.918	352.842	-205.823	1864.920
2382	7.93667	394.777	-155.730	1751.827	455.748	-171.821	1934.713	498.642	-89.546	1804.443	428.783	-249.938	1787.384	372.259	-84.126	1865.622	352.210	-206.226	1864.804
2383	7.94000	394.079	-156.769	1751.511	455.386	-172.565	1934.268	498.326	-90.930	1803.673	427.678	-250.993	1787.218	371.355	-83.875	1865.330	351.491	-206.474	1864.826
2384	7.94333	393.391	-157.763	1751.357	454.955	-173.115	1933.945	498.237	-92.434	1802.865	426.379	-252.118	1787.304	370.941	-83.924	1865.013	350.496	-206.735	1864.968
2385	7.94667	392.684	-158.718	1751.245	454.458	-173.631	1933.737	497.854	-93.750	1802.243	425.290	-252.994	1787.506	370.675	-84.128	1864.646	349.758	-206.710	1865.140
2386	7.95000	391.954	-159.640	1751.137	453.898	-174.036	1933.622	497.691	-95.138	1801.643	423.993	-253.939	1787.833	370.663	-84.440	1864.261	349.027	-206.818	1865.411
2387	7.95333	391.205	-160.495	1751.567	453.357	-174.347	1933.610	497.755	-96.734	1801.191	422.803	-254.856	1788.264	370.776	-84.831	1863.871	348.265	-206.760	1865.766
2388	7.95667	390.479	-161.292	1751.625	452.700	-174.574	1933.696	497.491	-97.994	1800.844	421.522	-255.735	1788.867	370.814	-85.136	1863.587	347.531	-206.662	1866.183
2389	7.96000	389.731	-162.136	1751.852	452.044	-174.722	1933.895	496.480	-98.719	1800.735	420.351	-256.447	1789.515	370.761	-85.298	1863.377	346.697	-206.565	1866.791
2390	7.96333	388.946	-162.912	1752.134	451.322	-174.741	1934.191	495.997	-99.707	1800.521	419.190	-257.123	1790.388	370.722	-85.471	1863.181	345.650	-206.237	1867.381
2391	7.96667	388.208	-163.590	1752.495	450.630	-174.658	1934.529	495.465	-100.674	1800.421	417.894	-257.752	1791.204	370.787	-85.611	1863.009	344.766	-205.928	1868.074
2392	7.97000	387.406	-164.278	1752.965	449.938	-174.494	1934.953	495.006	-101.628	1800.337	416.583	-258.383	1792.194	370.719	-85.589	1862.958	343.800	-205.527	1868.791
2393	7.97333	386.612	-164.864	1753.501	449.259	-174.256	1935.468	494.549	-102.526	1800.371	415.253	-258.913	1793.231	370.678	-85.499	1862.938	342.967	-205.079	1869.709
2394	7.97667	385.754	-165.422	1754.149	448.540	-173.924	1936.022	494.023	-103.374	1800.441	413.971	-259.450	1794.338	370.678	-85.409	1862.974	342.027	-204.619	1870.613
2395	7.98000	384.861	-165.883	1754.841	447.811	-173.522	1936.668	493.504	-104.186	1800.577	412.682	-259.869	1795.423	370.520	-85.145	1863.083	340.960	-203.953	1871.602
2396	7.98333	383.932	-166.252	1755.635	447.049	-173.067	1937.392	492.922	-104.914	1800.820	411.219	-260.245	1796.642	368.915	-82.849	1863.543	339.997	-203.202	1872.758
2397	7.98667	383.016	-166.491	1756.525	446.269	-172.499	1938.179	492.346	-105.547	1801.161	410.034	-260.488	1798.090	368.797	-82.627	1863.803	338.865	-202.389	1873.878
2398	7.99000	382.116	-166.673	1757.455	445.547	-171.921	1939.090	491.761	-106.123	1801.572	408.634	-260.444	1799.737	368.490	-81.995	1864.240	337.869	-201.505	1875.175
2399	7.99333	381.205	-166.816	1758.486	444.763	-171.204	1940.032	491.204	-106.605	1802.053	407.278	-260.282	1801.535	368.174	-81.423	1864.730	336.878	-200.575	1876.425
2400	7.99667	380.259	-166.768	1759.476	444.014	-170.455	1941.067	490.573	-107.038	1802.668	405.892	-260.053	1803.336	369.281	-82.150	1864.881	335.903	-199.529	1877.792
2401	8.00000	379.275	-166.602	1760.688	443.184	-169.573	1942.152	489.923	-107.336	1803.329	404.487	-259.666	1805.044	369.211	-81.674	1865.462	334.802	-198.470	1879.198
2402	8.00333	378.287	-166.418	1761.911	442.324	-168.682	1943.378	489.229	-107.492	1804.127	403.108	-259.341	1806.808	369.221	-81.367	1866.041	333.732	-197.372	1880.719
2403	8.00667	377.292	-166.029	1763.222	441.433	-167.673	1944.672	488.467	-107.521	1805.098	401.671	-258.922	1808.663	368.925	-80.656	1866.867	332.650	-196.068	1882.272
2404	8.01000	376.379	-165.551	1764.690	440.573	-166.608	1946.029	487.813	-107.399	1806.165	400.342	-258.297	1810.483	368.484	-79.741	1867.833	331.581	-194.840	1883.811
2405	8.01333	375.471	-165.014	1766.058	439.644	-165.485	1947.521	487.094	-107.174	1807.376	399.123	-257.706	1812.443	368.019	-78.600	1868.949	330.592	-193.484	1885.539
2406	8.01667	374.584	-164.207	1767.604	438.711	-164.252	1949.169	486.396	-106.729	1808.815	397.863	-256.826	1814.298	367.494	-77.515	1870.164	329.604	-192.077	1887.076
2407	8.02000	373.748	-163.238	1769.263	437.720	-162.927	1950.886	485.706	-106.031	1810.385	396.683	-255.882	1816.404	366.890	-76.236	1871.466	328.628	-190.497	1888.884
2408	8.02333	373.091	-162.188	1771.289	436.670	-161.463	1952.741	485.012	-105.202	1812.073	395.564	-254.692	1818.470	366.246	-74.906	1872.886	327.594	-188.939	1890.648
2409	8.02667	372.268	-161.091	1773.113	435.622	-159.841	1954.684	484.348	-103.621	1813.937	394.486	-253.505	1820.701	365.498	-73.432	1874.417	326.574	-187.252	1892.564
2410	8.03000	371.515	-159.750	1775.074	434.522	-158.012	1956.740	483.549	-102.320	1815.891	393.579	-252.069	1822.974	364.673	-71.736	1876.076	325.607	-185.509	1894.530
2411	8.03333	370.823	-158.444	1777.129	433.392	-156.033	1958.998	482.786	-100.740	1818.048	392.760	-250.460	1825.340	363.740	-69.967	1877.872	324.599	-183.701	1896.406
2412	8.03667	370.227	-156.830	1779.245	432.153	-153.862	1961.280	481.934	-98.894	1820.425	392.089	-248.652	1827.803	362.727	-68.123	1879.711	323.679	-181.797	1898.412
2413	8.04000	369.630	-155.106	1781.470	430.804	-151.513	1963.757	481.101	-96.847	1822.974	391.528	-246.717	1830.352	361.596	-66.060	1881.706	322.689	-179.796	1900.566
2414	8.04333	369.181	-153.100	1783.876	429.409	-149.073	1966.358	480.164	-94.601	1825.777	391.047	-244.627	1832.976	360.391	-63.951	1883.789	321.680	-177.716	1902.677
2415	8.04667	368.740	-150.984	1786.235	427.907	-146.428	1969.076	479.301	-92.091	1828.712	390.722	-242.339	1835.638	359.109	-61.697	1885.982	320.720	-175.611	1904.811
2416	8.05000	368.420	-148.718	1788.803	426.372	-143.661	1971.945	478.379	-89.320	1831.838	390.497	-240.000	1838.345	357.749	-59.288	1888.328	319.798	-173.449	1907.037
2417	8.05333	368.136	-146.310	1791.391	424.790	-140.784	1974.882	477.413	-86.239	1835.196	390.464	-237.514	1841.065	356.298	-56.829	1890.786	318.875	-171.187	1909.299
2418	8.05667	367.967	-143.672	1794.032	423.182	-137.794	1977.928	476.456	-82.967	1838.677	390.568	-234.388	1843.810	352.289	-51.801	1894.065	317.935	-168.929	1911.570
2419	8.06000	367.852	-140.809	1796.829	421.495	-134.739	1981.110	475.271	-79.463	1842.404	390.699	-231.598	1846.660	350.918	-49.440	1896.701	317.071	-166.621	1913.831
2420	8.06333	367.692	-137.950	1799.791	419.775	-131.654	1984.396	474.260	-75.715	1846.234	390.920	-228.450	1849.486	348.948	-46.427	1899.559	316.230	-164.267	1916.091
2421	8.06667	367.664	-134.702	1802.703	417.976	-128.448	1987.788	473.173	-71.681	1850.261	391.271	-225.218	1852.375	346.810	-43.222	1902.596	315.366	-161.817	1918.494
2422	8.07000	367.742	-131.319	1805.740	416.181	-125.245	1991.249	472.073	-67.530	1854.418	391.760	-221.861	1855.407	344.805	-40.182	1905.747	314.575	-159.435	1920.920
2423	8.07333	367.787	-127.954	1808.773	414.321	-121.955	1994.805	470.906	-63.149	1858.792	392.329	-218.305	1858.345	342.779	-37.176	1908.954	313.830	-157.010	1923.355
2424	8.07667	367.867	-124.345	1812.056	412.446	-118.625	1998.508	469.683	-58.529	1863.361	393.004	-214.583	1861.309	340.638	-34.092	1912.290	313.123	-154.524	1925.815
2425	8.08000	368.048	-120.479	1815.349	410.390	-115.282	2002.314	468.411	-53.685	1868.112	393.818	-210.719	1864.353	338.234	-30.852	1915.780	312.795	-152.455	1928.258
2426	8.08333	368.287	-116.556	1818.833	408.242	-111.960	2006.221	467.014	-48.656	1873.133	394.783	-206.605	1867.404	335.747	-27.585	1919.371	312.078	-149.954	1930.773
2427	8.08667	368.544	-112.338	1822.252	405.983	-108.577	2010.186	465.549	-43.396	1878.387	395.815	-202.275	1870.465	333.106	-24.240	1923.042	311.464	-147.537	1933.205
2428	8.09000	368.947	-108.049	1825.793	403.612	-105.189	2014.278	463.925	-37.886	1883.914	397.086	-197.817	1873.587	330.284	-20.910	1926.852	310.933	-145.219	1935.570
2429	8.09333	369.391	-103.510	1829.385	401.168	-101.797	2018.497	462.143	-32.240	1889.571	398.585	-193.133	1876.864	327.339	-17.509	1930.785	310.467	-142.842	1937.942
2430	8.09667	369.764	-99.070	1832.998	398.582	-98.374	2022.680	460.140	-26.340	1895.418	400.081	-188.144	1880.027	324.225	-14.185	1934.952	310.142	-140.451	1940.246
2431	8.10000	370.340	-94.158	1836.883	395.886	-94.966	2026.894	457.952	-20.322	1901.427	401.790	-183.112	1883.452	326.955	-17.581	1937.270	309.791	-138.176	1942.581
2432	8.10333	370.691	-89.272	1840.643	393.022	-91.468	2031.119	455.456	-14.102	1907.571	403.414	-177.819	1886.789	323.605	-14.416	1941.263	309.473	-135.780	1944.835
2433	8.10667	371.194	-84.247	1844.489	390.021	-88.026	2035.053	452.755	-7.773	1913.791	405.168	-172.554	1890.315	320.838	-12.089	1945.047	309.385	-133.398	1947.014
2434	8.11000	371.549	-79.148	1848.357	386.957	-84.667	2039.198	449.759	-1.274	1920.143	407.009	-166.908	1893.712	317.515	-9.443	1948.825	309.173	-131.160	1949.148
2435	8.11333	371.792	-73.729	1852.341	383.791	-81.293	2043.273	446.473	5.311	1926.468	408.975	-161.117	1897.190	313.983	-6.813	1952.634	309.182	-128.783	1951.136
2436	8.11667	371.954	-68.339	1856.234	380.536	-78.039	2047.271	442.872	11.896	1932.878	410.913	-155.137	1900.680	310.408	-4.395	1956.222	310.030	-126.484	1952.953
2437	8.12000	372.128	-62.831	1860.178	377.159	-74.844	2051.129	439.031	18.548	1939.239	412.825	-148.833	1904.127	306.713	-2.081	1959.743	309.398	-123.464	1954.745
2438	8.12333	372.192	-57.153	1864.087	373.712	-71.768	2054.903	434.891	25.191	1945.671	414.696	-142.522	1907.720	302.962	0.134	1963.099	309.200	-119.497	1956.299
2439	8.12667	372.250	-51.379	1867.913	370.256	-68.791	2058.508	430.503	31.724	1951.959	416.580	-136.015	1911.106	299.176	2.171	1966.304	309.341	-117.009	1957.874
2440	8.13000	372.315	-45.573	1871.754	366.767	-65.946	2061.965	425.947	38.173	1958.301	418.498	-129.542	1914.745	295.420	4.093	1969.318	312.424	-120.909	1960.444
2441	8.13333	372.371	-39.726	1875.518	363.394	-63.199	2065.210	421.213	44.477	1964.541	420.477	-122.782	1918.258	291.719	5.820	1972.128	310.395	-112.390	1960.669
2442	8.13667	372.435	-33.792	1879.270	360.051	-60.570	2068.284	416.299	50.656	1970.618	422.394	-115.935	1921.775	288.060	7.416	1974.754	311.125	-110.013	1961.812
2443	8.14000	372.435	-27.870	1882.910	356.845	-58.052	2071.159	410.825	56.880	1976.673	424.373	-108.866	1925.334	284.581	8.850	1977.100	312.135	-108.084	1963.074
2444	8.14333	372.458	-21.961	1886.467	353.749	-55.662	2073.821	405.811	62.583	1982.407	426.347	-101.704	1928.776	281.048	10.284	1978.902	313.162	-105.528	1964.014
2445	8.14667	372.274	-15.941	1888.945	350.866	-53.444	2076.287	400.758	67.999	1987.838	428.436	-94.465	1932.291	277.961	11.422	1980.795	314.583	-102.980	1964.994
2446	8.15000	372.905	-10.519	1892.078	348.218	-51.284	2078.555	395.480	73.410	1993.249	430.575	-87.233	1935.667	275.038	12.497	1982.483	316.149	-100.124	1965.621
2447	8.15333	373.858	-5.387	1894.976	345.780	-49.324	2080.592	390.251	78.395	1998.394	432.906	-79.544	1938.918	272.297	13.430	1983.859	318.156	-97.305	1966.311
2448	8.15667	373.305	1.633	1900.185	343.595	-47.396	2082.399	385.159	83.076	2003.262	434.906	-72.145	1942.259	269.712	14.337	1985.052	320.292	-94.340	1966.609
2449	8.16000	373.333	7.709	1903.288	341.685	-45.619	2083.954	380.223	87.455	2007.824	436.980	-64.759	1945.561	267.425	15.292	1986.052	322.788	-91.357	1967.059
2450	8.16333	373.864	13.522	1906.369	340.104	-44.003	2085.266	375.342	91.693	2012.128	439.065	-57.245	1948.824	265.398	16.195	1986.750	325.553	-88.251	1967.202
2451	8.16667	375.567	18.450	1908.651	338.918	-42.445	2086.240	370.726	95.587	2016.223	441.268	-49.547	1951.939	263.372	17.673	1986.546	328.628	-85.188	1967.145
2452	8.17000	374.141	26.019	1912.208	338.127	-41.010	2086.923	366.289	99.305	2020.045	443.584	-41.975	1954.939	262.845	19.593	1986.823	332.096	-81.910	1967.007
2453	8.17333	375.085	31.882	1914.759	337.811	-39.703	2087.404	362.172	102.702	2023.656	445.997	-34.419	1957.754	262.110	20.212	1986.673	335.847	-78.594	1966.689
2454	8.17667	376.638	37.335	1917.100	337.928	-38.454	2087.561	358.416	105.836	2027.195	448.512	-26.812	1960.371	260.931	19.254	1986.052	339.979	-75.059	1966.152
2455	8.18000	378.088	43.042	1919.401	338.555	-37.265	2087.451	354.963	108.795	2030.301	451.203	-19.189	1962.805	262.751	17.984	1987.309	344.375	-71.382	1965.224
2456	8.18333	379.545	49.001	1921.454	339.738	-36.116	2087.014	352.032	111.454	2033.208	453.988	-11.598	1964.971	265.131	19.758	1986.502	349.160	-67.349	1964.411
2457	8.18667	381.257	55.019	1923.367	341.509	-34.947	2086.276	349.435	114.028	2035.839	457.091	-4.013	1966.898	267.075	19.940	1985.897	354.273	-63.015	1963.339
2458	8.19000	383.267	60.986	1925.100	343.965	-33.768	2085.288	347.277	116.515	2038.273	460.365	3.544	1968.616	269.660	20.779	1984.923	359.840	-58.571	1962.098
2459	8.19333	385.332	67.398	1926.688	347.026	-32.592	2083.927	345.645	118.840	2040.498	464.077	11.336	1970.088	271.706	21.307	1984.103	366.424	-54.902	1960.524
2460	8.19667	387.851	73.785	1928.094	350.793	-31.185	2082.300	344.448	121.093	2042.480	468.589	17.851	1971.503	276.328	22.787	1982.405	372.043	-47.471	1958.659
2461	8.20000	390.465	80.545	1929.456	355.330	-29.613	2080.500	343.602	123.455	2044.309	472.885	25.766	1972.491	280.332	23.860	1980.915	378.996	-41.917	1956.879
2462	8.20333	393.355	87.593	1930.632	360.695	-27.527	2078.314	343.281	125.804	2045.948	477.276	35.625	1973.651	285.274	25.456	1979.401	386.458	-35.757	1954.957
2463	8.20667	396.486	94.906	1931.666	366.755	-25.039	2076.000	343.603	128.189	2047.338	480.725	47.907	1974.297	290.605	28.019	1977.411	395.077	-30.504	1952.983
2464	8.21000	400.336	102.445	1932.574	374.039	-21.973	2073.431	344.446	130.727	2048.577	485.666	58.167	1975.057	296.767	30.124	1975.661	404.020	-23.817	1950.895
2465	8.21333	404.137	110.624	1933.313	381.976	-18.318	2070.518	345.925	133.403	2049.612	490.949	68.982	1975.732	303.726	32.391	1973.780	413.613	-16.667	1948.780
2466	8.21667	408.749	118.921	1933.938	391.055	-13.874	2067.676	347.890	136.390	2050.407	496.489	80.523	1976.259	311.407	35.321	1971.856	426.934	-3.278	1945.712
2467	8.22000	413.038	127.963	1934.634	400.648	-8.794	2064.745	350.550	139.700	2050.976	502.306	92.771	1976.834	319.706	38.948	1969.812	437.613	6.144	1943.365
2468	8.22333	417.371	137.687	1935.380	411.179	-2.625	2061.560	353.838	143.428	2051.254	508.082	106.173	1977.246	328.759	43.254	1967.702	449.251	17.131	1940.971
2469	8.22667	422.133	147.819	1936.066	422.422	4.607	2058.396	357.908	147.592	2051.232	514.319	120.142	1977.587	334.134	51.651	1965.300	457.617	25.212	1939.835
2470	8.23000	426.876	158.826	1936.799	434.487	13.053	2055.313	362.572	152.730	2050.726	520.693	135.265	1977.994	345.892	57.670	1963.877	465.110	39.613	1938.726
2471	8.23333	431.827	170.690	1937.388	447.373	22.904	2052.266	367.989	158.316	2050.529	527.329	151.242	1978.358	357.563	63.772	1961.413	477.794	53.324	1936.660
2472	8.23667	437.520	183.080	1937.780	460.848	34.242	2049.319	373.961	164.719	2050.174	534.333	167.846	1978.674	369.919	71.589	1959.332	490.994	67.630	1934.673
2473	8.24000	443.037	196.620	1938.068	474.955	47.193	2046.499	380.808	172.088	2049.872	541.787	185.066	1978.927	382.763	80.651	1957.406	503.626	84.131	1932.829
2474	8.24333	448.701	210.773	1938.822	489.573	61.752	2043.841	388.355	180.768	2049.502	547.407	204.955	1979.278	396.640	90.468	1955.628	516.425	102.020	1931.118
2475	8.24667	454.883	226.107	1938.854	504.759	78.080	2041.393	396.624	190.537	2049.168	551.993	226.395	1979.684	410.412	102.355	1954.320	529.233	121.455	1929.324
2476	8.25000	461.127	242.419	1938.806	520.327	96.730	2038.811	405.595	201.810	2048.970	558.064	248.077	1979.435	424.380	116.003	1953.226	541.694	142.954	1927.263
2477	8.25333	467.356	259.846	1938.583	535.995	117.002	2036.599	415.240	214.721	2048.794	563.965	270.997	1978.817	438.559	131.260	1952.425	553.560	165.278	1926.365
2478	8.25667	473.573	278.550	1938.072	551.602	139.227	2034.399	425.338	229.362	2048.716	575.323	290.690	1976.644	452.894	148.369	1952.073	564.880	189.161	1924.859
2479	8.26000	479.426	298.834	1937.064	566.719	163.088	2032.502	435.798	246.006	2048.750	580.287	316.421	1975.212	466.907	167.121	1951.602	576.826	215.959	1922.765
2480	8.26333	486.075	320.694	1935.457	582.171	189.562	2030.367	445.921	264.137	2048.177	585.676	342.872	1973.098	480.786	187.551	1951.648	587.603	242.465	1920.391
2481	8.26667	491.634	340.837	1935.619	596.412	217.464	2028.219	456.666	285.014	2048.233	589.052	371.804	1970.606	493.899	209.807	1951.578	597.093	269.951	1918.517
2482	8.27000	497.504	364.754	1933.929	609.941	247.225	2025.822	467.568	308.280	2048.010	591.397	402.462	1967.504	505.702	233.621	1951.782	603.840	296.615	1916.620
2483	8.27333	502.898	389.558	1931.945	622.338	278.883	2023.034	478.335	333.855	2047.460	596.089	432.202	1962.838	517.383	259.247	1951.833	611.832	326.071	1913.385
2484	8.27667	507.655	415.690	1929.184	633.722	312.166	2019.876	488.474	361.804	2046.334	599.579	463.058	1957.391	527.932	286.438	1951.739	619.560	358.134	1910.325
2485	8.28000	511.324	443.269	1924.607	643.755	347.011	2016.174	497.621	391.989	2044.558	603.341	495.190	1950.657	537.633	315.348	1951.510	625.198	388.829	1905.690
2486	8.28333	515.128	472.515	1920.012	652.314	383.194	2011.694	505.595	424.326	2041.805	605.504	527.309	1942.914	545.800	345.421	1950.556	629.805	420.358	1900.435
2487	8.28667	517.934	502.196	1913.941	659.208	420.369	2006.389	512.053	458.431	2037.996	606.516	559.983	1933.418	552.649	376.674	1949.036	633.237	452.334	1894.460
2488	8.29000	519.520	531.961	1906.865	664.436	458.564	2000.301	516.718	493.894	2032.773	606.259	593.088	1921.928	558.081	409.059	1946.756	634.806	483.380	1887.013
2489	8.29333	519.025	560.716	1899.003	667.747	497.412	1993.032	519.073	530.040	2026.108	612.010	625.585	1907.538	561.882	442.128	1943.540	633.778	512.046	1877.429
2490	8.29667	517.958	591.191	1889.060	669.103	536.587	1984.673	520.156	567.600	2017.364	608.275	658.242	1893.071	564.777	476.556	1939.474	634.776	546.486	1869.863
2491	8.30000	515.487	621.214	1877.674	668.358	575.846	1974.977	518.863	605.429	2006.969	598.324	690.280	1878.769	564.811	510.229	1933.946	632.117	580.231	1858.527
2492	8.30333	511.532	650.587	1864.787	665.843	615.439	1964.239	515.531	643.101	1994.446	592.867	721.515	1860.750	563.693	544.693	1927.416	631.054	607.339	1847.375
2493	8.30667	506.216	679.179	1850.418	661.219	654.625	1952.053	510.182	680.656	1980.075	585.969	751.617	1841.569	560.521	578.634	1919.536	625.171	640.080	1836.942
2494	8.31000	499.869	706.970	1834.703	654.743	693.373	1938.644	502.880	717.684	1963.820	580.024	780.513	1820.622	555.917	612.525	1910.458	621.064	667.457	1823.431
2495	8.31333	492.367	733.668	1817.687	646.345	731.345	1923.813	493.762	753.720	1945.784	568.643	807.812	1799.590	549.521	645.701	1899.941	612.541	699.209	1810.967
2496	8.31667	483.901	759.230	1799.480	636.190	768.703	1907.389	482.720	788.252	1925.893	557.847	833.485	1776.805	541.646	678.082	1888.055	605.243	726.589	1796.538
2497	8.32000	474.133	783.417	1780.369	624.440	804.438	1889.836	469.986	820.612	1903.660	546.216	857.555	1753.421	533.148	710.701	1875.391	597.270	752.127	1780.682
2498	8.32333	463.609	806.378	1760.706	611.090	838.590	1870.839	455.753	851.524	1880.834	533.825	880.191	1729.424	522.201	741.205	1860.795	587.044	778.585	1764.760
2499	8.32667	452.331	828.058	1739.815	596.521	870.932	1850.649	440.941	880.844	1856.606	521.037	901.500	1705.300	510.179	770.818	1845.011	575.882	803.899	1748.000
2500	8.33000	440.170	848.314	1718.302	580.738	901.554	1829.212	424.667	908.127	1831.597	507.559	921.345	1680.586	497.062	799.248	1827.549	563.929	827.909	1730.439
2501	8.33333	427.345	867.260	1695.923	563.845	930.196	1806.911	407.714	933.301	1805.327	494.685	939.919	1655.236	482.674	826.094	1809.171	551.045	851.029	1712.297
2502	8.33667	413.931	884.783	1672.714	545.907	956.900	1783.426	390.082	956.673	1777.811	479.192	954.716	1627.329	467.013	851.164	1789.446	537.307	872.634	1693.417
2503	8.34000	399.792	900.493	1649.082	527.149	981.572	1759.220	371.493	977.611	1749.691	465.202	970.146	1603.494	450.370	874.507	1768.760	522.887	892.354	1673.510
2504	8.34333	383.666	910.324	1624.104	507.572	1004.295	1734.333	352.478	996.056	1720.267	450.784	983.297	1576.990	432.798	896.015	1746.979	507.898	910.651	1653.332
2505	8.34667	370.989	926.510	1598.786	487.309	1024.779	1709.094	333.001	1012.558	1689.932	436.549	994.336	1551.491	414.301	915.356	1724.463	491.951	928.049	1632.740
2506	8.35000	356.202	936.026	1573.606	466.197	1043.522	1682.925	313.347	1026.366	1659.109	422.296	1003.685	1525.714	395.456	932.943	1701.161	476.487	942.134	1611.857
2507	8.35333	341.855	944.491	1548.796	443.581	1061.318	1655.563	293.470	1037.775	1627.518	407.973	1011.222	1499.763	375.088	946.715	1676.476	459.754	956.095	1590.705
2508	8.35667	327.500	951.194	1523.757	422.003	1075.169	1628.424	273.607	1046.802	1595.532	393.866	1016.653	1474.094	357.981	953.566	1653.624	443.692	966.764	1569.684
2509	8.36000	313.479	955.801	1499.423	399.809	1087.591	1600.906	253.617	1053.122	1563.549	379.738	1020.206	1448.684	338.040	964.845	1629.273	426.774	976.670	1548.270
2510	8.36333	298.248	958.851	1474.473	377.616	1097.760	1573.207	233.881	1057.286	1531.846	364.868	1023.237	1423.551	318.130	974.198	1604.372	409.474	985.227	1526.534
2511	8.36667	282.522	960.588	1448.666	355.401	1106.015	1545.244	214.411	1059.340	1500.705	349.504	1025.343	1398.781	298.415	981.802	1579.570	392.139	992.260	1504.637
2512	8.37000	267.808	960.859	1424.572	333.279	1112.335	1517.245	194.923	1059.367	1470.296	334.332	1025.488	1374.068	276.650	995.011	1552.878	374.479	998.434	1482.209
2513	8.37333	252.926	960.040	1400.656	311.429	1116.717	1489.426	175.721	1057.644	1440.901	319.802	1023.875	1349.861	259.611	991.800	1529.267	356.860	1003.241	1459.468
2514	8.37667	237.815	958.190	1377.210	290.928	1118.724	1461.643	156.520	1054.134	1412.528	299.649	1025.437	1325.030	238.677	1001.585	1502.967	339.296	1006.409	1436.372
2515	8.38000	222.674	955.098	1354.064	265.424	1122.762	1433.731	137.428	1048.996	1385.246	282.823	1022.823	1300.658	222.255	995.861	1479.713	321.370	1008.938	1412.818
2516	8.38333	207.571	950.761	1331.459	243.854	1122.454	1406.041	118.478	1042.297	1358.831	265.416	1019.187	1276.199	204.111	995.940	1455.431	303.710	1010.078	1389.223
2517	8.38667	193.218	944.275	1309.532	222.489	1120.594	1378.282	99.891	1033.861	1333.498	248.267	1013.920	1252.178	186.546	994.844	1431.417	286.288	1010.039	1365.579
2518	8.39000	178.930	937.254	1288.335	200.929	1117.387	1350.881	81.505	1023.017	1309.020	233.805	1004.828	1229.078	169.703	992.339	1407.920	269.113	1008.840	1341.699
2519	8.39333	164.628	928.341	1268.314	179.767	1112.731	1323.629	63.994	1011.891	1285.569	216.630	996.872	1205.515	153.464	988.539	1384.810	252.329	1006.216	1317.934
2520	8.39667	151.031	919.404	1248.344	160.858	1106.597	1296.345	47.056	998.958	1263.164	200.153	986.904	1182.519	137.701	983.776	1362.153	235.977	1002.230	1294.479
2521	8.40000	137.755	909.246	1228.929	140.578	1098.547	1269.188	30.668	985.021	1241.871	183.978	975.611	1160.210	120.824	981.780	1338.287	216.425	1000.343	1270.582
2522	8.40333	125.406	898.686	1209.807	121.002	1089.068	1242.375	15.138	970.232	1220.703	168.377	963.210	1138.261	106.026	974.465	1316.671	200.822	993.885	1247.679
2523	8.40667	115.484	889.134	1189.810	102.405	1078.173	1216.076	0.476	954.678	1200.236	153.613	949.661	1117.321	91.627	966.568	1295.352	185.977	986.451	1225.058
2524	8.41000	102.217	873.932	1175.030	84.158	1066.026	1190.235	-13.244	938.305	1180.328	139.765	935.217	1097.185	77.546	957.610	1274.683	171.093	978.111	1203.104
2525	8.41333	91.003	860.001	1157.979	65.959	1052.468	1165.812	-25.992	921.124	1160.985	127.020	920.120	1077.513	64.166	947.563	1254.323	156.728	968.890	1181.607
2526	8.41667	81.726	846.853	1141.507	48.976	1037.864	1141.524	-37.937	903.296	1142.151	115.204	904.479	1058.839	51.233	936.551	1234.368	143.488	958.608	1160.884
2527	8.42000	72.982	832.820	1125.278	32.518	1022.251	1118.387	-48.864	884.812	1123.762	104.466	888.733	1040.708	38.854	924.706	1214.908	136.312	949.176	1145.997
2528	8.42333	64.826	818.225	1109.686	17.216	1005.758	1096.344	-58.816	865.912	1106.171	94.757	872.637	1023.356	26.942	911.717	1195.952	123.714	937.615	1126.694
2529	8.42667	58.007	804.001	1094.301	1.756	988.572	1076.405	-67.793	846.484	1088.760	86.108	856.262	1006.842	15.849	898.507	1177.633	111.505	926.088	1108.331
2530	8.43000	51.783	788.974	1078.894	-11.182	970.940	1055.973	-75.847	826.718	1071.869	78.339	839.969	990.759	5.220	884.292	1159.834	100.443	913.380	1090.322
2531	8.43333	45.592	773.725	1064.806	-23.409	952.868	1036.269	-83.008	806.672	1055.407	71.338	823.730	975.156	-4.732	869.454	1142.762	89.874	900.187	1073.145
2532	8.43667	40.402	758.326	1050.703	-34.597	934.278	1017.380	-89.340	786.433	1039.496	65.205	807.414	960.253	-14.224	854.048	1126.208	79.998	886.548	1056.649
2533	8.44000	35.835	742.732	1037.214	-45.109	915.409	999.534	-94.970	765.852	1023.539	59.700	791.163	946.117	-22.859	838.189	1110.363	70.662	872.518	1041.045
2534	8.44333	31.968	727.017	1024.295	-54.818	896.211	982.239	-99.409	745.254	1008.797	55.070	775.015	932.301	-30.974	821.928	1094.841	61.988	858.323	1025.824
2535	8.44667	28.710	711.554	1011.651	-63.666	876.743	965.785	-103.098	724.618	994.786	51.016	758.841	919.343	-38.174	805.477	1080.192	53.982	843.917	1011.242
2536	8.45000	26.230	696.110	999.797	-71.745	857.083	950.002	-105.861	704.016	981.426	47.729	742.787	906.615	-44.150	789.594	1066.085	46.784	829.559	996.833
2537	8.45333	24.258	680.817	988.629	-78.868	837.334	934.969	-107.822	683.544	968.883	44.974	726.716	894.751	-49.961	772.956	1052.929	40.083	814.889	983.482
2538	8.45667	22.674	665.653	978.084	-85.094	817.544	920.571	-109.045	663.481	957.183	42.675	710.543	883.499	-54.911	756.278	1040.449	34.134	800.032	970.617
2539	8.46000	21.799	650.425	967.915	-90.435	797.819	906.885	-110.326	643.850	946.788	40.824	694.330	873.080	-59.375	739.775	1028.410	28.846	785.001	958.213
2540	8.46333	20.846	635.562	958.074	-94.943	778.382	893.913	-110.716	624.614	936.781	39.343	678.040	862.905	-63.007	723.552	1016.986	24.290	769.942	946.164
2541	8.46667	20.074	620.570	949.769	-98.795	759.164	881.687	-110.649	605.874	927.596	38.280	661.886	853.425	-66.036	707.502	1006.077	20.325	754.838	934.901
2542	8.47000	21.349	605.931	940.665	-101.934	740.211	870.082	-110.180	587.651	919.115	37.624	645.841	844.221	-68.308	691.733	995.869	17.219	739.957	923.648
2543	8.47333	21.504	591.476	932.365	-104.600	721.546	859.183	-109.434	569.970	911.482	36.216	629.750	834.585	-69.984	676.408	985.932	14.410	725.006	912.326
2544	8.47667	20.789	577.259	925.759	-106.655	703.214	848.826	-108.181	552.623	904.349	35.928	614.119	826.021	-71.214	661.295	976.481	12.014	710.207	902.205
2545	8.48000	22.012	563.498	918.239	-108.225	685.191	839.130	-106.621	535.807	897.906	35.832	598.622	817.646	-71.772	646.573	967.543	10.305	695.719	891.961
2546	8.48333	23.404	549.768	911.266	-109.204	667.556	830.018	-104.687	519.560	891.916	36.037	583.249	809.610	-71.778	632.280	958.975	9.207	681.312	882.116
2547	8.48667	25.194	536.511	904.786	-109.698	650.417	821.400	-102.354	503.824	886.423	37.159	568.248	802.318	-71.181	618.346	950.931	8.701	667.242	872.911
2548	8.49000	26.144	521.645	898.141	-109.591	633.707	813.244	-99.429	488.638	881.380	38.375	553.415	795.150	-70.074	604.830	943.049	9.022	652.730	864.033
2549	8.49333	29.579	510.149	891.708	-108.864	617.389	805.382	-95.624	474.188	876.298	40.459	539.060	788.677	-68.430	591.718	935.537	9.559	639.700	855.218
2550	8.49667	33.144	498.734	885.741	-107.408	601.582	797.990	-92.937	459.444	872.216	43.204	525.195	782.520	-66.409	579.008	928.430	10.582	626.648	846.949
2551	8.50000	37.952	488.716	880.568	-105.363	586.110	790.770	-88.425	445.552	867.286	46.220	511.839	776.630	-63.986	566.689	921.550	16.725	613.220	839.233
2552	8.50333	41.568	477.024	874.776	-102.672	571.203	783.784	-83.758	432.198	862.914	52.272	501.055	773.245	-61.136	554.752	915.004	18.956	601.092	831.867
2553	8.50667	46.550	466.760	870.346	-99.413	556.812	776.965	-78.495	419.357	858.589	55.737	487.747	767.505	-58.002	543.189	908.648	21.576	589.316	824.867
2554	8.51000	51.056	456.692	866.096	-95.490	542.918	770.393	-72.716	407.102	854.251	60.965	476.253	762.921	-54.440	531.981	902.540	24.792	578.084	818.425
2555	8.51333	56.355	447.113	862.128	-91.117	529.609	763.956	-66.647	395.326	850.103	66.579	465.266	758.509	-50.559	521.173	896.702	28.193	567.246	812.066
2556	8.51667	62.052	437.851	857.710	-86.367	516.887	757.740	-60.160	383.980	845.693	72.676	455.051	754.300	-46.462	510.677	890.918	32.206	557.072	806.336
2557	8.52000	68.210	429.585	853.930	-81.086	504.694	751.730	-53.022	373.128	841.571	79.081	445.374	750.068	-42.018	500.675	885.482	36.458	547.430	800.808
2558	8.52333	74.424	421.534	850.182	-75.406	493.308	745.837	-45.744	362.783	837.118	85.962	436.735	746.281	-37.305	491.055	880.270	41.006	538.379	795.637
2559	8.52667	81.193	414.291	846.768	-69.142	482.203	740.328	-37.916	353.099	833.129	93.143	428.767	742.612	-32.255	482.029	875.267	45.855	529.959	790.775
2560	8.53000	87.819	407.365	843.323	-62.529	471.863	735.148	-30.077	344.096	829.039	100.556	421.653	739.090	-27.064	473.363	870.538	51.069	522.182	786.262
2561	8.53333	94.706	401.137	840.143	-55.751	462.478	730.423	-21.776	335.679	825.287	108.106	415.261	735.654	-21.342	465.506	866.053	56.481	514.902	781.873
2562	8.53667	101.782	395.447	837.208	-48.706	453.751	725.905	-13.853	328.143	821.626	115.804	409.453	732.378	-15.477	458.310	861.721	62.346	508.346	777.909
2563	8.54000	108.788	390.063	834.290	-41.579	446.136	721.444	-5.889	321.306	818.092	123.505	404.163	729.290	-9.312	451.853	857.479	68.457	502.258	773.918
2564	8.54333	115.665	385.103	831.218	-34.322	439.223	717.164	1.943	315.218	814.733	131.401	399.102	726.362	-2.952	446.110	853.451	74.893	496.720	770.126
2565	8.54667	122.595	380.763	828.525	-26.827	433.229	713.399	9.568	310.025	811.557	139.158	394.415	723.557	3.785	441.048	849.644	81.740	491.739	766.435
2566	8.55000	129.826	376.725	825.739	-19.196	428.029	709.396	17.140	305.487	808.738	147.121	389.903	720.817	10.580	436.791	845.799	88.849	487.212	762.727
2567	8.55333	137.006	373.098	823.019	-11.527	423.576	705.739	24.428	301.808	805.896	155.140	385.333	718.219	17.628	433.223	842.091	96.291	483.221	759.143
2568	8.55667	144.292	369.995	820.430	-3.767	419.879	702.160	31.694	298.545	802.944	162.941	380.578	715.908	24.833	430.372	838.402	104.089	479.760	755.594
2569	8.56000	151.596	367.299	818.022	4.302	416.811	698.486	38.774	296.298	800.476	170.350	375.985	714.150	32.245	428.196	834.750	112.180	476.756	752.017
2570	8.56333	159.039	365.144	815.708	12.564	414.368	694.978	45.762	294.481	797.761	177.285	366.532	715.478	39.883	426.712	831.163	120.617	474.319	748.589
2571	8.56667	166.579	363.491	813.462	21.189	412.772	691.259	52.918	293.480	795.400	188.460	372.733	707.629	47.714	425.877	827.591	129.311	472.380	745.190
2572	8.57000	174.332	362.339	811.141	29.872	411.699	687.999	60.144	293.135	793.179	196.669	370.468	705.929	55.670	425.611	823.967	138.300	470.969	741.902
2573	8.57333	182.097	361.745	808.899	40.094	410.943	683.676	67.546	293.275	790.601	204.712	367.620	704.723	63.803	426.067	820.385	147.513	470.100	738.566
2574	8.57667	190.021	361.860	806.896	49.928	410.927	679.241	75.075	294.170	788.180	213.238	366.175	703.192	72.102	427.024	816.677	156.036	466.843	735.440
2575	8.58000	198.061	362.458	805.002	59.975	411.604	675.493	82.837	295.609	785.814	222.369	366.091	701.610	80.634	428.662	813.011	165.735	467.184	732.080
2576	8.58333	206.321	363.718	803.377	70.378	412.913	671.614	90.741	297.638	783.172	231.857	365.840	700.380	89.297	430.915	809.303	176.011	467.969	729.617
2577	8.58667	214.657	365.483	801.836	81.208	414.909	667.527	98.804	300.335	780.348	241.288	365.614	699.847	98.157	433.788	805.598	186.382	469.404	726.633
2578	8.59000	223.220	367.838	800.431	92.563	417.507	663.351	107.089	303.503	777.294	251.435	366.981	699.079	107.118	437.271	801.987	197.179	471.498	724.085
2579	8.59333	231.866	370.558	799.150	104.426	420.760	659.378	115.550	307.272	774.109	261.862	368.906	698.337	116.575	441.029	797.982	208.335	474.176	721.799
2580	8.59667	240.699	373.840	797.852	116.626	424.757	655.228	124.255	311.624	770.742	272.532	371.733	697.698	126.381	445.241	793.844	219.716	477.303	719.411
2581	8.60000	249.686	377.525	796.640	128.998	429.446	651.268	133.215	316.420	767.170	283.457	375.088	696.967	136.398	449.818	789.444	231.342	480.992	717.427
2582	8.60333	258.715	381.702	795.574	141.829	434.759	647.447	142.417	321.765	763.512	294.593	378.854	696.481	146.667	455.137	785.761	243.185	485.129	715.585
2583	8.60667	268.091	386.142	794.261	154.613	440.862	643.858	151.792	327.645	759.829	305.922	383.133	695.906	157.193	460.949	782.333	255.374	489.878	714.021
2584	8.61000	277.653	391.169	792.966	167.793	447.510	640.455	161.411	334.110	756.240	317.359	387.948	695.239	167.639	467.517	778.682	267.768	495.057	712.588
2585	8.61333	287.485	396.350	791.585	181.183	454.824	637.261	171.205	340.975	752.535	328.751	393.264	694.454	178.779	474.328	775.583	280.500	500.738	711.381
2586	8.61667	297.445	401.814	790.160	194.549	462.895	634.398	181.045	348.432	748.670	340.579	399.419	694.042	190.237	481.627	772.822	293.393	506.716	710.481
2587	8.62000	307.611	407.419	788.520	208.082	472.676	631.641	190.590	356.326	745.165	352.135	404.993	693.391	202.023	489.263	770.350	306.718	513.128	709.874
2588	8.62333	318.066	413.196	786.558	222.101	481.553	629.483	200.591	364.790	741.462	363.882	410.806	692.835	214.106	497.321	767.867	320.184	519.668	709.289
2589	8.62667	328.616	419.374	785.224	236.480	491.415	627.508	210.662	373.799	737.867	375.731	416.923	692.249	226.533	505.611	765.891	333.976	526.404	709.056
2590	8.63000	339.805	425.436	783.726	251.110	500.814	625.770	220.978	383.381	734.794	387.727	423.302	691.810	239.282	514.607	764.017	348.151	533.526	709.315
2591	8.63333	350.707	431.899	782.734	266.060	511.587	624.305	231.355	393.459	731.498	399.811	429.893	691.553	252.381	523.736	762.623	362.590	540.769	709.755
2592	8.63667	361.371	438.948	782.189	281.600	522.444	623.360	241.935	403.877	728.992	412.144	436.666	691.558	265.862	533.193	761.590	377.334	548.183	710.625
2593	8.64000	372.376	446.004	781.949	297.521	533.611	622.651	253.461	414.472	725.386	424.762	443.772	691.979	279.752	542.589	761.465	392.386	555.833	712.037
2594	8.64333	382.949	453.760	782.017	313.991	545.054	622.541	265.783	425.510	721.998	437.698	451.088	692.813	293.803	552.539	761.019	407.633	563.532	713.800
2595	8.64667	394.276	461.320	782.745	330.831	556.506	622.734	277.910	436.804	719.617	450.939	458.632	694.077	308.158	562.479	761.188	423.201	571.303	716.512
2596	8.65000	405.789	469.126	783.966	348.117	568.063	623.533	290.452	448.320	717.651	464.447	466.391	695.794	322.799	572.720	761.553	438.883	579.277	719.506
2597	8.65333	417.506	477.154	785.720	365.852	579.739	625.007	303.562	459.915	716.126	478.347	474.323	697.997	337.501	583.020	762.314	454.795	587.340	722.822
2598	8.65667	430.265	485.741	786.218	383.949	591.347	627.037	317.427	470.977	715.497	492.449	482.438	700.736	352.633	593.403	763.852	470.863	595.546	726.848
2599	8.66000	443.551	493.472	787.660	402.378	602.988	629.774	331.126	482.837	714.620	506.905	490.733	704.111	367.979	603.745	765.969	488.229	605.197	733.224
2600	8.66333	456.207	501.943	790.193	421.080	614.519	633.137	345.722	494.567	714.237	521.540	499.047	708.012	383.491	614.078	768.669	504.220	613.036	738.037
2601	8.66667	469.089	510.301	793.290	440.015	626.197	637.293	360.880	506.001	714.730	536.369	506.994	712.077	399.148	624.359	771.985	520.479	621.127	743.741
2602	8.67000	482.291	518.587	796.831	459.190	638.033	642.240	375.509	518.002	715.657	551.240	515.300	717.033	414.939	634.607	775.944	537.274	629.923	750.966
2603	8.67333	495.619	526.828	801.044	478.317	649.222	647.856	390.470	529.863	717.115	566.293	523.624	722.637	430.808	644.743	780.570	553.601	637.979	758.097
2604	8.67667	510.217	534.654	804.575	497.530	660.408	654.247	405.506	541.739	719.384	581.323	531.937	728.864	446.723	654.738	785.821	569.038	644.908	764.756
2605	8.68000	522.376	543.338	810.356	516.705	671.496	661.441	420.973	553.486	722.186	596.301	540.127	735.605	462.656	664.587	791.780	585.144	652.530	773.031
2606	8.68333	535.665	551.322	816.047	535.795	682.409	669.423	436.213	565.088	725.336	611.148	548.224	742.858	478.694	674.152	798.479	601.164	660.096	782.070
2607	8.68667	548.802	559.213	822.284	554.757	693.134	678.178	452.754	577.036	728.827	625.857	556.171	750.582	494.574	683.758	805.996	617.068	667.466	791.800
2608	8.69000	561.954	566.907	828.933	573.477	703.708	687.716	468.328	588.610	733.508	640.401	563.989	758.845	510.249	693.041	814.001	632.730	674.572	802.008
2609	8.69333	573.489	575.630	836.348	591.937	714.039	698.005	484.230	600.056	738.546	654.635	571.645	767.485	525.603	702.075	822.535	648.103	681.427	812.803
2610	8.69667	586.274	583.132	843.879	609.963	724.159	709.058	499.455	611.434	744.949	668.648	579.122	776.678	540.902	710.861	831.944	663.227	688.107	824.196
2611	8.70000	599.422	590.033	851.476	628.826	734.614	722.535	514.024	622.699	752.298	682.386	586.489	786.298	558.199	718.765	839.803	677.955	694.476	835.951
2612	8.70333	610.969	597.812	860.659	645.930	744.093	734.752	528.514	633.833	760.360	695.865	593.694	796.361	573.161	726.879	850.604	692.407	700.632	848.290
2613	8.70667	623.203	604.753	869.612	662.662	753.263	747.911	542.953	644.623	769.012	708.998	600.732	806.892	585.976	734.430	864.920	706.506	706.453	861.231
2614	8.71000	634.965	611.674	879.260	679.004	762.322	761.689	556.991	655.222	778.225	721.831	607.591	817.733	600.319	742.168	876.974	720.208	712.036	874.376
2615	8.71333	646.484	618.333	889.315	694.841	771.074	776.092	570.890	665.618	788.289	734.340	614.293	829.030	614.121	749.214	889.647	733.504	717.413	888.126
2616	8.71667	657.840	624.837	899.802	710.131	779.442	790.936	584.338	675.694	798.817	746.461	620.764	840.719	627.665	756.286	902.901	746.348	722.445	902.136
2617	8.72000	668.756	631.074	910.764	724.945	787.464	806.282	597.368	685.690	810.064	758.200	627.110	852.809	640.821	763.102	916.757	758.908	727.377	916.814
2618	8.72333	679.473	637.153	922.109	739.275	795.161	822.124	610.059	695.443	821.954	769.641	633.188	865.222	653.396	769.287	930.714	770.958	731.885	931.612
2619	8.72667	691.435	641.495	934.519	753.161	802.576	838.555	622.424	704.867	834.388	780.658	639.129	878.009	665.774	775.538	945.713	782.659	736.161	946.829
2620	8.73000	700.533	648.577	946.021	766.538	809.665	855.413	634.469	713.328	847.944	791.341	644.821	891.165	677.591	781.311	960.963	793.933	740.191	962.425
2621	8.73333	710.928	652.615	958.914	779.416	816.442	872.688	646.324	722.194	861.632	801.620	650.390	904.652	689.240	786.745	976.797	804.817	743.893	978.173
2622	8.73667	719.765	659.120	971.320	791.667	822.727	890.531	657.689	730.600	875.973	811.626	655.679	918.385	698.991	792.313	992.816	815.290	747.369	994.292
2623	8.74000	728.821	664.089	984.549	803.551	828.874	908.509	668.251	739.009	890.421	821.228	660.779	932.300	711.155	796.559	1009.434	825.394	750.605	1010.569
2624	8.74333	737.477	668.871	998.031	814.983	834.674	926.808	678.577	747.005	905.573	830.499	665.713	946.552	721.331	801.851	1027.387	835.124	753.501	1027.037
2625	8.74667	745.897	673.485	1011.831	825.943	840.152	945.426	688.457	754.823	921.171	839.358	670.464	961.051	731.304	805.672	1044.345	844.441	756.134	1043.692
2626	8.75000	753.974	677.835	1025.821	836.506	845.289	964.280	698.049	762.253	937.225	848.002	674.837	975.597	741.069	809.426	1061.885	853.421	758.476	1060.571
2627	8.75333	761.778	681.971	1040.100	846.637	850.129	983.441	707.118	769.780	953.390	855.907	679.386	990.383	750.202	813.154	1079.902	862.016	760.477	1077.473
2628	8.75667	769.227	685.855	1055.283	856.360	854.616	1002.796	715.734	776.823	969.934	863.123	684.155	1005.132	759.183	816.317	1098.112	870.307	762.162	1094.631
2629	8.76000	776.648	689.354	1069.942	865.689	858.775	1022.502	724.044	783.417	987.232	869.904	688.821	1019.963	767.576	818.969	1116.218	878.223	763.516	1111.862
2630	8.76333	783.401	692.848	1084.757	874.632	862.595	1042.410	733.910	791.239	1005.893	876.590	692.959	1034.968	775.680	821.271	1134.630	885.825	764.547	1129.291
2631	8.76667	789.797	696.135	1099.717	883.186	866.084	1062.655	741.618	797.369	1023.329	881.295	698.589	1049.558	783.580	823.362	1153.667	891.301	767.555	1145.895
2632	8.77000	794.635	699.964	1114.341	891.316	869.217	1082.958	747.506	807.124	1038.363	887.925	701.914	1065.102	790.853	824.852	1172.380	899.537	766.254	1164.018
2633	8.77333	801.026	702.541	1129.646	898.963	872.009	1103.761	755.997	809.279	1059.893	893.647	705.563	1080.702	797.868	826.058	1191.568	906.058	766.433	1181.701
2634	8.77667	806.802	704.981	1145.068	906.210	874.518	1124.847	761.369	818.063	1076.078	899.140	709.151	1096.126	804.446	826.583	1210.753	912.461	765.863	1199.434
2635	8.78000	812.286	707.233	1160.597	912.998	876.548	1146.119	767.887	822.957	1095.392	904.728	712.270	1111.960	810.784	826.885	1230.348	918.462	765.072	1217.195
2636	8.78333	817.516	709.160	1176.202	919.412	878.191	1167.677	775.773	824.638	1117.241	909.801	715.250	1127.794	816.775	826.591	1250.072	924.188	763.586	1235.032
2637	8.78667	822.314	710.800	1191.730	925.398	879.341	1189.626	781.432	828.966	1136.757	914.744	718.088	1143.780	822.274	825.979	1269.769	929.375	762.265	1252.658
2638	8.79000	827.192	712.044	1207.422	931.059	880.052	1211.835	784.151	832.849	1158.719	919.378	720.667	1159.760	827.498	824.563	1289.645	934.210	760.476	1270.228
2639	8.79333	831.610	713.026	1223.106	936.348	880.194	1234.203	789.794	836.586	1179.007	923.677	723.124	1175.622	832.315	822.429	1309.415	938.791	758.323	1287.892
2640	8.79667	835.875	713.644	1238.755	941.272	879.837	1256.707	794.700	840.065	1199.477	927.782	725.288	1191.794	836.960	819.873	1329.529	942.794	755.559	1306.306
2641	8.80000	839.151	714.110	1253.755	945.751	878.858	1279.330	799.201	842.733	1219.895	931.434	727.357	1207.650	841.770	817.209	1350.501	946.168	757.407	1326.597
2642	8.80333	842.784	713.965	1269.278	949.851	877.250	1302.078	803.676	844.407	1240.820	935.131	729.012	1223.794	844.410	811.178	1367.062	950.648	749.539	1339.626
2643	8.80667	846.327	713.402	1284.750	952.813	876.219	1324.387	807.909	845.210	1261.971	938.493	730.368	1239.819	848.327	806.759	1386.995	953.951	745.265	1356.815
2644	8.81000	849.613	712.377	1300.063	956.346	872.957	1347.038	811.414	845.645	1282.993	941.519	731.444	1255.745	851.527	801.115	1405.915	957.547	741.777	1373.812
2645	8.81333	851.655	711.440	1315.285	959.738	869.028	1369.332	814.605	845.428	1304.159	944.217	732.149	1271.565	854.663	794.938	1424.723	960.391	736.957	1390.373
2646	8.81667	853.677	710.126	1330.081	962.178	865.211	1391.315	817.478	844.548	1325.304	946.766	732.427	1287.295	857.623	788.434	1443.302	962.982	731.722	1406.349
2647	8.82000	855.767	708.436	1344.886	965.159	859.642	1413.021	820.134	842.970	1346.279	949.461	732.066	1302.725	861.182	781.497	1461.385	965.504	726.194	1421.717
2648	8.82333	857.795	706.775	1359.293	967.744	853.813	1434.088	822.600	840.663	1366.945	951.776	731.419	1318.080	863.631	774.008	1478.896	967.523	720.268	1436.465
2649	8.82667	859.795	704.402	1373.288	970.029	847.376	1454.487	824.932	837.749	1387.168	953.170	731.165	1332.577	866.223	765.799	1495.699	970.371	712.305	1449.778
2650	8.83000	861.612	701.761	1386.789	972.185	840.295	1474.285	827.041	834.114	1406.840	954.735	730.252	1346.947	868.362	757.299	1511.634	972.444	705.656	1463.359
2651	8.83333	863.486	698.573	1399.669	974.443	832.499	1493.192	828.990	829.781	1425.657	956.214	729.026	1360.836	870.418	748.668	1526.546	974.423	698.706	1476.204
2652	8.83667	865.414	695.357	1411.936	976.191	824.563	1511.342	830.798	824.918	1443.649	957.908	727.185	1374.427	872.172	739.601	1540.686	976.239	691.663	1488.512
2653	8.84000	867.021	691.114	1423.743	977.903	816.090	1528.524	832.603	819.483	1460.699	960.599	724.148	1387.717	873.713	730.406	1553.973	977.909	684.483	1500.265
2654	8.84333	869.084	687.279	1434.696	979.436	807.334	1544.582	834.180	813.562	1476.485	962.382	721.249	1400.272	875.340	721.422	1566.146	976.056	681.238	1511.115
2655	8.84667	870.991	682.664	1445.036	980.790	798.447	1559.635	835.835	807.268	1491.181	964.535	717.661	1412.223	875.824	711.431	1577.073	977.803	673.467	1521.736
2656	8.85000	872.822	677.723	1454.657	982.415	788.814	1573.738	837.473	800.687	1504.685	966.585	713.562	1423.529	877.508	702.784	1587.477	979.347	665.718	1531.492
2657	8.85333	874.652	672.491	1463.594	983.716	779.837	1586.586	839.162	793.827	1516.958	968.636	708.986	1434.042	878.598	693.782	1597.406	980.549	658.260	1540.709
2658	8.85667	876.517	666.852	1471.870	985.149	770.724	1598.898	840.905	786.893	1527.955	970.740	703.920	1443.682	879.455	684.520	1605.768	981.788	650.653	1549.134
2659	8.86000	878.387	661.187	1479.145	986.598	761.862	1609.417	842.764	779.852	1537.653	972.919	698.333	1452.577	880.759	676.120	1613.646	983.136	642.829	1556.869
2660	8.86333	880.374	655.198	1485.913	988.157	753.090	1618.736	844.853	773.051	1546.463	975.154	692.383	1460.543	881.382	667.117	1620.564	983.554	635.788	1563.652
2661	8.86667	882.291	649.171	1492.180	989.890	744.528	1626.919	847.072	766.206	1553.959	977.467	686.072	1467.660	882.959	659.553	1626.597	984.580	628.231	1569.729
2662	8.87000	884.271	642.889	1497.269	991.751	736.185	1633.922	849.438	759.580	1560.312	979.812	679.502	1473.912	884.283	651.895	1632.319	985.736	620.588	1575.200
2663	8.87333	886.393	636.762	1502.099	993.814	728.151	1639.923	852.095	753.077	1565.539	982.282	672.700	1479.313	885.379	644.217	1636.714	986.945	613.122	1579.970
2664	8.87667	888.586	630.402	1505.767	995.970	720.397	1644.795	854.820	746.721	1569.616	984.950	665.683	1483.877	886.973	637.531	1640.465	988.256	605.837	1583.994
2665	8.88000	890.890	624.207	1509.046	998.386	713.044	1648.919	857.856	740.623	1572.777	987.696	658.585	1487.710	888.521	630.763	1643.665	989.677	598.700	1587.601
2666	8.88333	893.344	617.960	1511.743	1000.898	705.861	1652.001	861.141	734.897	1575.351	990.622	651.321	1490.783	890.240	624.420	1646.323	991.373	591.683	1590.795
2667	8.88667	895.961	611.729	1514.043	1003.228	699.001	1652.888	864.499	729.157	1576.727	993.614	644.025	1493.163	892.203	618.749	1648.398	992.884	584.883	1592.967
2668	8.89000	898.604	605.545	1515.373	1006.491	692.154	1655.063	868.153	723.619	1577.322	996.757	636.684	1494.922	894.108	612.821	1649.587	994.734	578.126	1595.295
2669	8.89333	901.393	599.518	1516.295	1009.686	685.919	1655.721	871.989	718.310	1577.239	999.923	629.364	1495.998	896.569	607.985	1650.500	1001.900	569.120	1598.792
2670	8.89667	904.263	593.564	1516.536	1013.206	679.849	1656.250	876.053	713.156	1576.581	1003.185	622.057	1496.536	898.865	602.717	1650.602	1003.586	563.007	1599.521
2671	8.90000	907.310	587.819	1516.760	1016.877	674.035	1655.911	880.304	708.175	1575.230	1006.635	614.859	1496.531	901.429	597.956	1650.390	1006.296	556.168	1600.611
2672	8.90333	910.408	582.172	1516.163	1020.713	668.432	1654.910	884.808	703.383	1573.380	1010.148	607.638	1496.014	904.378	593.878	1649.636	1008.822	550.135	1600.699
2673	8.90667	913.708	576.530	1515.183	1024.826	662.910	1653.390	889.582	698.855	1571.216	1013.732	600.550	1495.052	907.096	589.129	1648.714	1011.234	544.400	1600.208
2674	8.91000	917.040	571.039	1513.543	1029.049	657.637	1651.389	894.446	694.279	1568.386	1017.463	593.500	1493.625	910.414	585.332	1647.200	1013.928	538.539	1599.470
2675	8.91333	920.600	565.639	1511.821	1033.459	652.427	1648.891	899.498	689.691	1564.921	1021.374	586.464	1491.873	913.987	581.935	1644.812	1016.641	532.848	1598.318
2676	8.91667	924.266	560.278	1509.898	1037.599	646.978	1644.816	904.658	685.216	1561.155	1025.338	579.428	1489.758	917.149	577.675	1642.679	1019.493	527.100	1596.824
2677	8.92000	928.049	554.827	1507.221	1042.292	642.045	1642.190	910.004	680.730	1556.905	1029.415	572.408	1487.369	920.786	574.001	1639.833	1022.431	521.512	1595.048
2678	8.92333	931.970	549.479	1504.782	1046.844	636.991	1637.430	915.468	676.245	1552.345	1033.549	565.373	1484.714	924.699	570.771	1636.931	1025.502	516.013	1592.991
2679	8.92667	935.867	544.067	1501.507	1051.728	631.902	1633.678	921.109	671.919	1547.648	1037.837	558.238	1481.738	928.670	567.467	1633.526	1028.679	510.548	1590.703
2680	8.93000	939.992	538.744	1498.615	1056.601	626.914	1629.272	926.863	667.308	1542.576	1042.057	551.157	1478.646	932.888	564.132	1630.358	1031.981	505.101	1588.107
2681	8.93333	944.069	533.231	1495.056	1062.326	621.357	1626.022	932.643	662.668	1537.130	1046.410	543.934	1475.230	936.963	560.548	1626.664	1035.382	499.624	1585.366
2682	8.93667	948.263	527.767	1491.138	1067.614	616.113	1621.356	938.649	657.908	1531.481	1050.727	536.722	1471.678	941.373	557.126	1622.699	1038.810	494.102	1582.432
2683	8.94000	952.514	522.282	1487.413	1072.233	611.217	1615.313	944.641	653.091	1525.664	1055.095	529.390	1467.966	945.094	552.832	1618.210	1042.365	488.675	1579.297
2684	8.94333	956.843	516.724	1483.723	1078.537	605.250	1611.799	950.802	648.163	1519.720	1059.530	521.972	1464.156	949.638	549.310	1613.792	1045.952	483.107	1576.022
2685	8.94667	961.108	511.017	1479.775	1083.322	600.145	1604.859	956.984	643.001	1513.646	1064.234	514.266	1460.323	954.414	545.842	1609.164	1049.597	477.447	1572.637
2686	8.95000	965.412	505.260	1475.604	1088.979	594.381	1599.843	963.327	637.787	1507.537	1068.923	506.389	1456.388	959.490	542.595	1604.461	1053.316	471.553	1569.351
2687	8.95333	969.693	499.384	1471.466	1095.198	588.143	1594.861	969.800	632.654	1501.560	1074.417	496.865	1452.742	964.301	538.875	1600.164	1056.967	465.715	1565.633
2688	8.95667	973.904	493.381	1467.174	1100.896	582.083	1589.273	976.099	626.974	1495.236	1077.977	489.518	1448.616	969.283	535.052	1595.542	1060.624	459.782	1562.250
2689	8.96000	978.070	487.370	1463.464	1106.879	575.973	1584.710	982.557	621.261	1488.898	1081.865	481.541	1444.592	974.253	531.015	1590.947	1064.268	453.754	1558.534
2690	8.96333	982.168	481.077	1459.479	1112.604	569.156	1578.257	988.886	615.304	1482.721	1085.701	473.306	1440.431	979.309	527.040	1586.135	1067.828	447.614	1555.025
2691	8.96667	986.073	474.857	1455.480	1118.377	562.503	1572.752	995.335	609.296	1476.767	1089.380	464.969	1436.459	984.346	522.870	1581.631	1071.818	441.958	1552.012
2692	8.97000	989.948	468.357	1451.633	1124.204	555.445	1567.188	1001.989	603.147	1470.747	1092.928	456.421	1432.638	989.461	518.600	1577.077	1075.199	435.497	1548.547
2693	8.97333	993.699	461.898	1448.043	1129.941	548.193	1561.770	1008.159	596.688	1464.922	1096.456	447.716	1429.027	993.956	513.567	1572.985	1078.605	429.008	1545.261
2694	8.97667	997.312	455.408	1444.535	1135.528	540.865	1556.633	1014.417	590.066	1459.302	1099.758	439.014	1425.528	998.929	508.873	1568.795	1081.969	422.501	1542.042
2695	8.98000	1000.869	448.839	1440.970	1140.936	533.342	1551.586	1020.557	583.351	1453.816	1102.970	430.204	1422.180	1003.590	504.057	1564.512	1085.182	415.883	1538.950
2696	8.98333	1004.385	442.338	1437.837	1146.239	525.695	1546.881	1026.856	576.654	1448.580	1106.032	421.607	1418.945	1008.510	499.159	1560.509	1088.304	409.171	1535.979
2697	8.98667	1007.766	435.851	1434.697	1151.446	518.076	1542.644	1032.924	569.934	1443.974	1109.023	413.051	1415.856	1013.190	494.096	1556.614	1091.365	402.454	1533.203
2698	8.99000	1011.179	429.295	1431.525	1156.431	510.226	1538.443	1038.466	563.012	1439.403	1112.003	404.589	1413.057	1017.951	489.045	1552.822	1094.297	395.687	1530.434
2699	8.99333	1014.438	422.815	1428.689	1161.196	502.418	1534.645	1043.570	555.873	1435.206	1114.997	396.076	1410.857	1022.384	483.745	1549.375	1097.191	388.884	1527.846
2700	8.99667	1017.525	416.465	1425.765	1165.722	495.250	1532.094	1049.028	549.108	1431.222	1117.847	387.921	1408.347	1026.730	478.432	1546.083	1099.959	382.135	1525.498
2701	9.00000	1020.392	410.248	1423.224	1169.636	486.232	1527.208	1056.163	542.371	1428.143	1120.697	379.958	1406.159	1030.810	472.772	1543.098	1102.410	375.117	1523.183
2702	9.00333	1023.013	404.015	1420.827	1173.792	478.419	1524.462	1061.079	535.377	1424.792	1123.309	372.018	1403.677	1034.770	467.251	1540.399	1104.883	368.129	1521.287
2703	9.00667	1025.545	397.931	1418.756	1177.737	470.739	1522.080	1065.965	528.533	1422.005	1125.896	364.312	1401.897	1038.551	461.401	1537.868	1107.113	360.938	1519.598
2704	9.01000	1027.124	393.169	1416.647	1181.485	462.919	1519.937	1070.538	521.729	1419.524	1128.302	356.595	1400.270	1042.272	455.765	1535.700	1109.312	354.195	1517.881
2705	9.01333	1029.307	386.767	1414.490	1185.051	455.110	1518.096	1074.918	514.812	1417.410	1130.539	348.919	1398.911	1045.623	449.850	1533.828	1111.466	347.227	1516.428
2706	9.01667	1034.338	377.240	1412.713	1188.376	447.267	1516.530	1079.047	507.938	1415.452	1132.555	341.308	1397.768	1048.876	443.847	1532.315	1113.428	340.299	1515.359
2707	9.02000	1036.471	370.883	1411.821	1191.547	439.449	1515.290	1082.888	500.934	1413.731	1134.417	333.689	1397.488	1051.816	437.736	1531.141	1115.197	333.463	1514.504
2708	9.02333	1038.613	364.693	1411.834	1194.522	431.577	1514.263	1086.622	494.202	1412.647	1135.991	326.045	1396.774	1054.843	431.814	1530.194	1116.819	326.530	1513.798
2709	9.02667	1040.541	358.507	1411.836	1197.294	423.669	1513.500	1090.087	487.192	1411.744	1137.382	318.536	1396.478	1057.379	425.615	1529.647	1118.260	319.653	1513.455
2710	9.03000	1042.346	352.211	1412.404	1199.875	415.837	1513.066	1093.344	480.452	1411.287	1138.486	310.958	1396.068	1059.978	419.458	1529.384	1119.508	312.786	1513.216
2711	9.03333	1043.927	345.951	1412.725	1202.272	407.935	1512.864	1096.283	473.388	1410.926	1139.445	303.593	1396.973	1062.336	413.545	1529.766	1120.635	305.914	1513.440
2712	9.03667	1045.229	339.879	1413.522	1204.459	400.087	1513.017	1099.197	466.661	1411.467	1140.023	296.194	1397.114	1064.549	407.398	1530.236	1121.634	299.031	1514.195
2713	9.04000	1046.579	333.158	1414.382	1206.466	392.199	1513.450	1101.746	459.907	1412.000	1140.440	289.028	1398.097	1066.378	401.118	1531.159	1122.401	292.183	1514.946
2714	9.04333	1047.627	328.312	1416.843	1208.277	384.334	1514.245	1104.121	453.346	1412.941	1140.571	281.789	1399.131	1068.349	395.112	1532.505	1122.969	285.387	1516.022
2715	9.04667	1048.169	322.388	1418.128	1209.917	376.545	1515.418	1106.479	447.009	1414.318	1140.504	274.657	1400.622	1069.957	388.912	1534.007	1123.429	278.614	1517.500
2716	9.05000	1048.773	316.732	1420.235	1211.355	368.808	1516.912	1108.654	440.926	1415.845	1140.545	267.946	1401.994	1071.897	382.948	1535.924	1123.731	271.965	1519.083
2717	9.05333	1049.401	311.141	1422.168	1212.589	361.179	1518.800	1110.284	434.553	1417.982	1140.276	261.161	1403.839	1073.322	376.845	1538.263	1123.894	265.253	1520.993
2718	9.05667	1049.880	305.566	1425.067	1213.692	354.303	1520.737	1111.702	427.876	1421.132	1140.092	254.766	1406.004	1073.665	370.525	1541.091	1123.891	258.735	1523.210
2719	9.06000	1050.248	300.418	1427.659	1214.499	347.024	1523.436	1113.111	421.861	1423.971	1138.797	247.635	1408.958	1075.475	364.738	1543.943	1124.226	252.808	1526.140
2720	9.06333	1050.068	295.122	1430.656	1215.120	339.902	1526.530	1114.453	415.961	1427.546	1138.485	241.556	1411.781	1076.208	358.846	1547.208	1123.729	246.199	1528.862
2721	9.06667	1049.936	289.839	1434.033	1215.545	332.818	1529.987	1115.674	410.260	1431.481	1137.876	235.476	1415.070	1076.256	352.824	1550.997	1123.284	239.897	1532.019
2722	9.07000	1049.907	284.831	1437.262	1215.765	325.905	1533.853	1116.770	404.814	1435.567	1137.398	229.782	1418.477	1077.842	347.017	1554.640	1122.637	233.673	1535.258
2723	9.07333	1049.876	279.970	1441.153	1215.935	319.086	1538.141	1117.703	399.509	1440.047	1137.148	224.341	1422.399	1078.017	341.400	1558.818	1121.975	227.634	1538.864
2724	9.07667	1049.867	275.218	1444.978	1215.827	312.478	1542.675	1118.445	394.145	1444.804	1136.507	218.926	1426.329	1078.233	335.691	1563.252	1121.073	221.710	1542.808
2725	9.08000	1049.361	270.349	1449.308	1215.528	305.950	1547.648	1119.018	388.780	1449.848	1135.885	213.667	1430.616	1078.026	330.199	1567.985	1120.068	215.925	1547.088
2726	9.08333	1049.179	265.785	1454.226	1215.103	299.605	1552.916	1119.454	383.504	1455.174	1134.963	208.394	1435.291	1077.951	324.629	1572.873	1118.898	210.265	1551.632
2727	9.08667	1048.339	261.182	1459.176	1214.377	293.424	1558.588	1119.754	378.513	1460.902	1134.059	203.357	1440.210	1077.301	319.436	1578.294	1117.525	204.748	1556.589
2728	9.09000	1047.653	256.706	1464.341	1213.612	286.636	1565.070	1119.897	373.468	1466.828	1132.947	198.150	1445.576	1076.768	314.129	1583.798	1116.042	199.354	1561.855
2729	9.09333	1047.188	252.340	1469.828	1212.492	280.714	1571.415	1119.901	368.403	1472.996	1131.789	193.308	1451.225	1075.322	309.190	1589.802	1114.269	194.061	1567.500
2730	9.09667	1045.808	247.883	1475.729	1211.212	274.772	1578.233	1119.831	363.646	1479.573	1130.618	188.511	1457.016	1074.116	304.129	1595.939	1112.445	188.856	1573.459
2731	9.10000	1045.166	243.780	1481.804	1209.590	268.991	1585.893	1119.674	358.743	1486.528	1129.222	183.898	1463.434	1073.418	299.197	1602.014	1110.270	183.815	1579.762
2732	9.10333	1043.622	239.788	1488.002	1207.971	263.378	1593.485	1119.343	354.115	1493.635	1127.804	179.337	1469.995	1072.028	294.465	1608.593	1107.921	178.843	1586.360
2733	9.10667	1041.661	235.684	1494.891	1206.097	257.793	1601.428	1118.985	349.413	1501.231	1126.897	175.612	1476.738	1070.715	289.520	1615.241	1105.441	173.985	1593.251
2734	9.11000	1039.974	231.826	1501.306	1204.012	252.344	1609.680	1118.379	344.950	1508.860	1124.957	170.693	1484.149	1068.663	285.095	1622.383	1102.745	169.629	1600.204
2735	9.11333	1039.252	228.467	1509.608	1201.697	247.062	1618.337	1117.719	340.549	1516.942	1123.390	166.569	1491.664	1066.427	280.815	1629.752	1099.918	165.092	1607.657
2736	9.11667	1037.883	224.764	1516.189	1199.129	241.895	1627.296	1116.837	336.100	1525.154	1121.407	162.032	1499.581	1063.854	276.342	1637.195	1096.804	160.607	1615.360
2737	9.12000	1036.078	221.678	1523.359	1196.310	236.865	1636.606	1115.773	331.905	1533.634	1119.158	157.456	1507.967	1061.283	272.433	1645.193	1093.515	156.229	1623.486
2738	9.12333	1034.475	218.312	1530.871	1193.262	232.079	1646.250	1114.637	327.896	1542.577	1117.653	154.065	1516.621	1058.354	268.387	1653.247	1090.109	152.320	1631.387
2739	9.12667	1032.991	214.877	1538.533	1189.953	227.477	1656.147	1113.275	323.830	1551.651	1115.627	150.271	1525.216	1055.188	264.534	1661.463	1086.477	148.316	1639.857
2740	9.13000	1027.719	211.697	1546.932	1186.382	222.942	1666.358	1111.816	320.049	1561.236	1113.641	146.677	1533.992	1051.845	260.905	1669.962	1082.081	143.593	1648.794
2741	9.13333	1025.838	208.724	1554.905	1182.555	218.650	1676.802	1110.021	316.303	1570.625	1111.281	143.011	1543.299	1048.202	257.105	1678.488	1077.586	139.235	1657.438
2742	9.13667	1023.659	205.766	1562.876	1178.489	214.338	1687.457	1108.123	312.873	1580.570	1108.622	139.199	1552.673	1044.343	253.619	1687.261	1073.083	135.140	1666.436
2743	9.14000	1022.986	202.051	1572.133	1174.149	210.297	1698.332	1106.045	309.498	1590.777	1106.238	136.078	1562.172	1040.289	250.204	1696.141	1068.491	131.290	1675.385
2744	9.14333	1021.463	199.188	1580.177	1169.541	206.335	1709.374	1103.742	306.250	1601.161	1103.566	132.890	1571.823	1035.975	246.750	1705.111	1064.019	128.027	1684.271
2745	9.14667	1016.699	197.214	1588.442	1164.720	202.524	1720.555	1101.169	303.143	1611.760	1100.873	129.860	1581.710	1031.415	243.344	1714.216	1059.133	124.374	1693.567
2746	9.15000	1014.088	194.639	1597.235	1159.657	198.815	1731.814	1098.381	300.148	1622.509	1097.950	127.131	1591.317	1026.695	240.162	1723.496	1054.315	121.102	1702.489
2747	9.15333	1012.767	191.502	1606.761	1154.280	195.148	1743.143	1095.311	297.414	1633.446	1095.091	124.467	1601.239	1021.644	236.942	1732.684	1049.131	117.740	1711.401
2748	9.15667	1010.189	189.211	1615.121	1148.626	191.631	1754.572	1091.962	294.718	1644.430	1091.489	121.375	1611.494	1016.381	233.729	1741.928	1043.950	114.661	1720.422
2749	9.16000	1007.473	186.988	1624.148	1142.766	188.085	1766.008	1088.311	292.158	1655.544	1088.889	120.018	1620.872	1010.890	230.473	1751.190	1038.707	111.539	1729.585
2750	9.16333	1004.313	184.949	1632.739	1136.523	184.615	1777.467	1084.473	289.622	1666.873	1085.164	117.282	1631.078	1005.174	227.323	1760.410	1033.087	108.423	1738.323
2751	9.16667	1000.658	183.162	1641.409	1130.192	181.331	1788.785	1080.361	287.266	1678.285	1081.691	115.322	1640.837	999.236	224.137	1769.506	1027.613	105.635	1746.869
2752	9.17000	994.511	181.469	1649.696	1123.493	177.892	1800.032	1076.017	285.150	1689.603	1078.159	113.411	1650.427	993.219	221.127	1778.562	1023.153	104.028	1755.113
2753	9.17333	990.951	179.584	1658.518	1116.661	174.735	1811.271	1071.330	282.850	1700.722	1074.121	111.162	1660.267	986.854	217.867	1787.374	1017.028	100.695	1763.607
2754	9.17667	987.156	177.876	1666.708	1109.657	171.519	1822.149	1066.432	280.732	1711.782	1070.743	110.043	1669.343	980.507	215.054	1796.031	1010.938	97.689	1771.668
2755	9.18000	983.288	176.052	1674.754	1102.499	168.588	1832.637	1061.316	278.628	1722.695	1066.671	108.188	1678.799	974.007	212.061	1804.499	1004.972	94.862	1779.637
2756	9.18333	980.492	173.443	1683.897	1095.252	165.634	1842.909	1055.963	276.517	1733.255	1062.657	106.553	1687.738	967.374	209.142	1812.618	998.767	91.867	1787.390
2757	9.18667	976.792	171.788	1691.240	1087.862	162.660	1852.839	1050.455	274.540	1743.643	1058.322	104.662	1696.678	962.593	205.519	1820.572	993.620	90.254	1794.614
2758	9.19000	972.888	170.159	1698.977	1080.260	159.378	1862.452	1044.742	272.679	1753.552	1054.045	103.228	1705.375	950.421	202.819	1829.366	987.104	87.126	1801.709
2759	9.19333	967.037	169.468	1705.609	1072.605	156.172	1871.620	1038.926	270.655	1763.127	1050.133	102.400	1713.358	947.484	199.763	1836.114	980.887	84.464	1808.772
2760	9.19667	962.650	167.638	1712.368	1065.191	153.466	1880.315	1032.999	268.684	1772.288	1045.743	101.097	1721.091	937.166	196.966	1843.911	975.334	82.725	1814.916
2761	9.20000	958.637	165.828	1718.970	1057.720	150.687	1888.743	1027.081	266.780	1781.028	1041.015	99.631	1728.565	930.313	194.309	1850.344	968.791	79.800	1821.391
2762	9.20333	954.732	163.834	1724.972	1050.352	147.993	1896.571	1021.168	264.933	1789.371	1036.446	98.216	1735.492	923.552	191.606	1856.228	962.516	77.377	1826.960
2763	9.20667	950.209	162.175	1730.601	1042.957	145.258	1904.042	1015.244	263.041	1797.182	1031.714	96.867	1742.151	920.390	188.835	1861.167	956.673	75.231	1832.435
2764	9.21000	946.139	160.332	1735.885	1035.702	142.677	1910.911	1009.293	261.213	1804.274	1027.132	95.464	1748.536	908.828	186.523	1867.602	951.004	73.419	1837.317
2765	9.21333	941.929	158.653	1740.799	1028.552	140.318	1917.246	1003.482	259.445	1810.916	1022.513	94.112	1754.244	901.895	184.178	1871.730	945.344	71.522	1841.849
2766	9.21667	937.564	157.042	1745.252	1021.542	138.078	1923.030	997.736	257.713	1816.930	1018.035	92.663	1759.700	894.395	182.380	1876.588	939.788	69.859	1845.841
2767	9.22000	933.202	155.496	1749.264	1014.660	136.468	1927.826	992.121	256.057	1822.340	1013.604	91.207	1764.768	891.269	180.169	1879.789	934.165	67.842	1849.626
2768	9.22333	928.862	154.114	1753.038	1007.910	134.385	1932.518	986.682	254.361	1827.243	1009.265	89.853	1769.280	885.916	178.047	1882.671	928.763	65.943	1853.046
2769	9.22667	924.942	152.604	1756.164	1001.468	132.415	1936.679	981.436	252.686	1831.538	1005.072	88.461	1773.209	880.146	176.388	1885.292	923.488	64.163	1855.769
2770	9.23000	920.808	151.348	1759.115	995.292	130.557	1940.294	976.368	251.191	1835.292	1001.020	87.096	1776.597	874.944	174.641	1887.488	918.510	62.437	1858.295
2771	9.23333	917.280	149.722	1761.019	989.342	128.816	1943.214	971.523	249.706	1838.281	996.457	84.918	1779.990	869.847	172.970	1888.987	913.639	60.741	1860.173
2772	9.23667	913.317	148.540	1762.988	983.797	127.205	1945.685	966.888	248.226	1840.659	993.230	84.231	1782.246	864.885	171.446	1890.169	909.055	59.162	1861.632
2773	9.24000	909.857	146.966	1764.123	978.557	125.720	1947.507	962.507	246.705	1842.428	989.686	82.890	1784.333	859.813	170.131	1890.982	904.758	57.625	1862.789
2774	9.24333	906.532	145.459	1764.907	973.804	124.348	1948.812	958.416	245.280	1843.565	985.764	80.971	1785.823	856.163	168.495	1891.180	900.690	56.096	1863.538
2775	9.24667	903.372	143.890	1765.355	969.380	123.057	1949.507	954.642	243.935	1844.042	982.217	79.123	1786.788	851.789	167.301	1891.076	896.941	54.695	1863.902
2776	9.25000	900.257	142.334	1765.261	965.514	121.858	1949.719	951.138	242.560	1843.822	978.955	77.339	1787.222	848.826	165.693	1890.574	893.462	53.174	1863.877
2777	9.25333	897.402	140.587	1764.492	962.018	120.665	1949.240	948.038	241.113	1843.128	976.137	75.928	1786.693	845.552	164.342	1889.644	890.287	51.735	1863.421
2778	9.25667	894.539	138.952	1763.631	959.008	119.508	1948.359	945.244	239.698	1841.841	973.305	74.177	1786.119	842.614	163.053	1888.431	887.366	50.371	1862.670
2779	9.26000	891.824	137.266	1762.201	956.451	118.381	1946.965	942.796	238.215	1840.041	970.639	72.457	1784.729	840.117	161.720	1886.912	884.741	48.918	1861.544
2780	9.26333	889.435	135.381	1760.369	954.397	117.180	1945.063	940.660	236.742	1837.701	968.176	70.767	1782.947	837.567	160.544	1885.183	882.372	47.415	1860.133
2781	9.26667	887.179	133.458	1758.144	952.815	115.946	1942.752	938.845	235.212	1834.898	966.601	69.726	1780.630	836.497	158.878	1882.980	880.326	45.933	1858.397
2782	9.27000	885.108	131.414	1755.589	951.623	114.607	1939.956	937.333	233.523	1831.758	964.492	67.784	1778.009	834.670	157.723	1880.798	878.612	44.409	1856.348
2783	9.27333	883.205	129.296	1752.741	950.838	113.268	1936.792	936.095	231.705	1828.117	961.853	64.735	1775.104	833.233	156.445	1878.312	877.085	42.808	1854.027
2784	9.27667	881.447	127.113	1749.531	950.474	111.798	1933.397	935.138	229.771	1824.164	960.252	62.920	1771.669	833.149	154.675	1875.130	875.830	41.139	1851.445
2785	9.28000	879.778	124.891	1746.311	950.402	110.194	1929.563	934.429	227.754	1819.888	958.283	60.081	1768.287	836.539	151.386	1871.133	874.759	39.466	1848.633
2786	9.28333	878.341	122.528	1742.710	950.558	108.597	1925.462	933.960	225.666	1815.353	957.386	58.576	1764.004	835.810	150.120	1867.838	873.928	37.652	1845.616
2787	9.28667	877.001	120.110	1738.902	951.030	106.799	1921.199	933.663	223.499	1810.551	956.058	55.966	1759.915	835.716	148.499	1864.539	873.262	35.795	1842.366
2788	9.29000	875.587	117.694	1735.099	951.679	104.904	1916.662	933.542	221.115	1805.563	954.740	53.219	1755.426	836.108	146.597	1860.795	872.846	33.820	1839.017
2789	9.29333	874.292	115.233	1731.039	952.536	102.874	1911.913	933.578	218.585	1800.436	953.728	50.507	1750.946	836.075	144.850	1857.193	872.535	31.692	1835.388
2790	9.29667	873.026	112.759	1726.752	953.452	100.731	1907.035	933.730	215.924	1795.164	952.728	47.661	1746.157	837.049	142.679	1853.203	872.446	29.557	1831.745
2791	9.30000	873.189	109.213	1722.672	954.534	98.453	1902.062	934.051	213.230	1789.856	951.808	44.709	1741.456	837.432	140.695	1849.211	872.295	27.245	1827.922
2792	9.30333	872.367	106.478	1718.405	955.698	95.881	1896.948	934.468	210.467	1784.533	950.961	41.635	1736.509	838.192	138.505	1845.258	872.380	24.805	1823.887
2793	9.30667	871.548	103.673	1714.139	956.903	93.124	1891.805	934.994	207.398	1779.253	950.253	38.455	1731.483	839.022	136.170	1841.203	872.444	22.280	1819.877
2794	9.31000	870.496	101.091	1710.011	958.117	90.210	1886.442	935.597	204.331	1773.931	949.545	35.184	1726.514	839.855	133.759	1837.044	872.651	19.582	1815.714
2795	9.31333	869.669	98.394	1705.841	959.332	87.134	1881.145	936.263	201.148	1768.648	948.857	31.708	1721.392	840.726	131.221	1832.868	872.733	16.680	1811.323
2796	9.31667	868.352	95.619	1701.340	960.597	83.752	1875.895	937.059	197.719	1763.358	948.169	28.177	1716.294	841.692	128.552	1828.738	872.807	13.736	1807.112
2797	9.32000	867.441	92.962	1697.316	961.724	80.360	1870.525	937.834	194.153	1758.060	947.415	24.522	1711.224	842.342	125.959	1824.570	872.928	10.820	1802.721
2798	9.32333	868.538	89.119	1693.993	962.902	76.636	1865.256	938.694	190.527	1752.821	945.982	19.809	1706.823	843.657	122.836	1820.174	873.024	7.649	1798.519
2799	9.32667	868.058	85.778	1689.549	964.016	72.876	1860.106	939.579	186.569	1747.564	945.626	16.348	1701.583	844.829	119.730	1816.049	872.986	4.313	1794.224
2800	9.33000	867.409	82.358	1685.517	964.997	68.840	1854.853	940.461	182.592	1742.458	944.906	12.364	1696.763	845.647	116.691	1811.856	872.935	0.915	1790.024
2801	9.33333	866.986	78.691	1681.177	965.902	64.693	1849.794	941.330	178.497	1737.323	943.836	7.783	1692.081	846.524	113.450	1807.641	871.954	-3.489	1786.035
2802	9.33667	866.307	75.067	1676.938	966.729	60.397	1844.718	942.182	174.115	1732.337	942.697	3.284	1687.185	845.866	110.760	1804.024	872.085	-6.700	1781.737
2803	9.34000	865.917	71.197	1672.922	967.373	55.857	1839.858	943.001	169.658	1727.447	941.726	-1.128	1682.839	848.164	106.549	1799.495	871.160	-11.029	1778.036
2804	9.34333	865.168	67.384	1668.904	967.877	51.169	1835.286	943.735	165.076	1722.775	940.621	-5.555	1678.087	847.031	103.817	1796.120	870.266	-15.223	1774.111
2805	9.34667	864.140	63.678	1665.148	968.128	46.412	1830.611	944.289	160.467	1718.137	939.257	-10.355	1673.893	847.070	100.275	1792.328	869.422	-19.332	1770.278
2806	9.35000	863.434	59.594	1661.467	968.160	41.557	1826.333	944.759	155.696	1713.878	937.843	-15.088	1669.707	849.265	95.612	1788.232	868.355	-23.630	1766.833
2807	9.35333	862.534	55.597	1657.988	967.989	36.575	1822.213	945.042	150.960	1709.800	936.503	-19.663	1665.895	849.225	91.778	1784.701	867.206	-27.838	1763.172
2808	9.35667	861.492	51.587	1654.625	967.497	31.450	1818.212	945.259	146.108	1706.201	935.174	-23.983	1661.727	849.243	87.718	1781.414	866.137	-31.893	1759.558
2809	9.36000	860.412	47.651	1651.453	966.910	26.163	1814.708	945.309	141.234	1702.767	933.336	-28.934	1658.379	848.955	83.600	1778.323	864.757	-36.181	1756.446
2810	9.36333	859.448	43.565	1648.554	966.059	20.953	1811.447	945.293	136.285	1699.802	931.548	-33.860	1655.155	848.601	79.373	1775.473	863.417	-40.463	1753.393
2811	9.36667	858.406	39.562	1645.905	965.042	15.665	1808.482	945.089	131.438	1697.221	930.183	-38.106	1652.032	847.982	75.094	1772.770	861.841	-44.884	1750.507
2812	9.37000	857.253	35.539	1643.470	963.715	10.267	1805.913	944.695	126.565	1695.051	928.406	-42.861	1649.380	847.001	70.817	1770.451	860.056	-49.361	1747.834
2813	9.37333	855.881	31.569	1641.200	962.090	4.881	1803.689	944.042	121.686	1693.102	926.744	-47.319	1646.882	845.916	66.368	1768.391	858.255	-53.676	1745.329
2814	9.37667	854.545	27.610	1639.185	960.237	-0.411	1801.751	943.168	116.926	1691.739	924.764	-51.944	1644.831	844.362	61.982	1766.530	855.170	-58.431	1743.180
2815	9.38000	853.231	23.434	1637.555	958.065	-5.751	1800.385	942.042	112.188	1690.669	922.683	-56.553	1643.134	842.644	57.532	1764.975	852.940	-62.884	1741.231
2816	9.38333	851.989	19.109	1636.158	955.685	-11.044	1799.239	940.705	107.470	1690.047	920.833	-60.752	1641.539	840.695	52.961	1763.820	850.608	-67.370	1739.502
2817	9.38667	850.375	15.090	1635.194	952.972	-16.228	1798.616	939.145	102.811	1689.931	918.822	-65.004	1640.490	838.529	48.329	1762.814	848.006	-71.874	1737.715
2818	9.39000	848.803	10.983	1634.422	949.988	-21.623	1798.332	937.391	98.263	1690.255	916.953	-69.019	1639.626	836.126	43.616	1762.248	846.471	-75.886	1736.087
2819	9.39333	847.026	6.967	1634.026	946.782	-26.898	1798.474	935.327	93.670	1691.138	914.763	-73.232	1639.392	833.370	38.896	1761.893	844.295	-80.199	1735.156
2820	9.39667	845.025	3.106	1634.005	943.233	-32.333	1799.016	936.339	87.661	1691.513	912.389	-77.344	1639.111	830.250	34.203	1761.995	841.617	-84.484	1734.031
2821	9.40000	842.730	-0.320	1634.015	939.552	-37.713	1799.776	933.728	83.179	1693.342	909.773	-81.526	1639.306	826.906	29.476	1762.459	838.459	-89.163	1733.666
2822	9.40333	840.278	-3.945	1634.726	935.407	-43.248	1800.951	931.034	78.728	1695.572	907.337	-85.264	1639.872	823.567	24.421	1763.250	834.950	-93.813	1733.336
2823	9.40667	837.611	-7.389	1635.838	931.148	-48.699	1802.529	928.146	74.219	1698.287	904.598	-89.191	1640.724	819.723	19.562	1764.413	831.488	-98.107	1733.253
2824	9.41000	834.719	-10.642	1637.357	926.620	-54.396	1804.386	924.955	69.714	1701.555	901.780	-92.808	1641.900	815.511	14.760	1765.892	827.656	-102.807	1733.603
2825	9.41333	831.608	-13.726	1639.276	921.671	-60.145	1806.523	921.401	65.423	1705.265	898.848	-96.247	1643.135	811.369	9.628	1767.676	823.728	-107.393	1734.096
2826	9.41667	828.628	-17.101	1641.311	916.667	-65.782	1808.985	917.936	60.977	1709.259	895.383	-99.986	1644.987	806.647	4.822	1769.727	820.479	-114.017	1735.124
2827	9.42000	825.433	-20.392	1643.698	911.308	-71.384	1811.688	913.606	56.807	1713.815	892.029	-103.464	1647.244	802.047	-0.304	1772.082	816.059	-118.521	1736.118
2828	9.42333	822.149	-23.780	1646.361	905.832	-77.030	1814.715	909.380	52.619	1718.787	888.597	-106.641	1649.398	796.909	-5.137	1774.800	811.436	-122.306	1737.349
2829	9.42667	818.674	-27.053	1649.346	900.099	-82.531	1817.998	904.897	48.459	1723.897	885.276	-109.651	1652.052	791.835	-10.194	1777.656	806.496	-126.165	1738.640
2830	9.43000	815.025	-30.265	1652.569	894.132	-87.988	1821.544	900.171	44.321	1729.346	881.652	-112.580	1655.005	786.216	-14.928	1780.802	801.465	-129.839	1740.315
2831	9.43333	811.239	-33.311	1656.123	887.931	-93.349	1825.498	895.079	40.359	1735.176	877.905	-115.585	1658.401	780.719	-19.960	1784.096	796.412	-133.938	1742.240
2832	9.43667	807.298	-36.321	1659.927	881.481	-98.539	1829.382	889.690	36.524	1741.259	874.044	-118.347	1661.554	774.642	-24.575	1787.596	791.257	-137.899	1744.330
2833	9.44000	802.955	-39.664	1663.923	874.881	-103.612	1833.634	884.391	32.544	1747.464	870.045	-121.053	1665.360	768.579	-29.259	1791.233	785.954	-141.785	1746.715
2834	9.44333	798.765	-42.399	1668.227	868.083	-108.598	1838.046	877.075	29.502	1754.359	866.024	-123.730	1669.403	762.382	-33.911	1794.993	780.582	-145.639	1749.261
2835	9.44667	794.412	-45.053	1672.711	861.130	-113.407	1842.695	870.696	26.022	1761.128	861.821	-126.163	1673.799	755.796	-38.260	1798.950	775.119	-149.448	1751.974
2836	9.45000	789.942	-47.657	1677.409	853.994	-118.177	1847.457	864.229	22.560	1768.063	857.738	-128.377	1678.387	749.254	-42.700	1803.104	769.585	-153.075	1754.886
2837	9.45333	785.298	-50.221	1682.198	846.585	-122.681	1852.331	857.438	19.312	1775.074	853.310	-130.730	1683.225	741.416	-46.309	1807.516	763.924	-156.582	1757.972
2838	9.45667	780.561	-52.602	1687.167	839.108	-127.104	1857.293	850.714	15.945	1782.177	848.730	-132.917	1688.247	734.292	-50.332	1811.722	758.355	-160.096	1760.891
2839	9.46000	775.716	-54.906	1692.197	831.372	-131.388	1862.368	843.873	12.705	1789.344	843.754	-135.364	1693.948	727.029	-54.100	1816.081	752.381	-163.236	1764.244
2840	9.46333	770.807	-57.038	1697.307	823.532	-135.452	1867.523	836.927	9.509	1796.438	838.755	-137.713	1699.301	719.705	-57.669	1820.371	746.350	-166.435	1767.678
2841	9.46667	765.801	-59.220	1702.518	815.523	-139.393	1872.764	829.951	6.444	1803.635	834.115	-139.409	1704.745	712.368	-61.195	1824.607	740.255	-169.432	1771.258
2842	9.47000	760.742	-61.278	1707.777	807.350	-143.161	1878.105	822.956	3.422	1810.579	829.048	-141.685	1710.664	705.056	-64.554	1828.792	734.044	-172.222	1774.950
2843	9.47333	755.591	-63.392	1713.016	799.143	-146.715	1883.436	818.068	-0.705	1817.125	824.135	-143.385	1716.085	697.786	-67.721	1833.036	727.796	-174.870	1778.702
2844	9.47667	750.484	-65.440	1718.203	790.771	-150.053	1888.753	810.608	-3.441	1823.989	818.996	-145.343	1721.893	690.523	-70.630	1837.058	721.447	-177.395	1782.560
2845	9.48000	745.408	-67.452	1723.370	782.401	-153.169	1894.031	803.553	-6.125	1830.648	813.583	-147.712	1728.056	683.231	-73.337	1841.033	715.011	-179.646	1786.423
2846	9.48333	740.436	-69.372	1728.530	773.984	-156.096	1899.307	796.699	-8.671	1837.227	808.291	-149.715	1733.826	675.983	-75.775	1844.927	708.642	-181.855	1790.326
2847	9.48667	735.456	-71.199	1733.485	765.642	-158.775	1904.481	789.499	-11.154	1843.561	803.126	-151.698	1739.928	668.935	-78.044	1848.735	702.285	-183.945	1794.285
2848	9.49000	730.606	-73.048	1738.221	757.273	-161.255	1909.573	782.541	-13.432	1849.664	797.861	-153.670	1745.697	661.962	-80.102	1852.402	696.026	-185.886	1798.171
2849	9.49333	725.807	-74.689	1742.886	749.048	-163.601	1914.578	775.751	-15.542	1855.552	792.766	-155.564	1751.539	655.131	-82.048	1855.979	689.760	-187.672	1801.901
2850	9.49667	721.210	-76.339	1747.278	740.968	-165.713	1919.289	769.153	-17.683	1861.188	787.644	-157.484	1757.062	648.528	-83.718	1859.421	683.641	-189.296	1805.660
2851	9.50000	716.812	-77.934	1751.569	733.093	-167.710	1923.886	762.693	-19.523	1866.612	782.550	-159.354	1762.458	642.080	-85.298	1862.720	677.619	-190.872	1809.272
2852	9.50333	712.277	-79.392	1755.780	725.415	-169.524	1928.238	756.594	-21.417	1871.707	777.544	-161.130	1767.643	635.934	-86.686	1865.880	671.699	-192.307	1812.725
2853	9.50667	707.890	-80.824	1759.789	718.088	-171.190	1932.341	750.704	-23.195	1876.502	772.648	-162.817	1772.587	629.961	-87.863	1868.885	666.018	-193.577	1816.092
2854	9.51000	703.514	-82.135	1763.558	711.095	-172.651	1936.146	744.710	-24.595	1880.827	767.791	-164.467	1777.112	624.196	-89.022	1871.637	660.460	-194.765	1819.187
2855	9.51333	699.267	-83.392	1767.021	704.433	-174.008	1939.696	739.336	-26.048	1884.825	763.048	-166.017	1781.267	618.662	-89.992	1874.269	655.023	-195.882	1822.114
2856	9.51667	694.984	-84.569	1770.243	698.099	-175.146	1942.895	734.149	-27.354	1888.371	758.297	-167.431	1785.044	613.436	-90.835	1876.721	649.785	-196.863	1824.869
2857	9.52000	690.715	-85.595	1773.129	692.238	-176.248	1945.855	729.145	-28.462	1891.543	753.643	-168.758	1788.401	608.454	-91.545	1878.996	644.653	-197.726	1827.425
2858	9.52333	686.568	-86.552	1775.698	686.740	-177.153	1948.492	724.518	-29.582	1894.269	749.068	-169.964	1791.364	603.775	-92.107	1881.123	639.783	-198.512	1829.775
2859	9.52667	682.533	-87.439	1777.869	681.727	-177.919	1950.818	720.224	-30.505	1896.517	744.973	-170.609	1793.746	599.327	-92.618	1882.968	635.114	-199.175	1831.884
2860	9.53000	678.637	-88.226	1779.724	677.117	-178.500	1952.838	716.248	-31.239	1898.427	740.569	-171.706	1795.923	595.218	-92.959	1884.726	630.672	-199.760	1833.841
2861	9.53333	674.845	-88.980	1781.260	672.930	-178.892	1954.478	712.474	-31.758	1899.827	736.485	-172.658	1797.577	591.481	-93.198	1886.267	626.461	-200.241	1835.514
2862	9.53667	671.177	-89.668	1782.447	669.193	-179.227	1955.946	709.686	-32.702	1900.723	732.752	-173.353	1798.637	587.939	-93.310	1887.501	622.391	-200.644	1837.003
2863	9.54000	667.706	-90.339	1783.260	665.862	-179.429	1957.031	706.479	-32.950	1901.359	728.631	-174.355	1799.776	584.796	-93.378	1888.541	618.565	-200.943	1838.242
2864	9.54333	664.420	-90.954	1783.761	662.878	-179.462	1957.853	704.139	-33.542	1901.460	725.308	-175.030	1800.166	581.943	-93.253	1889.428	614.997	-201.230	1839.347
2865	9.54667	661.257	-91.525	1783.955	660.374	-179.407	1958.385	701.819	-33.816	1901.272	721.641	-176.038	1800.446	579.368	-93.154	1890.017	611.708	-201.426	1840.201
2866	9.55000	658.303	-92.050	1783.831	658.193	-179.293	1958.610	699.590	-33.887	1900.635	718.380	-176.822	1800.270	577.113	-92.875	1890.369	608.647	-201.498	1840.822
2867	9.55333	655.564	-92.541	1783.394	656.380	-179.005	1958.498	698.159	-34.190	1899.626	715.284	-177.559	1799.746	575.168	-92.570	1890.559	605.830	-201.550	1841.259
2868	9.55667	653.002	-93.089	1782.626	654.893	-178.621	1958.153	696.972	-34.385	1898.256	712.449	-178.230	1798.912	573.546	-92.122	1890.468	603.266	-201.551	1841.484
2869	9.56000	650.678	-93.599	1781.557	653.771	-178.161	1957.651	696.001	-34.505	1896.476	709.796	-178.925	1797.833	572.169	-91.648	1890.096	600.883	-201.545	1841.462
2870	9.56333	648.487	-94.176	1780.320	652.901	-177.520	1956.791	695.093	-34.468	1894.267	707.361	-179.743	1796.550	571.143	-91.128	1889.525	598.753	-201.438	1841.390
2871	9.56667	646.540	-94.774	1778.665	652.400	-176.884	1955.802	694.497	-34.377	1891.700	705.111	-180.527	1795.034	570.314	-90.524	1888.664	597.133	-201.660	1840.890
2872	9.57000	644.742	-95.379	1776.830	652.183	-176.177	1954.532	694.409	-34.441	1888.880	703.104	-181.308	1793.160	569.776	-89.974	1887.582	595.486	-201.413	1840.446
2873	9.57333	643.088	-96.031	1774.671	652.295	-175.381	1952.935	694.166	-34.271	1885.646	701.262	-182.027	1791.018	569.453	-89.373	1886.285	594.108	-201.394	1839.644
2874	9.57667	641.652	-96.746	1772.281	652.592	-174.630	1951.089	694.300	-34.268	1882.185	699.632	-182.701	1788.632	569.385	-88.812	1884.709	593.019	-201.448	1838.810
2875	9.58000	640.359	-97.373	1769.762	653.190	-173.854	1949.000	694.644	-34.295	1878.410	698.121	-183.526	1786.096	569.565	-88.268	1882.913	592.037	-201.364	1837.586
2876	9.58333	639.192	-98.169	1766.840	654.101	-173.179	1946.670	694.991	-34.277	1874.372	696.824	-184.307	1783.287	569.898	-87.830	1880.951	591.358	-201.385	1836.301
2877	9.58667	638.167	-98.852	1763.817	655.234	-172.556	1944.008	695.207	-34.130	1870.153	695.707	-185.134	1780.183	570.491	-87.413	1878.801	590.845	-201.445	1834.726
2878	9.59000	637.196	-99.630	1760.516	656.696	-172.084	1941.043	695.792	-34.190	1865.615	694.743	-185.960	1776.788	571.318	-87.048	1876.462	590.578	-201.539	1832.900
2879	9.59333	636.350	-100.471	1757.081	658.402	-171.662	1937.817	696.647	-34.353	1860.794	693.886	-186.738	1772.985	572.349	-86.827	1873.953	590.525	-201.689	1830.899
2880	9.59667	635.603	-101.296	1753.335	660.349	-171.342	1934.255	697.691	-34.656	1855.700	693.023	-187.731	1769.061	573.558	-86.641	1871.220	590.556	-201.903	1828.685
2881	9.60000	634.856	-102.271	1749.423	662.510	-171.147	1930.424	698.973	-35.149	1850.344	691.861	-189.093	1765.244	574.964	-86.489	1868.289	590.737	-202.288	1826.212
2882	9.60333	634.132	-103.248	1745.357	664.901	-171.082	1926.299	700.398	-35.788	1844.598	691.134	-190.224	1760.737	576.564	-86.396	1865.221	591.056	-202.693	1823.685
2883	9.60667	633.371	-104.383	1741.159	667.542	-171.133	1921.921	701.860	-36.514	1838.541	690.380	-191.488	1756.040	578.341	-86.504	1861.936	591.481	-203.111	1821.007
2884	9.61000	632.552	-105.553	1736.884	670.346	-171.240	1917.193	703.479	-37.409	1832.226	689.614	-192.891	1751.087	580.246	-86.577	1858.499	592.176	-203.324	1818.076
2885	9.61333	631.702	-106.835	1732.430	673.342	-171.531	1912.202	705.155	-38.457	1825.611	688.702	-194.484	1745.767	582.327	-86.791	1854.928	592.735	-203.790	1815.060
2886	9.61667	630.779	-108.201	1727.919	676.340	-172.000	1906.925	706.947	-39.822	1818.626	687.608	-196.210	1740.489	585.156	-87.499	1851.073	593.310	-204.411	1811.935
2887	9.62000	629.866	-109.677	1723.484	679.456	-172.657	1901.438	709.549	-41.832	1811.248	686.442	-198.065	1735.005	587.289	-87.842	1847.214	593.757	-204.992	1808.748
2888	9.62333	628.876	-111.332	1718.746	682.525	-173.546	1895.696	711.328	-43.585	1803.873	685.039	-200.075	1729.258	589.550	-88.341	1843.251	594.253	-205.854	1805.414
2889	9.62667	627.832	-113.037	1713.937	685.594	-174.639	1889.762	712.888	-45.462	1796.416	683.518	-202.215	1723.545	591.839	-89.042	1839.085	594.691	-206.662	1802.088
2890	9.63000	626.658	-114.821	1709.003	688.461	-175.964	1883.642	714.494	-47.610	1788.896	681.864	-204.242	1717.723	593.984	-89.765	1834.916	595.025	-207.529	1798.421
2891	9.63333	625.390	-116.663	1704.172	691.191	-177.517	1877.401	716.021	-49.992	1781.353	679.965	-206.562	1711.712	596.154	-90.623	1830.702	595.316	-209.469	1795.101
2892	9.63667	624.062	-118.575	1699.370	693.679	-179.246	1871.100	717.389	-52.504	1773.824	677.995	-208.825	1705.762	598.313	-91.681	1826.430	595.424	-210.405	1791.452
2893	9.64000	622.655	-120.599	1694.664	695.885	-181.160	1864.864	718.367	-55.093	1766.339	675.766	-211.310	1700.050	600.357	-92.815	1822.000	595.419	-210.953	1787.878
2894	9.64333	621.157	-122.699	1689.957	697.884	-183.125	1858.668	719.250	-57.836	1758.945	673.357	-214.030	1694.551	601.977	-93.790	1817.663	596.043	-213.360	1784.149
2895	9.64667	619.594	-124.911	1685.408	699.577	-185.233	1852.658	719.894	-60.688	1751.708	670.886	-216.855	1689.342	603.539	-94.899	1813.315	595.531	-214.317	1780.593
2896	9.65000	617.920	-127.157	1680.953	700.922	-187.348	1846.723	719.908	-63.182	1744.980	668.288	-219.574	1684.251	605.078	-96.313	1808.917	595.099	-215.701	1777.166
2897	9.65333	616.175	-129.503	1676.630	702.026	-189.523	1840.997	720.309	-66.378	1737.933	665.580	-222.436	1679.391	606.231	-97.508	1804.634	594.521	-217.131	1773.999
2898	9.65667	614.288	-131.820	1672.427	702.719	-191.662	1835.485	720.179	-69.389	1731.248	662.721	-225.388	1674.859	607.235	-98.869	1800.367	593.569	-218.424	1770.856
2899	9.66000	612.297	-134.150	1668.351	703.101	-193.789	1830.307	719.921	-72.590	1724.640	659.754	-228.398	1670.664	607.861	-100.126	1796.205	592.443	-219.747	1768.001
2900	9.66333	610.114	-136.395	1664.330	703.092	-195.866	1825.439	719.414	-75.848	1718.353	656.640	-231.521	1666.945	608.281	-101.453	1792.038	591.093	-221.105	1765.269
2901	9.66667	607.980	-139.614	1661.151	702.777	-197.938	1820.912	718.630	-79.141	1712.386	653.398	-234.542	1663.481	608.407	-102.777	1788.024	589.542	-222.422	1762.742
2902	9.67000	605.504	-142.135	1657.754	702.055	-199.903	1816.685	717.619	-82.521	1706.721	650.040	-237.695	1660.344	608.179	-104.035	1784.294	587.648	-223.585	1760.531
2903	9.67333	602.881	-144.928	1654.794	701.026	-201.829	1812.925	716.161	-85.811	1701.409	646.503	-240.942	1657.244	607.661	-105.217	1780.855	585.597	-224.838	1758.629
2904	9.67667	599.999	-147.633	1652.035	699.564	-203.718	1809.496	714.657	-89.338	1696.417	642.580	-244.208	1655.288	606.852	-106.556	1777.439	582.121	-225.881	1757.517
2905	9.68000	596.881	-150.268	1649.720	697.707	-205.519	1806.565	712.496	-92.574	1691.975	638.247	-247.372	1654.034	605.059	-107.262	1774.718	579.288	-227.130	1756.033
2906	9.68333	593.589	-152.860	1647.783	695.443	-207.402	1804.098	710.318	-96.148	1687.968	633.922	-250.298	1652.696	603.487	-108.497	1772.041	575.917	-228.206	1755.255
2907	9.68667	590.011	-155.344	1646.203	692.741	-209.286	1802.097	707.415	-99.355	1684.627	628.951	-253.326	1652.205	601.464	-109.611	1769.887	572.347	-229.315	1754.560
2908	9.69000	586.253	-157.724	1645.032	689.578	-211.184	1800.643	704.868	-102.851	1681.839	623.993	-256.106	1651.715	599.018	-110.571	1768.164	568.312	-230.299	1754.543
2909	9.69333	582.292	-159.869	1644.348	685.956	-213.084	1799.797	701.691	-106.042	1679.828	618.773	-258.652	1651.763	596.383	-111.733	1766.837	563.889	-231.224	1754.473
2910	9.69667	578.049	-161.914	1644.024	681.799	-214.853	1799.478	698.036	-109.072	1678.559	613.005	-261.409	1652.420	593.220	-112.720	1765.982	559.133	-232.065	1755.222
2911	9.70000	573.484	-164.010	1644.454	677.224	-216.527	1799.831	694.722	-112.223	1677.843	607.606	-263.455	1653.309	589.664	-113.717	1765.723	554.254	-232.857	1755.903
2912	9.70333	568.926	-165.611	1645.029	672.229	-217.977	1800.893	690.600	-114.796	1678.044	601.922	-265.486	1654.807	585.614	-114.534	1765.930	548.960	-233.517	1757.051
2913	9.70667	564.250	-167.036	1646.234	666.813	-219.207	1802.635	685.985	-116.920	1679.060	596.355	-267.159	1656.801	581.065	-115.211	1766.763	543.239	-233.985	1758.907
2914	9.71000	559.345	-168.313	1647.900	660.975	-220.191	1804.981	681.246	-118.961	1680.850	590.669	-268.631	1659.259	576.046	-115.781	1768.160	537.404	-234.442	1761.040
2915	9.71333	554.330	-169.474	1650.094	654.710	-220.840	1808.047	676.158	-120.442	1683.511	585.051	-269.840	1662.066	570.542	-116.251	1770.085	527.107	-232.253	1764.885
2916	9.71667	549.216	-170.316	1652.710	648.052	-221.263	1811.765	670.784	-121.653	1687.004	579.507	-270.748	1665.514	564.482	-116.607	1772.599	520.933	-232.615	1767.616
2917	9.72000	543.873	-170.997	1655.833	640.920	-221.410	1816.233	665.084	-122.333	1691.341	573.933	-271.446	1669.376	557.956	-116.798	1775.785	514.281	-232.775	1770.741
2918	9.72333	538.501	-171.298	1659.566	633.293	-221.300	1821.330	659.031	-122.427	1696.610	568.379	-271.806	1673.715	550.900	-116.933	1779.504	507.276	-232.801	1774.341
2919	9.72667	532.944	-171.422	1663.806	625.252	-220.945	1827.146	652.611	-122.166	1702.681	562.987	-271.763	1678.588	543.234	-116.852	1783.817	499.986	-232.876	1778.191
2920	9.73000	527.142	-171.199	1668.514	616.678	-220.408	1833.554	645.765	-121.530	1709.589	557.396	-271.444	1683.795	535.006	-116.603	1788.708	492.183	-232.715	1782.487
2921	9.73333	521.097	-170.788	1673.669	607.546	-219.634	1840.538	639.764	-121.164	1717.044	551.532	-271.020	1689.533	526.201	-116.200	1794.208	484.145	-232.542	1787.040
2922	9.73667	514.897	-169.977	1679.254	597.900	-218.743	1848.045	631.984	-119.551	1725.685	545.794	-270.116	1695.717	516.344	-115.377	1800.228	475.758	-232.359	1791.873
2923	9.74000	508.374	-168.947	1685.421	587.678	-217.617	1856.053	623.602	-117.401	1735.023	539.967	-268.841	1702.034	506.367	-114.804	1806.843	466.847	-231.964	1796.992
2924	9.74333	501.615	-167.542	1692.018	576.953	-216.355	1864.506	614.657	-114.931	1745.129	533.971	-267.121	1709.130	495.733	-114.081	1813.734	457.705	-231.580	1802.480
2925	9.74667	494.495	-165.867	1699.093	565.713	-214.931	1873.366	605.278	-112.129	1755.722	527.879	-265.012	1716.594	484.579	-113.415	1821.080	448.095	-231.025	1808.084
2926	9.75000	486.934	-163.862	1706.581	553.890	-213.303	1882.591	594.846	-108.627	1767.018	521.530	-262.494	1724.276	472.770	-112.540	1828.695	438.092	-230.324	1814.103
2927	9.75333	478.922	-161.359	1714.540	541.525	-211.572	1891.988	583.892	-104.934	1778.777	514.952	-259.614	1732.287	460.223	-111.486	1836.625	427.880	-229.661	1820.250
2928	9.75667	470.515	-158.756	1722.777	528.447	-209.590	1901.712	572.137	-100.866	1791.041	508.105	-256.321	1740.803	446.984	-110.375	1844.796	426.609	-231.872	1824.094
2929	9.76000	461.786	-155.839	1731.399	514.844	-207.394	1911.696	559.607	-96.543	1803.674	501.050	-252.542	1749.615	433.137	-109.219	1853.156	416.070	-231.023	1830.338
2930	9.76333	452.571	-152.586	1740.236	500.605	-205.033	1921.848	546.043	-91.611	1816.764	493.693	-248.585	1759.016	418.741	-108.241	1861.467	405.768	-230.294	1836.792
2931	9.76667	443.061	-149.061	1749.184	485.773	-202.597	1932.209	531.887	-86.650	1830.119	486.055	-244.266	1768.688	403.611	-107.125	1869.976	394.049	-229.363	1843.349
2932	9.77000	433.224	-145.592	1758.706	470.256	-199.918	1942.522	516.834	-81.449	1843.782	478.246	-239.456	1778.661	387.845	-106.061	1878.428	382.796	-228.314	1850.109
2933	9.77333	423.109	-141.823	1768.407	454.071	-197.304	1952.956	500.806	-75.957	1857.758	470.089	-234.228	1789.009	371.629	-105.275	1886.658	370.999	-227.336	1856.552
2934	9.77667	412.553	-137.625	1778.340	437.232	-194.637	1963.258	483.747	-70.259	1871.958	462.044	-228.072	1799.695	354.694	-104.449	1894.765	359.069	-226.281	1862.883
2935	9.78000	401.568	-133.097	1788.425	419.651	-192.065	1973.481	465.503	-64.385	1886.289	453.132	-222.351	1810.963	337.485	-104.008	1902.316	348.768	-224.038	1869.004
2936	9.78333	390.193	-128.327	1798.628	401.436	-189.454	1983.575	446.450	-58.723	1900.530	444.254	-215.538	1822.323	319.575	-103.440	1909.727	338.120	-221.626	1875.181
2937	9.78667	378.380	-123.422	1808.844	382.660	-186.920	1993.380	426.347	-53.136	1914.518	434.461	-209.286	1834.290	301.320	-103.214	1916.617	326.357	-220.238	1881.496
2938	9.79000	366.204	-118.315	1819.108	363.368	-184.417	2002.794	405.317	-47.682	1928.161	425.111	-201.392	1845.958	282.704	-102.947	1922.946	314.355	-218.134	1887.724
2939	9.79333	353.626	-113.098	1829.313	343.564	-181.964	2011.800	383.269	-42.327	1941.290	415.332	-193.398	1858.193	263.761	-102.898	1928.380	302.603	-216.010	1893.589
2940	9.79667	340.563	-107.745	1839.374	323.349	-179.493	2020.108	360.413	-37.260	1953.676	403.490	-186.271	1870.962	244.671	-102.705	1933.546	290.798	-213.661	1899.252
2941	9.80000	325.901	-101.441	1849.370	302.859	-177.193	2027.954	336.738	-32.514	1965.234	391.742	-178.046	1883.740	225.361	-102.479	1938.029	278.965	-211.107	1904.985
2942	9.80333	312.543	-96.297	1858.767	282.181	-175.044	2035.037	312.505	-28.144	1975.780	379.288	-169.407	1896.227	205.901	-102.181	1941.787	267.202	-208.318	1910.479
2943	9.80667	298.150	-90.659	1867.800	261.487	-173.055	2041.326	287.712	-24.299	1985.270	366.083	-160.882	1908.464	185.816	-102.791	1944.798	255.528	-205.218	1915.760
2944	9.81000	283.377	-84.901	1876.360	240.791	-171.106	2046.780	262.543	-20.501	1993.594	352.130	-152.152	1920.281	166.618	-102.504	1946.889	243.816	-201.931	1920.897
2945	9.81333	267.319	-78.477	1884.542	220.254	-169.130	2051.402	237.242	-17.111	2000.784	337.507	-143.283	1931.604	152.052	-104.139	1948.635	232.087	-198.700	1925.583
2946	9.81667	251.805	-72.653	1891.941	199.877	-167.109	2055.245	211.651	-13.831	2006.708	322.351	-134.573	1942.415	134.830	-104.689	1949.154	220.409	-194.931	1930.086
2947	9.82000	236.230	-66.973	1898.622	179.795	-165.023	2058.357	181.805	-9.807	2012.570	306.768	-125.931	1952.747	117.672	-104.356	1949.634	208.715	-191.072	1934.432
2948	9.82333	220.558	-61.297	1904.452	159.296	-162.662	2061.087	161.298	-8.010	2014.861	291.230	-118.508	1962.503	101.378	-104.263	1949.019	197.042	-187.252	1938.430
2949	9.82667	204.858	-55.481	1909.865	140.062	-160.290	2062.694	137.478	-5.240	2016.840	274.983	-110.153	1971.411	82.193	-103.453	1947.417	191.806	-177.489	1940.430
2950	9.83000	189.650	-49.871	1914.610	121.056	-157.652	2063.653	114.429	-2.693	2017.661	258.603	-102.539	1979.661	68.831	-103.227	1946.493	181.209	-172.317	1944.238
2951	9.83333	174.689	-44.290	1918.512	102.764	-154.868	2063.848	92.726	-0.485	2017.093	242.282	-94.491	1987.079	55.472	-102.274	1944.747	169.977	-167.194	1947.410
2952	9.83667	159.982	-38.633	1921.745	85.301	-151.910	2063.328	71.496	1.886	2016.045	226.121	-86.995	1993.830	41.885	-101.233	1942.060	150.563	-166.871	1951.415
2953	9.84000	145.491	-32.659	1924.299	68.636	-148.898	2062.244	50.904	4.480	2013.895	210.091	-79.448	1999.909	29.426	-99.759	1939.321	139.400	-161.011	1953.566
2954	9.84333	131.308	-26.385	1926.444	52.843	-145.559	2060.718	31.132	7.428	2011.396	190.751	-63.730	2003.448	16.854	-97.726	1936.588	129.041	-154.962	1955.548
2955	9.84667	117.618	-19.836	1928.029	38.242	-142.089	2058.796	17.561	15.380	2007.771	175.084	-54.931	2007.792	6.162	-95.507	1933.133	119.081	-148.617	1957.460
2956	9.85000	104.778	-13.091	1929.098	24.456	-138.219	2056.651	-0.121	18.503	2003.611	160.266	-46.269	2011.719	-3.890	-92.897	1929.631	109.951	-141.374	1958.912
2957	9.85333	92.181	-5.996	1929.807	11.787	-133.834	2054.469	-21.849	14.550	2000.551	146.007	-37.555	2015.104	-13.114	-89.842	1926.302	101.916	-133.934	1960.238
2958	9.85667	79.921	1.826	1930.242	0.024	-128.654	2052.284	-37.148	18.499	1996.313	131.465	-27.224	2017.742	-21.768	-86.082	1921.833	93.921	-125.531	1961.713
2959	9.86000	68.113	10.263	1930.228	-10.687	-122.819	2050.309	-52.770	21.716	1991.503	117.110	-16.025	2019.901	-29.465	-82.160	1918.962	86.028	-116.215	1963.414
2960	9.86333	55.922	19.891	1930.086	-20.615	-115.935	2048.487	-67.047	25.826	1986.751	103.311	-4.179	2021.649	-36.369	-76.956	1916.490	78.656	-105.813	1965.197
2961	9.86667	45.126	29.538	1929.570	-29.575	-108.185	2047.129	-80.211	30.803	1981.813	90.011	8.543	2023.006	-41.976	-70.873	1915.647	71.596	-94.630	1967.139
2962	9.87000	26.364	43.391	1929.992	-38.047	-99.170	2045.973	-92.064	36.764	1976.807	77.251	22.066	2023.940	-47.696	-64.079	1913.693	65.122	-82.526	1969.315
2963	9.87333	16.894	54.369	1929.000	-46.099	-88.919	2045.251	-103.049	43.675	1971.812	65.008	36.411	2024.603	-52.813	-56.409	1912.442	58.708	-69.609	1971.646
2964	9.87667	7.372	66.217	1927.881	-53.600	-77.589	2045.093	-113.118	51.691	1966.820	53.276	51.500	2024.888	-57.708	-47.747	1911.313	52.449	-55.698	1974.206
2965	9.88000	-1.710	78.934	1926.580	-61.326	-64.357	2045.393	-122.894	59.931	1961.577	42.072	67.519	2024.871	-62.268	-38.163	1910.881	46.285	-40.904	1976.952
2966	9.88333	-10.444	92.367	1925.236	-68.735	-49.841	2045.948	-131.276	70.653	1956.951	31.380	84.383	2024.537	-66.597	-27.499	1910.901	40.141	-25.117	1979.827
2967	9.88667	-7.018	101.103	1923.050	-76.031	-33.868	2046.977	-139.025	82.792	1952.470	21.303	102.116	2023.759	-70.919	-16.134	1911.045	33.108	-8.188	1982.972
2968	9.89000	-18.143	118.725	1923.959	-83.116	-16.562	2048.404	-146.186	96.307	1948.340	11.756	120.767	2022.662	-74.521	-2.138	1912.666	27.187	9.527	1986.042
2969	9.89333	-21.082	130.526	1918.827	-90.095	2.227	2050.239	-152.775	110.967	1944.511	2.721	140.408	2021.084	-78.611	11.851	1914.132	21.632	27.960	1989.210
2970	9.89667	-27.692	146.349	1916.983	-96.937	22.481	2052.469	-159.168	126.100	1941.069	-5.767	160.914	2019.152	-82.725	27.085	1916.659	15.690	47.509	1992.344
2971	9.90000	-34.121	162.784	1914.950	-103.811	44.051	2055.084	-165.456	141.455	1938.149	-13.855	182.246	2016.712	-87.102	43.037	1919.316	9.652	68.065	1995.526
2972	9.90333	-40.209	179.814	1912.886	-110.690	66.975	2057.740	-172.281	155.933	1936.004	-21.218	204.024	2013.766	-91.554	59.924	1922.348	3.638	89.512	1998.632
2973	9.90667	-45.967	198.974	1912.178	-117.461	91.349	2060.485	-178.106	173.908	1933.540	-28.945	227.038	2010.562	-96.304	77.792	1925.642	-2.433	111.883	2001.544
2974	9.91000	-51.959	215.046	1908.382	-124.136	116.948	2063.105	-183.824	192.649	1931.255	-36.015	250.468	2006.863	-101.223	96.861	1929.238	-8.583	135.056	2004.341
2975	9.91333	-57.692	233.799	1906.335	-130.896	143.867	2065.543	-189.803	211.815	1929.287	-43.007	274.551	2002.818	-106.467	116.929	1933.008	-14.764	159.257	2006.996
2976	9.91667	-63.383	253.115	1904.099	-137.713	171.948	2067.730	-195.666	232.122	1927.421	-49.937	299.345	1998.482	-112.437	138.055	1937.027	-21.185	184.353	2009.387
2977	9.92000	-69.049	273.207	1901.792	-144.608	200.903	2069.406	-201.534	253.674	1925.689	-58.336	325.572	1994.268	-118.277	160.134	1941.201	-31.833	212.193	2012.506
2978	9.92333	-74.801	293.954	1899.531	-151.775	231.325	2070.728	-207.456	276.122	1924.029	-64.510	351.204	1989.206	-124.402	183.313	1945.434	-38.169	238.861	2014.101
2979	9.92667	-80.517	315.549	1897.097	-159.023	262.698	2071.538	-213.488	299.604	1922.237	-72.224	377.914	1984.566	-130.426	207.550	1949.202	-45.127	266.516	2015.562
2980	9.93000	-86.343	337.822	1894.499	-166.408	295.038	2071.688	-220.368	322.579	1920.556	-78.835	404.708	1979.135	-135.930	235.518	1952.953	-52.145	294.992	2016.507
2981	9.93333	-96.309	373.370	1890.238	-173.657	328.572	2071.251	-226.981	347.433	1918.471	-85.116	431.905	1973.338	-144.097	259.973	1956.642	-56.519	323.004	2016.311
2982	9.93667	-102.496	396.447	1887.265	-181.100	362.667	2070.282	-233.834	373.078	1916.458	-90.854	459.427	1967.099	-151.548	287.591	1959.572	-62.867	352.645	2016.132
2983	9.94000	-109.096	420.427	1884.135	-188.391	397.625	2068.613	-240.865	399.871	1914.305	-97.077	487.607	1960.514	-159.278	316.293	1962.226	-69.315	383.067	2015.270
2984	9.94333	-116.261	445.439	1881.012	-195.957	433.526	2066.648	-248.205	427.776	1912.141	-103.602	516.491	1953.520	-167.129	346.210	1964.724	-76.996	415.162	2013.867
2985	9.94667	-123.879	471.126	1877.463	-203.247	470.373	2063.705	-255.937	456.631	1909.680	-110.506	545.998	1945.969	-175.594	377.327	1966.807	-83.978	447.524	2011.634
2986	9.95000	-131.584	497.276	1873.271	-209.970	508.941	2059.561	-264.160	486.411	1906.909	-116.824	575.677	1937.418	-183.094	409.074	1968.171	-91.540	481.341	2008.324
2987	9.95333	-140.346	525.016	1868.717	-217.240	547.485	2054.804	-272.868	517.164	1903.802	-124.243	606.475	1928.447	-192.025	443.033	1968.535	-99.184	515.938	2004.133
2988	9.95667	-149.838	553.983	1863.233	-224.517	586.639	2049.026	-282.047	548.996	1900.302	-132.102	638.044	1918.608	-201.028	477.375	1967.288	-107.241	551.611	1998.427
2989	9.96000	-160.287	583.959	1857.078	-231.577	626.715	2042.183	-291.699	582.045	1896.307	-140.668	670.403	1907.792	-211.398	514.638	1965.559	-115.425	587.988	1991.507
2990	9.96333	-171.855	616.251	1849.659	-238.664	667.220	2033.994	-301.764	616.417	1891.532	-151.998	704.830	1896.568	-220.985	551.992	1962.212	-123.730	625.067	1982.865
2991	9.96667	-183.278	648.866	1840.786	-245.622	708.364	2024.319	-312.184	652.129	1885.452	-161.598	739.002	1883.323	-230.410	590.188	1956.820	-132.207	662.783	1972.518
2992	9.97000	-195.109	682.599	1830.320	-252.578	750.095	2012.811	-322.806	689.078	1877.712	-171.373	773.966	1868.782	-240.425	629.773	1949.494	-140.796	700.955	1960.107
2993	9.97333	-207.231	717.425	1817.906	-258.893	792.527	1999.150	-333.504	727.237	1868.099	-181.395	809.703	1852.670	-250.360	670.061	1939.828	-149.531	739.569	1945.495
2994	9.97667	-219.610	753.225	1803.104	-265.724	834.438	1983.315	-344.207	766.431	1856.308	-191.702	846.264	1834.270	-260.407	711.166	1927.429	-157.347	777.335	1928.507
2995	9.98000	-231.971	790.536	1786.054	-271.960	876.600	1965.345	-354.781	806.748	1842.185	-202.023	883.642	1814.058	-270.125	753.685	1912.073	-165.997	816.537	1909.332
2996	9.98333	-244.219	828.918	1765.923	-277.949	918.192	1944.715	-364.978	847.736	1825.147	-212.260	921.899	1791.644	-279.629	795.325	1893.356	-174.611	855.832	1886.978
2997	9.98667	-255.867	868.221	1742.444	-283.395	958.876	1921.498	-374.630	888.673	1804.587	-222.007	960.939	1766.775	-288.647	836.618	1870.832	-183.121	894.916	1861.511
2998	9.99000	-267.288	908.583	1714.892	-288.026	997.671	1894.866	-383.511	930.893	1780.379	-231.641	1000.665	1738.941	-296.841	876.871	1844.378	-190.730	932.866	1832.214
2999	9.99333	0.000	0.000	0.000	-291.914	1034.748	1865.501	-392.055	972.095	1752.740	-240.060	1040.350	1708.049	-303.891	915.253	1813.774	-197.727	969.828	1798.881
3000	9.99667	-287.188	988.132	1648.891	-294.689	1069.592	1833.085	-400.271	1012.828	1722.338	-244.656	1077.700	1673.889	-308.960	950.946	1779.598	-203.905	1005.661	1761.567
3001	10.00000	-297.661	1029.726	1609.927	-295.769	1100.256	1797.607	-408.474	1054.221	1688.752	-251.767	1117.143	1637.429	-313.429	985.115	1741.062	-209.277	1040.360	1719.422
3002	10.00333	-308.427	1073.036	1567.428	-296.652	1130.525	1759.854	-415.298	1094.987	1652.861	-260.007	1158.464	1598.371	-316.765	1016.468	1696.516	-214.264	1073.396	1672.336
3003	10.00667	-320.919	1121.080	1521.789	-296.134	1158.553	1718.540	-421.556	1136.496	1614.983	-271.418	1203.943	1558.278	-320.778	1046.377	1643.791	-220.380	1107.408	1621.256
3004	10.01000	-331.747	1170.939	1474.792	-294.701	1183.926	1674.313	-425.892	1176.722	1575.512	-278.194	1248.293	1516.946	-325.914	1079.899	1585.803	-225.835	1144.009	1565.250
3005	10.01333	-345.210	1220.786	1430.529	-291.833	1207.439	1626.286	-429.429	1214.865	1536.096	-284.845	1293.534	1476.888	-339.800	1114.634	1533.228	-233.129	1184.576	1507.834
3006	10.01667	-354.834	1275.513	1386.392	-288.927	1231.284	1575.208	-432.593	1251.737	1496.747	-291.190	1337.435	1438.280	-333.355	1157.915	1466.033	-244.531	1228.983	1450.968
3007	10.02000	-365.646	1325.566	1346.078	-287.204	1255.402	1522.417	-434.991	1286.188	1458.378	-296.767	1379.347	1400.460	-341.112	1197.807	1405.759	-250.920	1270.138	1394.686
3008	10.02333	-372.825	1373.045	1306.846	-286.173	1281.490	1467.294	-436.768	1319.996	1419.225	-301.012	1420.564	1362.956	-349.201	1240.039	1348.626	-251.658	1307.375	1340.138
3009	10.02667	-378.950	1423.759	1268.208	-285.348	1308.277	1410.739	-437.077	1365.323	1375.731	-305.524	1460.960	1326.265	-359.543	1282.835	1292.873	-259.474	1350.147	1286.426
3010	10.03000	-386.966	1470.422	1232.189	-282.608	1342.833	1349.488	-438.586	1397.581	1335.162	-308.584	1497.791	1290.924	-367.970	1328.019	1235.704	-266.807	1393.144	1233.704
3011	10.03333	-393.591	1515.408	1198.343	-287.655	1368.127	1291.907	-439.569	1429.342	1293.757	-312.639	1535.346	1254.235	-376.603	1374.067	1180.903	-274.574	1438.133	1182.201
3012	10.03667	-401.841	1558.918	1165.658	-286.669	1403.333	1229.609	-440.136	1460.666	1251.023	-316.463	1571.363	1217.341	-385.807	1421.115	1127.671	-284.990	1486.403	1132.326
3013	10.04000	-407.085	1599.989	1133.863	-290.216	1436.559	1168.201	-440.699	1491.440	1207.417	-318.938	1604.786	1180.733	-395.772	1468.697	1076.704	-293.289	1531.819	1084.144
3014	10.04333	-411.599	1638.920	1102.011	-297.739	1469.530	1108.058	-441.216	1521.521	1163.130	-322.247	1638.057	1143.366	-405.281	1516.688	1027.792	-300.983	1576.937	1037.652
3015	10.04667	-406.432	1674.334	1076.779	-303.743	1505.589	1046.936	-441.280	1550.726	1117.718	-309.139	1655.192	1108.287	-414.488	1563.481	980.833	-309.698	1622.467	993.491
3016	10.05000	-414.806	1704.878	1049.517	-308.124	1544.223	985.803	-442.943	1570.283	1074.319	-312.333	1687.445	1068.319	-422.358	1615.711	934.721	-328.258	1677.367	947.756
3017	10.05333	-415.330	1736.883	1016.774	-314.952	1582.958	926.259	-443.348	1599.632	1026.843	-313.477	1717.002	1027.943	-430.717	1665.650	891.213	-335.344	1722.048	906.276
3018	10.05667	-414.521	1768.914	982.103	-322.012	1622.922	868.333	-445.812	1633.913	976.915	-313.120	1745.200	986.549	-439.650	1713.010	850.479	-340.679	1765.114	866.971
3019	10.06000	-410.947	1798.439	947.796	-330.022	1671.144	810.508	-446.200	1666.152	926.924	-312.470	1772.385	943.960	-448.587	1759.548	811.551	-336.369	1803.931	829.632
